root	leaf	logFC_root_leaf	PValue_root_leaf	FDR_root_leaf
AT1TE00010	386.064120212589	240.265891428848	0.626371996020459	0.730183750304865	1
AT1TE00020	0	0	0	1	1
AT1TE00025	0	0	0	1	1
AT1TE00030	0	0	0	1	1
AT1TE00150	0	0	0	1	1
AT1TE00220	0	0	0	1	1
AT1TE00225	331.789189527859	439.703357252954	-0.399829894600115	0.33051951752559	1
AT1TE00470	0	77.3414772958031	-2.35098263649228	0.999999999999998	1
AT1TE00600	0	0	0	1	1
AT1TE00605	0	0	0	1	1
AT1TE00610	0	0	0	1	1
AT1TE00660	0	0	0	1	1
AT1TE00665	0	0	0	1	1
AT1TE00670	0	0	0	1	1
AT1TE00680	0	0	0	1	1
AT1TE00820	0	0	0	1	1
AT1TE00825	0	0	0	1	1
AT1TE00830	0	0	0	1	1
AT1TE00835	0	0	0	1	1
AT1TE00840	0	0	0	1	1
AT1TE00845	0	0	0	1	1
AT1TE01010	0	0	0	1	1
AT1TE01140	0	0	0	1	1
AT1TE01145	0	0	0	1	1
AT1TE01155	510.055453173222	556.03774896766	-0.118833052379701	0.86377690588851	1
AT1TE01370	0	0	0	1	1
AT1TE01390	0	0	0	1	1
AT1TE01395	0	0	0	1	1
AT1TE01400	0	0	0	1	1
AT1TE01405	0	0	0	1	1
AT1TE01490	21.3474382418812	45.2635808936865	-1.00990498591679	0.515475793250603	1
AT1TE01530	0	0	0	1	1
AT1TE01610	0	0	0	1	1
AT1TE01615	0	0	0	1	1
AT1TE01620	0	0	0	1	1
AT1TE01625	0	0	0	1	1
AT1TE01660	0	0	0	1	1
AT1TE01665	0	0	0	1	1
AT1TE01710	0	0	0	1	1
AT1TE01740	0	0	0	1	1
AT1TE01745	0	0	0	1	1
AT1TE01750	0	0	0	1	1
AT1TE01755	0	0	0	1	1
AT1TE01760	9.31244184168819	0	2.29434778002179	0.999999999999995	1
AT1TE01810	0	0	0	1	1
AT1TE01900	0	0	0	1	1
AT1TE01905	0	0	0	1	1
AT1TE01910	0	0	0	1	1
AT1TE01915	0	0	0	1	1
AT1TE01920	0	0	0	1	1
AT1TE01970	0	0	0	1	1
AT1TE01975	0	0	0	1	1
AT1TE01980	0	0	0	1	1
AT1TE01985	0	0	0	1	1
AT1TE02060	0	0	0	1	1
AT1TE02070	26.8800177177113	53.5034799045596	-0.906101792283574	1	1
AT1TE02075	6.05359207258538	3.35931528943329	0.787942911398476	1	1
AT1TE02080	0	47.0539057673767	-2.3509826363009	1	1
AT1TE02160	0	0	0	1	1
AT1TE02165	0	0	0	1	1
AT1TE02175	0	0	0	1	1
AT1TE02180	0	0	0	1	1
AT1TE02190	0	0	0	1	1
AT1TE02195	0	0	0	1	1
AT1TE02200	0	0	0	1	1
AT1TE02260	70.7531500845505	232.024431887409	-1.44106199266628	0.628919483922805	1
AT1TE02265	0	0	0	1	1
AT1TE02270	0	0	0	1	1
AT1TE02275	0	45.0452091843535	-2.34990270319824	1	1
AT1TE02360	775.046621543049	232.682975690222	1.72819297672239	0.0136984505085588	1
AT1TE02365	0	0	0	1	1
AT1TE02460	2216.63706336933	2543.11148055279	-0.207309553951084	0.686084939894435	1
AT1TE02465	0	9.63502813344113	-3.73283742922022	0.252788896567305	1
AT1TE02470	39.9709354373759	0	2.29434778002827	0.999999999999998	1
AT1TE02540	47.4135041795028	72.8979874270343	-0.623614871707886	0.557220156185555	1
AT1TE02545	31.2508889726508	97.8402341385517	-1.43865791378332	0.627775987442627	1
AT1TE02550	32125.8926364777	36388.6191993606	-0.177846306560928	0.336718765463995	1
AT1TE02555	0	0	0	1	1
AT1TE02560	0	0	0	1	1
AT1TE02565	0	0	0	1	1
AT1TE02680	0	0	0	1	1
AT1TE02685	0	0	0	1	1
AT1TE02690	0	0	0	1	1
AT1TE02695	0	0	0	1	1
AT1TE02770	561.266537576955	615.557073593699	-0.131282179324283	0.741980632117137	1
AT1TE02880	1911.58030228449	1410.03498201681	0.441151407537705	0.195250686031342	1
AT1TE02950	0	0	0	1	1
AT1TE02980	7.01084744573564	52.2731657423901	-2.59985305359454	0.0752868770417648	1
AT1TE02985	0	0	0	1	1
AT1TE03010	28.0468472308086	47.4955470455043	-0.725970438912883	0.554564819813741	1
AT1TE03050	2549.41707395059	2493.08007760819	0.0357098153029274	0.897717526706523	1
AT1TE03080	0	0	0	1	1
AT1TE03170	0	0	0	1	1
AT1TE03175	0	0	0	1	1
AT1TE03180	0	0	0	1	1
AT1TE03185	349.091329087147	192.248814992425	0.788203820607288	1	1
AT1TE03190	132.044060026787	115.186890446299	0.190125836314283	0.862507319815639	1
AT1TE03195	2857.10262732248	2162.56149815659	0.405767085446116	0.558499255479016	1
AT1TE03780	60.6267246069425	0	2.29417294521795	0.999999999999999	1
AT1TE03785	0	0	0	1	1
AT1TE03790	253.586682624684	177.716916688575	0.497715162086026	0.61501363344802	1
AT1TE03830	0	0	0	1	1
AT1TE03835	0	0	0	1	1
AT1TE03860	0	0	0	1	1
AT1TE03865	0	0	0	1	1
AT1TE03870	0	0	0	1	1
AT1TE03900	22.2665882810529	0	3.66838838588883	0.252812862221588	1
AT1TE03905	0	0	0	1	1
AT1TE03915	0	0	0	1	1
AT1TE03925	2345.38993987181	1890.4201432069	0.30234699355772	0.705753418689981	1
AT1TE03930	35.2331563153336	53.1817375687352	-0.535452296835612	0.781095896779296	1
AT1TE03935	12.3981031916038	0	2.29417294520613	1	1
AT1TE04080	0	47.3852713009498	-2.35098263610953	1	1
AT1TE04160	0	0	0	1	1
AT1TE04165	7.33979716791072	0	2.29417294519431	1	1
AT1TE04170	0	0	0	1	1
AT1TE04200	521.980698164944	612.272068682967	-0.244052797132127	0.869838532177657	1
AT1TE04205	0	0	0	1	1
AT1TE04220	0	0	0	1	1
AT1TE04500	0	0	0	1	1
AT1TE04510	0	0	0	1	1
AT1TE04620	611.266947428129	301.28562305449	1.01510943897124	0.179044036002598	1
AT1TE04660	0	0	0	1	1
AT1TE04665	0	0	0	1	1
AT1TE04670	0	0	0	1	1
AT1TE04675	0	0	0	1	1
AT1TE04700	0	0	0	1	1
AT1TE04705	0	0	0	1	1
AT1TE04710	0	0	0	1	1
AT1TE04715	0	0	0	1	1
AT1TE04720	0	0	0	1	1
AT1TE04725	0	0	0	1	1
AT1TE04830	0	0	0	1	1
AT1TE04835	29.5740120033866	16.4114842066704	0.787942919885741	0.999999999999999	1
AT1TE04840	0	0	0	1	1
AT1TE04920	12.5261827700295	63.2866575317363	-2.12113403858258	0.24752240868654	1
AT1TE04970	0	0	0	1	1
AT1TE04975	0	0	0	1	1
AT1TE04980	0	0	0	1	1
AT1TE04985	0	0	0	1	1
AT1TE04990	37.763951272122	157.728306427079	-1.82667023870819	0.379412896891173	1
AT1TE04995	0	0	0	1	1
AT1TE05000	0	0	0	1	1
AT1TE05170	0	0	0	1	1
AT1TE05220	0	0	0	1	1
AT1TE05225	0	0	0	1	1
AT1TE05280	0	0	0	1	1
AT1TE05480	0	0	0	1	1
AT1TE05485	0	0	0	1	1
AT1TE05490	0	0	0	1	1
AT1TE05580	0	0	0	1	1
AT1TE05585	0	0	0	1	1
AT1TE05590	0	0	0	1	1
AT1TE05700	0	0	0	1	1
AT1TE05870	3376.10066974243	2536.98854268215	0.418525711817344	0.334602375242554	1
AT1TE06030	0	0	0	1	1
AT1TE06060	0	0	0	1	1
AT1TE06140	0	0	0	1	1
AT1TE06220	0	0	0	1	1
AT1TE06340	0	0	0	1	1
AT1TE06345	0	0	0	1	1
AT1TE06460	0	0	0	1	1
AT1TE06465	0	0	0	1	1
AT1TE06470	0	0	0	1	1
AT1TE06475	0	0	0	1	1
AT1TE06480	0	0	0	1	1
AT1TE06485	0	0	0	1	1
AT1TE06560	8723.65517014015	9210.37086916859	-0.078892623271854	0.728297417999329	1
AT1TE06650	0	0	0	1	1
AT1TE06655	0	0	0	1	1
AT1TE06730	2211.11444208958	1160.98894988915	0.921864163393067	0.0303455761542812	1
AT1TE06780	410.110473600227	447.621413449851	-0.124080162797606	0.523711834459466	1
AT1TE07050	43.2502531612395	22.751959245676	0.853272200601242	0.690634514946863	1
AT1TE07150	0	0	0	1	1
AT1TE07155	0	0	0	1	1
AT1TE07160	0	0	0	1	1
AT1TE07165	412.602397278621	798.889416451279	-0.931049737711043	0.146131739932435	1
AT1TE07180	65.6892285916674	54.2637784252812	0.319762726878917	0.999999999999999	1
AT1TE07290	0	0	0	1	1
AT1TE07295	0	0	0	1	1
AT1TE07300	0	7.78417846133682	-2.34990270307855	0.999999999999995	1
AT1TE07305	0	0	0	1	1
AT1TE07360	0	0	0	1	1
AT1TE07365	0	0	0	1	1
AT1TE07460	0	0	0	1	1
AT1TE07620	17.9901259961254	0	3.13896422498189	0.502158568220273	1
AT1TE07625	0	0	0	1	1
AT1TE07750	0	0	0	1	1
AT1TE07780	0	0	0	1	1
AT1TE07880	0	0	0	1	1
AT1TE07970	914.257668726323	1630.91159732094	-0.816730204460647	0.0521850093504416	1
AT1TE08020	0	0	0	1	1
AT1TE08050	13.4129921696776	27.1068515445667	-0.906288594222376	1	1
AT1TE08055	0	0	0	1	1
AT1TE08060	2143.54324878073	2496.61871623457	-0.2086792178391	0.62021979547581	1
AT1TE08190	19.2465792402992	20.0857200242106	-0.0645703127777502	1	1
AT1TE08220	0	0	0	1	1
AT1TE08230	0	0	0	1	1
AT1TE08240	0	0	0	1	1
AT1TE08245	0	0	0	1	1
AT1TE08410	0	0	0	1	1
AT1TE08415	0	0	0	1	1
AT1TE08420	0	0	0	1	1
AT1TE08425	0	0	0	1	1
AT1TE08430	0	0	0	1	1
AT1TE08510	92.3871192291126	96.0621319840548	-0.0674459675988912	1	1
AT1TE08580	1386.04729378229	2221.33499309466	-0.674324385346483	0.027627484999155	1
AT1TE08660	0	0	0	1	1
AT1TE08670	0	0	0	1	1
AT1TE08710	53.6519686787102	54.2137030891334	-0.0557300373021796	1	1
AT1TE08830	0	0	0	1	1
AT1TE09080	0.501631819522116	1.09668462631161	-0.908407540824012	0.999999999999998	1
AT1TE09290	0	0	0	1	1
AT1TE09295	0	0	0	1	1
AT1TE09360	1923.23463710049	2596.2649363065	-0.437927473027004	0.246721718145587	1
AT1TE09365	0	8.73858249965568	-2.35098263591815	0.999999999999992	1
AT1TE09370	0	0	0	1	1
AT1TE09375	0	0	0	1	1
AT1TE09380	0	0	0	1	1
AT1TE09470	0	0	0	1	1
AT1TE09690	0	0	0	1	1
AT1TE09695	0	0	0	1	1
AT1TE09700	0	10.1763263273623	-2.34990270295886	1	1
AT1TE09705	0	0	0	1	1
AT1TE09820	4.09276865515684	4.47387534889287	-0.0566342477343534	1	1
AT1TE09960	0	8.00803718832951	-2.34990270283917	0.999999999999995	1
AT1TE09970	0	0	0	1	1
AT1TE09975	0	0	0	1	1
AT1TE09980	0	0	0	1	1
AT1TE10030	0	0	0	1	1
AT1TE10090	375.457957570141	212.929131181365	0.803169582641481	0.150570939215658	1
AT1TE10140	0	0	0	1	1
AT1TE10190	0	0	0	1	1
AT1TE10470	85.4933896854985	0	2.29434778003475	0.999999999999998	1
AT1TE10550	0	0	0	1	1
AT1TE10555	0	0	0	1	1
AT1TE10560	0	0	0	1	1
AT1TE10565	0	18.5619545509928	-3.20276808679744	0.502193659933942	1
AT1TE10570	24435.2026310149	24814.8694188646	-0.0193387941765467	0.888734663460477	1
AT1TE10600	0	29.6418877741624	-2.35098263572677	0.999999999999997	1
AT1TE10605	1874.12720844659	1202.7799495858	0.625430038565658	0.297274714971613	1
AT1TE10610	309.562469892289	847.976686688931	-1.43914233683713	0.0033623992291381	1
AT1TE10615	0	0	0	1	1
AT1TE10830	0	0	0	1	1
AT1TE10860	0	0	0	1	1
AT1TE10865	0	0	0	1	1
AT1TE10870	0	0	0	1	1
AT1TE10875	0	0	0	1	1
AT1TE10930	0	0	0	1	1
AT1TE10935	0	0	0	1	1
AT1TE10990	146.007408528345	185.912513815614	-0.369555205169054	1	1
AT1TE10995	0	0	0	1	1
AT1TE11000	312.482581105886	49.1146607644881	2.47369870315643	0.0740723804006968	1
AT1TE11020	591.951860523891	686.2619872289	-0.219281951969914	0.599607573095215	1
AT1TE11100	0	0	0	1	1
AT1TE11105	0	0	0	1	1
AT1TE11110	0	0	0	1	1
AT1TE11115	0	0	0	1	1
AT1TE11150	0	0	0	1	1
AT1TE11330	0	0	0	1	1
AT1TE11380	0	0	0	1	1
AT1TE11385	0	0	0	1	1
AT1TE11390	0	0	0	1	1
AT1TE11410	883.358046308091	793.967857356453	0.160893854728473	0.875757455263561	1
AT1TE11450	0	0	0	1	1
AT1TE11470	0	0	0	1	1
AT1TE11475	0	0	0	1	1
AT1TE11530	0	0	0	1	1
AT1TE11535	0	0	0	1	1
AT1TE11540	0	0	0	1	1
AT1TE11545	0	0	0	1	1
AT1TE11555	0	0	0	1	1
AT1TE11560	0	0	0	1	1
AT1TE11565	0	0	0	1	1
AT1TE11570	0	0	0	1	1
AT1TE11580	0	0	0	1	1
AT1TE11600	67.6431215094054	0	2.29434778004123	0.999999999999993	1
AT1TE11605	0	0	0	1	1
AT1TE11630	0	0	0	1	1
AT1TE11730	238.619747732546	79.5603694684685	1.31861622540584	0.627807310546779	1
AT1TE11810	8466.151918019	8811.61940542765	-0.0610037038104141	0.775601460990952	1
AT1TE11950	1385.45014797703	857.597697353059	0.689913377449955	0.0100605565902313	1
AT1TE12090	2105.79248249744	1074.58563712648	0.96536339602108	0.0453144029256221	1
AT1TE12130	0	0	0	1	1
AT1TE12135	0	0	0	1	1
AT1TE12220	0	0	0	1	1
AT1TE12230	6.72000442942783	0	2.29434778004771	1	1
AT1TE12235	0	0	0	1	1
AT1TE12240	0	0	0	1	1
AT1TE12270	0	0	0	1	1
AT1TE12275	0	0	0	1	1
AT1TE12280	0	0	0	1	1
AT1TE12285	0	0	0	1	1
AT1TE12295	9.86133697986291	6.54528298473543	0.584131462187027	0.588500650339401	1
AT1TE12305	0	0	0	1	1
AT1TE12310	0	0	0	1	1
AT1TE12420	0	0	0	1	1
AT1TE12425	0	0	0	1	1
AT1TE12430	0	0	0	1	1
AT1TE12435	0	0	0	1	1
AT1TE12440	0	0	0	1	1
AT1TE12520	0	0	0	1	1
AT1TE12525	0	0	0	1	1
AT1TE12660	66.1884307242569	0	2.29434778005419	0.999999999999995	1
AT1TE12665	916.158241266787	975.011239698533	-0.0897119878003135	0.637826897429873	1
AT1TE12670	0	0	0	1	1
AT1TE12675	0	0	0	1	1
AT1TE12710	0	0	0	1	1
AT1TE12715	0	0	0	1	1
AT1TE12720	0	0	0	1	1
AT1TE12725	0	0	0	1	1
AT1TE12750	35.9446983835628	0	3.66814588946885	0.253793764747539	1
AT1TE12770	0	0	0	1	1
AT1TE12775	0	0	0	1	1
AT1TE12785	0	0	0	1	1
AT1TE12790	0	0	0	1	1
AT1TE12795	0	0	0	1	1
AT1TE12800	0	0	0	1	1
AT1TE12810	0	0	0	1	1
AT1TE12830	0	0	0	1	1
AT1TE12880	0	94.2484376780319	-2.34990270271949	1	1
AT1TE13060	92.5620948337132	71.8977478139357	0.321981023349979	1	1
AT1TE13240	4668.16007414855	3968.59105610053	0.236689873470289	0.203951949421452	1
AT1TE13245	7026.25144864547	5762.22370661978	0.29086547699716	0.18954766282465	1
AT1TE13270	0	0	0	1	1
AT1TE13300	0	0	0	1	1
AT1TE13305	0	0	0	1	1
AT1TE13310	0	5.60725710394573	-2.35098263553539	1	1
AT1TE13320	0	0	0	1	1
AT1TE13360	0	0	0	1	1
AT1TE13365	0	0	0	1	1
AT1TE13370	0	0	0	1	1
AT1TE13375	0	0	0	1	1
AT1TE13380	0	0	0	1	1
AT1TE13430	0	0	0	1	1
AT1TE13440	0	0	0	1	1
AT1TE13445	0	0	0	1	1
AT1TE13450	0	0	0	1	1
AT1TE13455	0	0	0	1	1
AT1TE13560	0	0	0	1	1
AT1TE13640	0	0	0	1	1
AT1TE13690	0	0	0	1	1
AT1TE13960	0	0	0	1	1
AT1TE13965	0	0	0	1	1
AT1TE13970	0	0	0	1	1
AT1TE13980	0	0	0	1	1
AT1TE14020	0	0	0	1	1
AT1TE14025	0	0	0	1	1
AT1TE14080	0	0	0	1	1
AT1TE14085	0	0	0	1	1
AT1TE14210	3636.67729436868	3742.49306461673	-0.0458359320353852	0.888582906305659	1
AT1TE14230	0	0	0	1	1
AT1TE14310	0	0	0	1	1
AT1TE14315	0	1.19581269745697	-2.3499027025998	0.999999999999998	1
AT1TE14320	0	0	0	1	1
AT1TE14325	0	0	0	1	1
AT1TE14330	0	0	0	1	1
AT1TE14335	0	0	0	1	1
AT1TE14340	0	0	0	1	1
AT1TE14345	0	0	0	1	1
AT1TE14350	0	0	0	1	1
AT1TE14355	0	0	0	1	1
AT1TE14500	513.634413004145	571.577342137082	-0.141605701038547	0.786536372366188	1
AT1TE14590	7274.07511490619	6894.28664569179	0.0732127589166598	0.813123263662942	1
AT1TE14600	0	0	0	1	1
AT1TE14640	0	0	0	1	1
AT1TE14645	0	0	0	1	1
AT1TE14655	3086.87615051092	2242.09814557072	0.460354488034615	0.276064108801544	1
AT1TE14670	2934.98001430083	3135.34555430628	-0.100047698191186	0.775471220631448	1
AT1TE14730	0	0	0	1	1
AT1TE14750	1405.00264826242	1841.8044337905	-0.381386892749689	0.461844681517587	1
AT1TE14755	0	0	0	1	1
AT1TE14820	0	0	0	1	1
AT1TE14860	0	0	0	1	1
AT1TE14865	0	0	0	1	1
AT1TE14870	0	8.96947064285809	-2.3499027024801	0.999999999999996	1
AT1TE14900	0	0	0	1	1
AT1TE14905	0	0	0	1	1
AT1TE14910	0	0	0	1	1
AT1TE14990	0	0	0	1	1
AT1TE15090	0	0	0	1	1
AT1TE15095	0	0	0	1	1
AT1TE15100	0	0	0	1	1
AT1TE15105	0	0	0	1	1
AT1TE15170	0	0	0	1	1
AT1TE15175	0	0	0	1	1
AT1TE15180	55.4551716878909	55.1905265682169	-0.0555552259471069	1	1
AT1TE15190	0	0	0	1	1
AT1TE15240	0	0	0	1	1
AT1TE15245	0	0	0	1	1
AT1TE15370	1731.08413850333	1586.77154384411	0.124904963786995	0.776379545696314	1
AT1TE15440	0	0	0	1	1
AT1TE15445	0	0	0	1	1
AT1TE15450	0	0	0	1	1
AT1TE15455	0	0	0	1	1
AT1TE15500	0	0	0	1	1
AT1TE15505	0	0	0	1	1
AT1TE15510	0	0	0	1	1
AT1TE15515	0	0	0	1	1
AT1TE15600	841.665342072047	1023.4045500105	-0.281579921634918	0.302181664393679	1
AT1TE15650	0	0	0	1	1
AT1TE15660	0	0	0	1	1
AT1TE15700	0	0	0	1	1
AT1TE15780	0	0	0	1	1
AT1TE15785	0	0	0	1	1
AT1TE15840	15.7046227738434	24.3971792067854	-0.593708632746623	0.999999999999999	1
AT1TE15890	394.734414109112	288.327221745116	0.431833986208775	0.637647304213531	1
AT1TE15960	0	0	0	1	1
AT1TE16010	0	0	0	1	1
AT1TE16080	0	0	0	1	1
AT1TE16150	0	0	0	1	1
AT1TE16155	0	0	0	1	1
AT1TE16260	0	0	0	1	1
AT1TE16265	453.606362225565	711.109270887807	-0.642773035354773	0.398566038485928	1
AT1TE16275	4487.75185263809	4538.07595551875	-0.0176181823705825	1	1
AT1TE16320	642.085589406201	141.657021573366	2.12104364364825	0.0427050286900942	1
AT1TE16325	191.760902331791	137.891172547662	0.470891644028982	0.64857860587958	1
AT1TE16330	270.24894446282	227.285789863125	0.227426645488171	0.7270587812163	1
AT1TE16370	23.0532009774531	34.6763119758797	-0.592392707502037	0.999999999999999	1
AT1TE16450	0	0	0	1	1
AT1TE16500	0	0	0	1	1
AT1TE16505	0	0	0	1	1
AT1TE16580	0	0	0	1	1
AT1TE16590	0	0	0	1	1
AT1TE16595	0	0	0	1	1
AT1TE16800	12.4235091407669	53.9185943099932	-1.82792637402888	0.380092601427793	1
AT1TE16810	0	0	0	1	1
AT1TE17030	360.785183611838	335.01798086226	0.108980815451855	0.622318213633611	1
AT1TE17050	9932.05365762547	9482.54572668158	0.0662414479511295	0.582495997240307	1
AT1TE17090	0	0	0	1	1
AT1TE17095	0	0	0	1	1
AT1TE17300	0	0	0	1	1
AT1TE17305	0	0	0	1	1
AT1TE17315	0	0	0	1	1
AT1TE17320	0	0	0	1	1
AT1TE17360	0	0	0	1	1
AT1TE17365	0	0	0	1	1
AT1TE17370	0	0	0	1	1
AT1TE17410	553.965726628618	887.771218637439	-0.671588176324801	0.126570831505662	1
AT1TE17415	4.86987662765498	0	2.29434778006067	1	1
AT1TE17510	0	0	0	1	1
AT1TE17515	0	0	0	1	1
AT1TE17550	0	0	0	1	1
AT1TE17555	0	0	0	1	1
AT1TE17560	0	0	0	1	1
AT1TE17610	0	72.7427948619986	-3.202768070325	0.502193629978737	1
AT1TE17830	0	0	0	1	1
AT1TE17870	0	149.418254855417	-2.34990270236041	0.999999999999998	1
AT1TE17875	0	0	0	1	1
AT1TE18210	0	0	0	1	1
AT1TE18215	0	0	0	1	1
AT1TE18220	0	0	0	1	1
AT1TE18270	0	0	0	1	1
AT1TE18275	0	0	0	1	1
AT1TE18280	0	0	0	1	1
AT1TE18285	0	0	0	1	1
AT1TE18290	0	0	0	1	1
AT1TE18295	0	0	0	1	1
AT1TE18300	1330.0833518894	1144.01191405551	0.237424684925728	0.999999999999999	1
AT1TE18370	0	0	0	1	1
AT1TE18375	0	0	0	1	1
AT1TE18380	0	0	0	1	1
AT1TE18385	0	0	0	1	1
AT1TE18410	0	0	0	1	1
AT1TE18415	0	0	0	1	1
AT1TE18700	0	0	0	1	1
AT1TE18740	0	0	0	1	1
AT1TE18745	0	0	0	1	1
AT1TE18750	0	0	0	1	1
AT1TE18770	1338.10964431051	1083.04718482983	0.309954593391082	0.564395112529128	1
AT1TE18775	0	0	0	1	1
AT1TE18785	0	0	0	1	1
AT1TE18790	0	0	0	1	1
AT1TE18795	0	0	0	1	1
AT1TE18810	0	0	0	1	1
AT1TE18950	0	0	0	1	1
AT1TE18955	0	0	0	1	1
AT1TE18960	0	0	0	1	1
AT1TE19050	0	0	0	1	1
AT1TE19080	0	0	0	1	1
AT1TE19085	0	0	0	1	1
AT1TE19090	9.18586736468826	0	2.29417294518249	0.999999999999994	1
AT1TE19095	0	0	0	1	1
AT1TE19130	0	0	0	1	1
AT1TE19135	0	0	0	1	1
AT1TE19270	0	0	0	1	1
AT1TE19280	0	0	0	1	1
AT1TE19285	0	0	0	1	1
AT1TE19290	0	0	0	1	1
AT1TE19295	0	0	0	1	1
AT1TE19300	0	0	0	1	1
AT1TE19400	0	0	0	1	1
AT1TE19430	0	0	0	1	1
AT1TE19435	0	0	0	1	1
AT1TE19630	0	0	0	1	1
AT1TE19635	0	0	0	1	1
AT1TE19640	0	0	0	1	1
AT1TE19730	57.5425267726066	81.667171068902	-0.469247786639141	0.795124849010431	1
AT1TE19780	0	0	0	1	1
AT1TE19785	0	0	0	1	1
AT1TE19790	0	0	0	1	1
AT1TE19795	0	0	0	1	1
AT1TE19800	69.8182658174294	38.449762998485	0.788203815885301	0.999999999999999	1
AT1TE19810	0	0	0	1	1
AT1TE19815	0	0	0	1	1
AT1TE19820	0	0	0	1	1
AT1TE19860	0	0	0	1	1
AT1TE19910	0	0	0	1	1
AT1TE20030	0	0	0	1	1
AT1TE20035	0	0	0	1	1
AT1TE20040	0	0	0	1	1
AT1TE20045	0	0	0	1	1
AT1TE20050	0	0	0	1	1
AT1TE20080	0	0	0	1	1
AT1TE20085	0	0	0	1	1
AT1TE20090	246.627121817531	320.49525902704	-0.383683719201055	0.713586489881948	1
AT1TE20110	8.58735476019016	0	2.29417294517068	1	1
AT1TE20115	0	0	0	1	1
AT1TE20150	43.0456227787125	0	2.29434778006715	1	1
AT1TE20155	0	0	0	1	1
AT1TE20160	0	0	0	1	1
AT1TE20165	0	0	0	1	1
AT1TE20170	0	0	0	1	1
AT1TE20175	0	0	0	1	1
AT1TE20180	0	0	0	1	1
AT1TE20185	0	0	0	1	1
AT1TE20190	0	0	0	1	1
AT1TE20195	0	0	0	1	1
AT1TE20200	31.0885053401813	0	2.29434778007363	1	1
AT1TE20310	0	0	0	1	1
AT1TE20315	0	0	0	1	1
AT1TE20320	0	0	0	1	1
AT1TE20325	0	0	0	1	1
AT1TE20410	0	0	0	1	1
AT1TE20450	0	0	0	1	1
AT1TE20660	0	0	0	1	1
AT1TE20665	0	0	0	1	1
AT1TE20670	0	0	0	1	1
AT1TE20675	0	23.2827284592902	-2.35098263534401	1	1
AT1TE20740	458.632563861572	432.673506348119	0.0798089896907512	1	1
AT1TE20745	0	0	0	1	1
AT1TE20750	0	0	0	1	1
AT1TE20755	0	4.06243265853586	-2.34990270224072	0.999999999999994	1
AT1TE20760	0	0	0	1	1
AT1TE20840	3104.67336761864	3380.62112173284	-0.125524219143664	0.41927546520315	1
AT1TE20890	0	0	0	1	1
AT1TE20900	0	0	0	1	1
AT1TE20905	0	0	0	1	1
AT1TE20910	0	0	0	1	1
AT1TE20915	15.2364456865245	0	2.29434778008011	0.999999999999997	1
AT1TE20920	0	0	0	1	1
AT1TE20925	0	0	0	1	1
AT1TE20930	0	0	0	1	1
AT1TE20970	83.7486266306924	41.6744792453883	0.789470807529468	0.999999999999997	1
AT1TE20980	0	0	0	1	1
AT1TE21010	0	0	0	1	1
AT1TE21020	15657.4659011474	16681.6050108844	-0.0929436550269514	0.683913435008274	1
AT1TE21025	7.35427008047299	8.03907828522685	-0.0566342476083665	1	1
AT1TE21120	0	0	0	1	1
AT1TE21125	0	0	0	1	1
AT1TE21130	0	0	0	1	1
AT1TE21135	2435.69745324872	831.249874085542	1.55152491729994	6.14446259642974e-05	0.344132325039456
AT1TE21210	3.58861729988399	2.39302673791878	0.468026876792098	1	1
AT1TE21250	0	0	0	1	1
AT1TE21300	0	0	0	1	1
AT1TE21305	0	0	0	1	1
AT1TE21310	0	0	0	1	1
AT1TE21350	0	0	0	1	1
AT1TE21355	0	0	0	1	1
AT1TE21360	0	0	0	1	1
AT1TE21370	0	0	0	1	1
AT1TE21375	0	0	0	1	1
AT1TE21470	0	0	0	1	1
AT1TE21480	2557.38709588173	2856.27449707379	-0.147676373385834	0.788703132049164	1
AT1TE21510	0	0	0	1	1
AT1TE21515	0	0	0	1	1
AT1TE21560	0	0	0	1	1
AT1TE21570	0	0	0	1	1
AT1TE21575	0	0	0	1	1
AT1TE21580	870.241226378716	563.117542122403	0.598123948032181	0.365999059419864	1
AT1TE21600	0	0	0	1	1
AT1TE21710	0	0	0	1	1
AT1TE21715	0	0	0	1	1
AT1TE21725	0	0	0	1	1
AT1TE21735	29.7888856449405	31.5852715803039	-0.0683565278906535	1	1
AT1TE21780	319.088024247066	0	2.29417294515886	0.999999999999997	1
AT1TE21785	0	0	0	1	1
AT1TE21790	3.04503890542152	0	2.29417294514704	1	1
AT1TE21795	0	0	0	1	1
AT1TE21805	0	0	0	1	1
AT1TE21830	95.4546602972667	95.7210695167512	-0.0613787608396595	1	1
AT1TE21840	0	0	0	1	1
AT1TE21845	0	0	0	1	1
AT1TE21850	0	0	0	1	1
AT1TE21880	0	0	0	1	1
AT1TE21910	0	0	0	1	1
AT1TE21950	0	0	0	1	1
AT1TE22110	56.6604902868622	343.522342938621	-2.3524198195415	0.231381343885028	1
AT1TE22115	0	0	0	1	1
AT1TE22230	0	0	0	1	1
AT1TE22330	0	0	0	1	1
AT1TE22370	0	0	0	1	1
AT1TE22450	0	0	0	1	1
AT1TE22460	407.273217268338	862.01179888432	-1.04751130852856	0.165074753667143	1
AT1TE22560	0	0	0	1	1
AT1TE22660	0	0	0	1	1
AT1TE22665	0	0	0	1	1
AT1TE22670	0	0	0	1	1
AT1TE22675	0	0	0	1	1
AT1TE22690	0	0	0	1	1
AT1TE22695	0	0	0	1	1
AT1TE22700	0	0	0	1	1
AT1TE22705	0	0	0	1	1
AT1TE22710	0	0	0	1	1
AT1TE22715	0	0	0	1	1
AT1TE22720	0	0	0	1	1
AT1TE22740	0	0	0	1	1
AT1TE22745	0	0	0	1	1
AT1TE22750	0	0	0	1	1
AT1TE22755	0	0	0	1	1
AT1TE22760	0	0	0	1	1
AT1TE22790	0	0	0	1	1
AT1TE22795	0	0	0	1	1
AT1TE22850	0	0	0	1	1
AT1TE22855	0	0	0	1	1
AT1TE22865	0	0	0	1	1
AT1TE23040	0	45.7175257393439	-2.34990270212103	1	1
AT1TE23060	0	0	0	1	1
AT1TE23065	0	0	0	1	1
AT1TE23070	0	0	0	1	1
AT1TE23080	0	0	0	1	1
AT1TE23120	0	0	0	1	1
AT1TE23125	0	0	0	1	1
AT1TE23160	0	0	0	1	1
AT1TE23190	34.2338370388472	24.0727658685523	0.466804345894512	1	1
AT1TE23260	0	0	0	1	1
AT1TE23270	0	0	0	1	1
AT1TE23275	0	0	0	1	1
AT1TE23280	0	0	0	1	1
AT1TE23285	0	0	0	1	1
AT1TE23350	0	0	0	1	1
AT1TE23355	0	0	0	1	1
AT1TE23390	0	0	0	1	1
AT1TE23395	0	0	0	1	1
AT1TE23410	0	0	0	1	1
AT1TE23420	0	2.6880861996806	-2.34990270200134	0.999999999999998	1
AT1TE23500	0	0	0	1	1
AT1TE23505	0	0	0	1	1
AT1TE23510	0	0	0	1	1
AT1TE23515	0	0	0	1	1
AT1TE23520	1126.50038818902	1335.77163481355	-0.249191734662327	0.551091172263367	1
AT1TE23525	1507.84616521198	1595.0790575303	-0.0925301574436401	0.938008584028349	1
AT1TE23550	0	0	0	1	1
AT1TE23555	0	0	0	1	1
AT1TE23560	0	0	0	1	1
AT1TE23620	1371.56372496181	631.376822208724	1.07746680867358	0.0496137598207712	1
AT1TE23650	0	0	0	1	1
AT1TE23655	0	0	0	1	1
AT1TE23740	0	0	0	1	1
AT1TE23830	0	0	0	1	1
AT1TE23835	0	0	0	1	1
AT1TE23840	0	0	0	1	1
AT1TE23845	0	0	0	1	1
AT1TE23940	619.361030946337	567.949304748214	0.131903924656642	0.681149838990534	1
AT1TE23950	0	0	0	1	1
AT1TE23955	0	0	0	1	1
AT1TE23980	224.532257633875	293.631533314671	-0.388318371646889	0.344196757851091	1
AT1TE23985	0	0	0	1	1
AT1TE23995	0	0	0	1	1
AT1TE24000	0	0	0	1	1
AT1TE24005	0	0	0	1	1
AT1TE24015	0	0	0	1	1
AT1TE24060	0	0	0	1	1
AT1TE24160	0	0	0	1	1
AT1TE24165	0	0	0	1	1
AT1TE24170	0	0	0	1	1
AT1TE24240	0	0	0	1	1
AT1TE24245	0	0	0	1	1
AT1TE24250	0	0	0	1	1
AT1TE24255	0	0	0	1	1
AT1TE24580	1229.94172414418	1008.62091050756	0.275669041559749	0.587290691159087	1
AT1TE24720	0	0	0	1	1
AT1TE24725	0	0	0	1	1
AT1TE24730	0	0	0	1	1
AT1TE24735	0	0	0	1	1
AT1TE24740	0	0	0	1	1
AT1TE24780	0	0	0	1	1
AT1TE24830	0	0	0	1	1
AT1TE24850	1.57048706655336	3.20285162290485	-0.98059804669318	0.691361958193244	1
AT1TE24855	0	0	0	1	1
AT1TE24865	0	0	0	1	1
AT1TE24900	0	0	0	1	1
AT1TE24930	0	0	0	1	1
AT1TE24935	0	0	0	1	1
AT1TE24950	0	0	0	1	1
AT1TE24955	0	0	0	1	1
AT1TE24960	0	0	0	1	1
AT1TE24965	0	0	0	1	1
AT1TE24975	0	0	0	1	1
AT1TE25020	0	0	0	1	1
AT1TE25025	0	0	0	1	1
AT1TE25030	0	8.26622668886348	-2.35098263515263	1	1
AT1TE25035	0	0	0	1	1
AT1TE25040	0	0	0	1	1
AT1TE25045	0	0	0	1	1
AT1TE25110	0	0	0	1	1
AT1TE25115	0	0	0	1	1
AT1TE25120	0	0	0	1	1
AT1TE25125	0	0	0	1	1
AT1TE25180	0	0	0	1	1
AT1TE25185	0	0	0	1	1
AT1TE25190	0	0	0	1	1
AT1TE25195	0	0	0	1	1
AT1TE25200	0	0	0	1	1
AT1TE25205	0	0	0	1	1
AT1TE25210	0	0	0	1	1
AT1TE25250	0	0	0	1	1
AT1TE25255	0	0	0	1	1
AT1TE25260	0	0	0	1	1
AT1TE25265	0	0	0	1	1
AT1TE25275	0	0	0	1	1
AT1TE25285	0	0	0	1	1
AT1TE25360	74091.5156705623	67701.4108481657	0.131040338437418	0.16688974574372	1
AT1TE25460	0	0	0	1	1
AT1TE25470	0	0	0	1	1
AT1TE25610	0	0	0	1	1
AT1TE25615	0	5.37853243992281	-2.34990270188165	0.999999999999999	1
AT1TE25620	0	0	0	1	1
AT1TE25640	0	0	0	1	1
AT1TE25645	1.22522373753103	7.91594169441609	-2.38717991244801	0.133804310456886	1
AT1TE25650	0	0	0	1	1
AT1TE25655	8.1928006225598	0	2.29417294513522	0.999999999999994	1
AT1TE25665	0	0	0	1	1
AT1TE25670	0	0	0	1	1
AT1TE25675	0	45.4642467887492	-2.35098263496126	0.999999999999996	1
AT1TE25680	0	0	0	1	1
AT1TE25685	0	5.19992930814132	-2.35098263476988	1	1
AT1TE25690	0	0	0	1	1
AT1TE25740	0	0	0	1	1
AT1TE25745	15.3888101433897	0	2.29434778008659	0.999999999999999	1
AT1TE25770	0	0	0	1	1
AT1TE25775	0	0	0	1	1
AT1TE25780	0	0	0	1	1
AT1TE25820	0	0	0	1	1
AT1TE25860	0	0	0	1	1
AT1TE25865	0	0	0	1	1
AT1TE25870	0	0	0	1	1
AT1TE25875	0	0	0	1	1
AT1TE25880	0	0	0	1	1
AT1TE25885	0	0	0	1	1
AT1TE25890	0	15.8322553523174	-2.3509826345785	1	1
AT1TE25910	0	0	0	1	1
AT1TE25915	0	0	0	1	1
AT1TE25920	0	0	0	1	1
AT1TE25925	0	0	0	1	1
AT1TE25935	0	0	0	1	1
AT1TE26100	0	0	0	1	1
AT1TE26105	0	0	0	1	1
AT1TE26110	0	0	0	1	1
AT1TE26115	0	0	0	1	1
AT1TE26120	0	0	0	1	1
AT1TE26125	0	0	0	1	1
AT1TE26260	0	0	0	1	1
AT1TE26265	0	0	0	1	1
AT1TE26270	0	0	0	1	1
AT1TE26275	0	0	0	1	1
AT1TE26280	0	0	0	1	1
AT1TE26290	817.383354353092	718.773247814663	0.19109537043347	0.649872564084964	1
AT1TE26300	0	0	0	1	1
AT1TE26305	5.02902292267638	0	2.29434778009307	0.999999999999999	1
AT1TE26320	0	0	0	1	1
AT1TE26360	0	0	0	1	1
AT1TE26365	0	0	0	1	1
AT1TE26370	0	0	0	1	1
AT1TE26375	0	0	0	1	1
AT1TE26380	0	0	0	1	1
AT1TE26410	0	0	0	1	1
AT1TE26510	0	0	0	1	1
AT1TE26515	0	0	0	1	1
AT1TE26520	0	0	0	1	1
AT1TE26525	0	0	0	1	1
AT1TE26530	0	0	0	1	1
AT1TE26535	0	0	0	1	1
AT1TE26540	0	0	0	1	1
AT1TE26610	377.09312968665	426.048032459753	-0.166382801472379	0.756060660700167	1
AT1TE26620	0	0	0	1	1
AT1TE26625	0	0	0	1	1
AT1TE26630	0	0	0	1	1
AT1TE26660	0	0	0	1	1
AT1TE26665	0	0	0	1	1
AT1TE26670	0	0	0	1	1
AT1TE26675	0	0	0	1	1
AT1TE26700	0	0	0	1	1
AT1TE26705	0	0	0	1	1
AT1TE26710	0	0	0	1	1
AT1TE26715	0	0	0	1	1
AT1TE26720	0	0	0	1	1
AT1TE26725	0	0	0	1	1
AT1TE26730	0	0	0	1	1
AT1TE26735	0	0	0	1	1
AT1TE26740	0	0	0	1	1
AT1TE26840	89.817369788063	45.3788774005339	0.789098810596585	1	1
AT1TE26900	0	0	0	1	1
AT1TE27020	0	0	0	1	1
AT1TE27025	0	0	0	1	1
AT1TE27030	0	0	0	1	1
AT1TE27035	0	0	0	1	1
AT1TE27060	0	0	0	1	1
AT1TE27090	4897.19399337468	4171.00434209236	0.235555659185822	0.326771010813594	1
AT1TE27095	0	0	0	1	1
AT1TE27100	0	0	0	1	1
AT1TE27190	0	0	0	1	1
AT1TE27280	0	0	0	1	1
AT1TE27285	0	0	0	1	1
AT1TE27295	4.41037053954403	2.28384134555156	0.877700044073808	0.51406712933746	1
AT1TE27300	0	0	0	1	1
AT1TE27330	195.570079377234	217.055113701125	-0.056809275694027	1	1
AT1TE27335	0	0	0	1	1
AT1TE27340	0	0	0	1	1
AT1TE27345	0	0	0	1	1
AT1TE27350	0	0	0	1	1
AT1TE27355	0	0	0	1	1
AT1TE27360	0	0	0	1	1
AT1TE27365	0	0	0	1	1
AT1TE27390	0	0	0	1	1
AT1TE27395	0	0	0	1	1
AT1TE27400	0	0	0	1	1
AT1TE27405	0	0	0	1	1
AT1TE27460	0	0	0	1	1
AT1TE27465	0	0	0	1	1
AT1TE27470	0	0	0	1	1
AT1TE27475	0	19.007651199816	-2.35098263438713	0.999999999999999	1
AT1TE27540	0	0	0	1	1
AT1TE27545	0	0	0	1	1
AT1TE27550	0	0	0	1	1
AT1TE27650	0	0	0	1	1
AT1TE27655	0	0	0	1	1
AT1TE27660	89.817369788063	0	3.13896422689565	0.502158545559317	1
AT1TE27665	0	0	0	1	1
AT1TE27670	0	0	0	1	1
AT1TE27675	0	0	0	1	1
AT1TE27685	0	0	0	1	1
AT1TE27690	0	0	0	1	1
AT1TE27695	0	0	0	1	1
AT1TE27810	1.80813374908865	1.82706485209427	-0.0557300371449144	1	1
AT1TE27815	0	0	0	1	1
AT1TE27820	0	0	0	1	1
AT1TE27825	0	0	0	1	1
AT1TE27830	0	0	0	1	1
AT1TE27835	0	0	0	1	1
AT1TE27900	0	0	0	1	1
AT1TE27905	0	0	0	1	1
AT1TE27915	0	0	0	1	1
AT1TE27920	0	0	0	1	1
AT1TE27925	0	0	0	1	1
AT1TE27935	0	0	0	1	1
AT1TE27940	0	0	0	1	1
AT1TE28050	0	0	0	1	1
AT1TE28055	0	0	0	1	1
AT1TE28120	0	0	0	1	1
AT1TE28170	0	0	0	1	1
AT1TE28175	0	0	0	1	1
AT1TE28250	0	0	0	1	1
AT1TE28320	0	0	0	1	1
AT1TE28325	0	0	0	1	1
AT1TE28330	0	0	0	1	1
AT1TE28335	0	0	0	1	1
AT1TE28370	0	0.790776874799545	-2.34990270176196	1	1
AT1TE28375	0	0	0	1	1
AT1TE28380	0	0	0	1	1
AT1TE28390	0	0	0	1	1
AT1TE28395	0	0	0	1	1
AT1TE28400	0	0	0	1	1
AT1TE28405	0	0	0	1	1
AT1TE28410	0	0	0	1	1
AT1TE28450	0	0	0	1	1
AT1TE28455	0	0	0	1	1
AT1TE28460	0	0	0	1	1
AT1TE28465	0	0	0	1	1
AT1TE28500	0	0	0	1	1
AT1TE28505	0	0	0	1	1
AT1TE28510	0	0	0	1	1
AT1TE28515	0	0	0	1	1
AT1TE28580	620.106427570058	686.714429994122	-0.159290592665137	1	1
AT1TE28620	0	7.00131251322523	-2.34990270164227	0.999999999999996	1
AT1TE28630	0	0	0	1	1
AT1TE28635	0	0	0	1	1
AT1TE28640	0	0	0	1	1
AT1TE28645	0	0	0	1	1
AT1TE28650	0	0	0	1	1
AT1TE28655	0	0	0	1	1
AT1TE28680	0	0	0	1	1
AT1TE28800	0	0	0	1	1
AT1TE28830	0	0	0	1	1
AT1TE28835	0	0	0	1	1
AT1TE29040	0	0	0	1	1
AT1TE29045	0	0	0	1	1
AT1TE29055	0	0	0	1	1
AT1TE29060	0	0	0	1	1
AT1TE29065	0	0	0	1	1
AT1TE29070	0	0	0	1	1
AT1TE29080	140.439040437358	436.344952250093	-1.53804977212168	0.295826916796029	1
AT1TE29140	998.954589002426	983.43168105627	0.0273878436298375	1	1
AT1TE29145	700.835560936055	367.281627823056	0.853428241114742	0.690990704199715	1
AT1TE29200	0	0	0	1	1
AT1TE29205	0	0	0	1	1
AT1TE29260	0	0	0	1	1
AT1TE29265	0	0	0	1	1
AT1TE29370	0	0	0	1	1
AT1TE29375	15.4273785898644	0	2.29434778009955	0.999999999999993	1
AT1TE29385	0	0	0	1	1
AT1TE29390	0	0	0	1	1
AT1TE29395	0	0	0	1	1
AT1TE29410	0	0	0	1	1
AT1TE29415	0	0	0	1	1
AT1TE29420	0	0	0	1	1
AT1TE29425	0	0	0	1	1
AT1TE29430	0	0	0	1	1
AT1TE29460	1844.46307293853	1599.06539660954	0.200039226599437	0.723547782650233	1
AT1TE29465	0	0	0	1	1
AT1TE29470	0	0	0	1	1
AT1TE29475	0	0	0	1	1
AT1TE29480	0	0	0	1	1
AT1TE29485	0	0	0	1	1
AT1TE29500	95.0832413856042	171.549257956537	-0.836200504619247	0.556739132147083	1
AT1TE29530	86.65387601454	0	3.13915052737141	0.50187214565859	1
AT1TE29570	7.49830556962444	8.03263556133791	-0.0654110038410006	1	1
AT1TE29575	0	0	0	1	1
AT1TE29600	694.719959087463	724.714368170156	-0.0683524489919194	1	1
AT1TE29605	0	0	0	1	1
AT1TE29610	0	0	0	1	1
AT1TE29650	0	0	0	1	1
AT1TE29655	0	0	0	1	1
AT1TE29660	0	0	0	1	1
AT1TE29665	0	0	0	1	1
AT1TE29670	0	0	0	1	1
AT1TE29710	0	0	0	1	1
AT1TE29760	0	0	0	1	1
AT1TE29765	0	0	0	1	1
AT1TE29770	0	0	0	1	1
AT1TE29830	0	0	0	1	1
AT1TE29900	0	0	0	1	1
AT1TE29905	0	0	0	1	1
AT1TE29915	0	0	0	1	1
AT1TE29920	0	0	0	1	1
AT1TE29990	0	0	0	1	1
AT1TE29995	0	0	0	1	1
AT1TE30000	0	0	0	1	1
AT1TE30040	0	0	0	1	1
AT1TE30045	179.679360559561	139.566216344699	0.321981032863433	1	1
AT1TE30070	0	27.2666052054681	-4.12209884548606	0.128084469220805	1
AT1TE30080	0	0	0	1	1
AT1TE30085	0	0	0	1	1
AT1TE30090	0	0	0	1	1
AT1TE30095	165.233029691607	151.23762900336	0.12076790205322	0.860638732198571	1
AT1TE30105	0	0	0	1	1
AT1TE30115	0	0	0	1	1
AT1TE30130	0	0	0	1	1
AT1TE30170	0	0	0	1	1
AT1TE30175	0	0	0	1	1
AT1TE30180	0	0	0	1	1
AT1TE30185	0	0	0	1	1
AT1TE30190	0	0	0	1	1
AT1TE30195	0	0	0	1	1
AT1TE30200	0	0	0	1	1
AT1TE30230	0	0	0	1	1
AT1TE30235	1843.51898405106	2295.10543795869	-0.318226192229582	0.422042135070877	1
AT1TE30240	0	0	0	1	1
AT1TE30245	0	0	0	1	1
AT1TE30250	3.49635090005436	0	2.2941729451234	1	1
AT1TE30255	0	0	0	1	1
AT1TE30330	0	0	0	1	1
AT1TE30340	0	0	0	1	1
AT1TE30345	0	0	0	1	1
AT1TE30350	0	0	0	1	1
AT1TE30355	0	0	0	1	1
AT1TE30360	0	0	0	1	1
AT1TE30365	0	0	0	1	1
AT1TE30370	0	0	0	1	1
AT1TE30375	0	0	0	1	1
AT1TE30380	1734.10906369439	1171.66700141229	0.540613243742323	0.347567610083496	1
AT1TE30410	0	51.264840578009	-3.2004512016495	0.5021515251607	1
AT1TE30440	0	0	0	1	1
AT1TE30445	0	0	0	1	1
AT1TE30510	0	0	0	1	1
AT1TE30520	0	0	0	1	1
AT1TE30525	0	0	0	1	1
AT1TE30550	1.30886711154885	0	2.29417294511159	0.999999999999998	1
AT1TE30555	11265.0752177572	14176.3843262544	-0.33026347804938	0.0853293532839458	1
AT1TE30760	0	0	0	1	1
AT1TE30765	0	0	0	1	1
AT1TE30770	0	0	0	1	1
AT1TE30820	0	0	0	1	1
AT1TE30840	0	0	0	1	1
AT1TE30845	121.644276274005	168.110930282047	-0.470819463321217	0.655775464069371	1
AT1TE30850	245.894357974128	129.847040139464	0.853108407146145	0.690967587872029	1
AT1TE30860	0	0	0	1	1
AT1TE30865	0	0	0	1	1
AT1TE30870	0	0	0	1	1
AT1TE30875	0	0	0	1	1
AT1TE30880	0	0	0	1	1
AT1TE30885	0	0	0	1	1
AT1TE30890	0	0	0	1	1
AT1TE30895	0	0	0	1	1
AT1TE30900	0	0	0	1	1
AT1TE30905	0	0	0	1	1
AT1TE31000	0	0	0	1	1
AT1TE31040	0	0	0	1	1
AT1TE31045	0	0	0	1	1
AT1TE31080	0	0	0	1	1
AT1TE31190	0	0	0	1	1
AT1TE31195	0	0	0	1	1
AT1TE31200	0	0	0	1	1
AT1TE31380	461.643881632349	381.786775236762	0.266087374038944	0.480799755815742	1
AT1TE31385	6751.89594540415	7345.54389006566	-0.119216768723709	0.388930574503871	1
AT1TE31410	0	0	0	1	1
AT1TE31420	0	0	0	1	1
AT1TE31425	0	0	0	1	1
AT1TE31500	0	0	0	1	1
AT1TE31505	0	0	0	1	1
AT1TE31560	0	0	0	1	1
AT1TE31570	0	0	0	1	1
AT1TE31575	209.533678722303	0	4.35939671398288	0.0647431157459329	1
AT1TE31580	0	0	0	1	1
AT1TE31585	0	0	0	1	1
AT1TE31590	0	0	0	1	1
AT1TE31595	0	0	0	1	1
AT1TE31650	53.0648625634128	0	2.29434778010603	1	1
AT1TE31655	0	0	0	1	1
AT1TE31660	0	0	0	1	1
AT1TE31665	0	0	0	1	1
AT1TE31670	0	0	0	1	1
AT1TE31700	0	0	0	1	1
AT1TE31710	0	0	0	1	1
AT1TE31740	64.7949900774304	0	2.29434778011251	0.999999999999993	1
AT1TE31745	0	0	0	1	1
AT1TE31750	0	0	0	1	1
AT1TE31755	0	0	0	1	1
AT1TE31760	0	0	0	1	1
AT1TE31765	0	0	0	1	1
AT1TE31770	0	0	0	1	1
AT1TE31775	656.090522368158	623.738660221529	0.0743418829505043	0.485283215736305	1
AT1TE31780	0	0	0	1	1
AT1TE31785	0	0	0	1	1
AT1TE31790	0	0	0	1	1
AT1TE31860	2568.81304539998	2431.87371539156	0.06665557426409	0.923522561168515	1
AT1TE31880	0	0	0	1	1
AT1TE31885	0	0	0	1	1
AT1TE31895	0	0	0	1	1
AT1TE31900	0	0	0	1	1
AT1TE31905	0	0	0	1	1
AT1TE31910	0	0	0	1	1
AT1TE31915	0	0	0	1	1
AT1TE31920	0	0	0	1	1
AT1TE31925	0	0	0	1	1
AT1TE31930	0	0	0	1	1
AT1TE31935	15.4273785898644	16.8639311396864	-0.0566342474823821	1	1
AT1TE31940	61.6772522045487	67.8297230316015	-0.0742085812432568	1	1
AT1TE31945	51.992325608724	0	3.13915052738259	0.501872162880418	1
AT1TE31950	120.696550144233	0	2.29434778011899	1	1
AT1TE31955	0	0	0	1	1
AT1TE31960	0	0	0	1	1
AT1TE31965	0	0	0	1	1
AT1TE31970	0	0	0	1	1
AT1TE31975	0	0	0	1	1
AT1TE31980	0	0	0	1	1
AT1TE31985	0	0	0	1	1
AT1TE32000	0	0	0	1	1
AT1TE32005	0	0	0	1	1
AT1TE32010	0	0	0	1	1
AT1TE32015	0	0	0	1	1
AT1TE32020	0	0	0	1	1
AT1TE32040	0	0	0	1	1
AT1TE32090	0	0	0	1	1
AT1TE32095	274.264455304482	70.5714072019525	1.95175341984577	0.00824340098915597	1
AT1TE32100	0	0	0	1	1
AT1TE32105	0	0	0	1	1
AT1TE32110	0	0	0	1	1
AT1TE32115	0	0	0	1	1
AT1TE32180	519.92325608724	615.392089171609	-0.23685834678514	0.869046901475734	1
AT1TE32220	0	0	0	1	1
AT1TE32225	0	0	0	1	1
AT1TE32230	44.1256204828379	0	3.13933732445928	0.502159737352821	1
AT1TE32270	0	0	0	1	1
AT1TE32275	0	0	0	1	1
AT1TE32280	0	0	0	1	1
AT1TE32320	0	0	0	1	1
AT1TE32325	0	0	0	1	1
AT1TE32330	0	0	0	1	1
AT1TE32340	8080.44856391733	9925.82881766492	-0.295063863416208	0.100109802875526	1
AT1TE32420	0	0	0	1	1
AT1TE32425	456.755010020566	357.600849379341	0.339176047664746	0.584307092661021	1
AT1TE32450	0	86.2837809728462	-2.34990270152258	0.999999999999995	1
AT1TE32455	0	0	0	1	1
AT1TE32460	0	0	0	1	1
AT1TE32465	0	0	0	1	1
AT1TE32500	0	0	0	1	1
AT1TE32530	0	0	0	1	1
AT1TE32620	383.680093102207	539.951053197865	-0.468514196722473	0.522217659590836	1
AT1TE32625	0	0	0	1	1
AT1TE32650	0	0	0	1	1
AT1TE32655	119.137344163002	106.086486991017	0.187346896167375	0.872139538023499	1
AT1TE32710	0	0	0	1	1
AT1TE32715	0	0	0	1	1
AT1TE32720	0	0	0	1	1
AT1TE32750	0	0	0	1	1
AT1TE32755	0	0	0	1	1
AT1TE32760	0	0	0	1	1
AT1TE32765	0	0	0	1	1
AT1TE32770	0	0	0	1	1
AT1TE32780	0	0	0	1	1
AT1TE32785	0	0	0	1	1
AT1TE32790	0	0	0	1	1
AT1TE32795	0	0	0	1	1
AT1TE32800	0	0	0	1	1
AT1TE32805	0	0	0	1	1
AT1TE32815	0	0	0	1	1
AT1TE32825	0	0	0	1	1
AT1TE32870	0	0	0	1	1
AT1TE32900	0	0	0	1	1
AT1TE32905	0	0	0	1	1
AT1TE32930	0	0	0	1	1
AT1TE32935	0	0	0	1	1
AT1TE32940	0	0	0	1	1
AT1TE32945	0	0	0	1	1
AT1TE32990	0	0	0	1	1
AT1TE32995	0	0	0	1	1
AT1TE33000	0	0	0	1	1
AT1TE33030	0	0	0	1	1
AT1TE33035	0	0	0	1	1
AT1TE33040	0	0	0	1	1
AT1TE33045	0	0	0	1	1
AT1TE33050	0	0	0	1	1
AT1TE33055	0	0	0	1	1
AT1TE33060	7407.83839718077	7237.07803562742	0.0378729562402203	0.871085148932095	1
AT1TE33065	2445.70267242473	1843.42245009072	0.399328653459984	0.200505615003622	1
AT1TE33070	0	0	0	1	1
AT1TE33075	0	0	0	1	1
AT1TE33080	0	0	0	1	1
AT1TE33085	0	0	0	1	1
AT1TE33090	0	0	0	1	1
AT1TE33160	0	0	0	1	1
AT1TE33200	1914.38439143165	2510.71415655273	-0.38292564375584	0.305256232933636	1
AT1TE33205	0	0	0	1	1
AT1TE33210	0	0	0	1	1
AT1TE33270	0	0	0	1	1
AT1TE33330	0	0	0	1	1
AT1TE33335	0	0	0	1	1
AT1TE33340	0	0	0	1	1
AT1TE33345	0	0	0	1	1
AT1TE33350	0	0	0	1	1
AT1TE33450	0	0	0	1	1
AT1TE33455	0	0	0	1	1
AT1TE33460	0	0	0	1	1
AT1TE33465	0	0	0	1	1
AT1TE33490	2.02055406122121	0	3.13896422880937	0.502158522898957	1
AT1TE33510	0	0	0	1	1
AT1TE33550	0	0	0	1	1
AT1TE33555	0	0	0	1	1
AT1TE33670	14.940592372223	14.8692923521167	-0.055555225762892	1	1
AT1TE33740	0	0	0	1	1
AT1TE33745	12.8776653919579	0	2.29434778012547	1	1
AT1TE33750	0	0	0	1	1
AT1TE33790	0	0	0	1	1
AT1TE33900	0	0	0	1	1
AT1TE33905	0	0	0	1	1
AT1TE33910	0	0	0	1	1
AT1TE33920	0	0	0	1	1
AT1TE33925	0	0	0	1	1
AT1TE33950	0	0	0	1	1
AT1TE33955	0	0	0	1	1
AT1TE33960	0	0	0	1	1
AT1TE33990	0	0	0	1	1
AT1TE34000	0	0	0	1	1
AT1TE34005	0	0	0	1	1
AT1TE34010	0	0	0	1	1
AT1TE34015	0	1.23089179205788	-2.34990270140289	1	1
AT1TE34020	0	0	0	1	1
AT1TE34025	0	0	0	1	1
AT1TE34030	0	0	0	1	1
AT1TE34035	0	0	0	1	1
AT1TE34040	0	0	0	1	1
AT1TE34045	0	0	0	1	1
AT1TE34050	0	0	0	1	1
AT1TE34055	0	0	0	1	1
AT1TE34120	0	0	0	1	1
AT1TE34125	0	0	0	1	1
AT1TE34130	0	0	0	1	1
AT1TE34160	0	0	0	1	1
AT1TE34165	0	0	0	1	1
AT1TE34170	0	0	0	1	1
AT1TE34175	0	0	0	1	1
AT1TE34180	0	0	0	1	1
AT1TE34210	0	0	0	1	1
AT1TE34215	0	5.24860259339694	-2.35098263419575	0.999999999999992	1
AT1TE34250	0	0	0	1	1
AT1TE34255	0	0	0	1	1
AT1TE34260	0	0	0	1	1
AT1TE34265	0	0	0	1	1
AT1TE34270	0	0	0	1	1
AT1TE34275	0	0	0	1	1
AT1TE34280	0	0	0	1	1
AT1TE34285	0	0	0	1	1
AT1TE34290	0	58.623430134661	-3.20045121262096	0.50215150322611	1
AT1TE34295	0	0	0	1	1
AT1TE34300	0	0	0	1	1
AT1TE34305	0	0	0	1	1
AT1TE34315	0	0	0	1	1
AT1TE34320	0	0	0	1	1
AT1TE34330	0	0	0	1	1
AT1TE34335	1.68875831477528	0	2.29434778013195	1	1
AT1TE34340	0	0	0	1	1
AT1TE34345	0	0	0	1	1
AT1TE34350	0	0	0	1	1
AT1TE34360	0	0	0	1	1
AT1TE34365	4.51091700944513	5.0064795570944	-0.0568092755631632	1	1
AT1TE34400	0	0	0	1	1
AT1TE34430	0	0	0	1	1
AT1TE34435	0	0	0	1	1
AT1TE34445	0	0	0	1	1
AT1TE34450	0	0	0	1	1
AT1TE34455	9475.78884794561	9610.00314380869	-0.0241071687932306	0.935561556327094	1
AT1TE34465	0	0	0	1	1
AT1TE34475	0	0	0	1	1
AT1TE34500	0	0	0	1	1
AT1TE34505	0	0	0	1	1
AT1TE34510	0	0	0	1	1
AT1TE34515	0	0	0	1	1
AT1TE34520	0	0	0	1	1
AT1TE34525	0	0	0	1	1
AT1TE34580	0	0	0	1	1
AT1TE34585	0	0	0	1	1
AT1TE34590	0	0	0	1	1
AT1TE34595	0	0	0	1	1
AT1TE34620	0	0	0	1	1
AT1TE34650	0	0	0	1	1
AT1TE34720	0	0	0	1	1
AT1TE34820	0	0	0	1	1
AT1TE34825	0	0	0	1	1
AT1TE34860	2511.37573522266	2022.22773307808	0.306399028749111	0.224722208892369	1
AT1TE34890	179.287108466676	439.740577147143	-1.22425503121404	0.353588850895135	1
AT1TE34895	0	0	0	1	1
AT1TE34900	0	0	0	1	1
AT1TE34980	18.8574571094689	28.5823411309739	-0.592304643784266	1	1
AT1TE34985	0	0	0	1	1
AT1TE35020	0	0	0	1	1
AT1TE35025	0	0	0	1	1
AT1TE35050	0	0	0	1	1
AT1TE35055	0	0	0	1	1
AT1TE35060	0	0	0	1	1
AT1TE35100	0	0	0	1	1
AT1TE35105	0	0	0	1	1
AT1TE35110	0	0	0	1	1
AT1TE35130	0	0	0	1	1
AT1TE35160	0	0	0	1	1
AT1TE35180	7.63712662202964	30.4027218316232	-1.8232094296029	0.383336532488518	1
AT1TE35230	0	0	0	1	1
AT1TE35235	0	0	0	1	1
AT1TE35240	0	0	0	1	1
AT1TE35245	0	0	0	1	1
AT1TE35250	0	0	0	1	1
AT1TE35255	0	0	0	1	1
AT1TE35260	0	0	0	1	1
AT1TE35270	0	0	0	1	1
AT1TE35275	0	0	0	1	1
AT1TE35280	0	0	0	1	1
AT1TE35285	0	0	0	1	1
AT1TE35290	0	0	0	1	1
AT1TE35300	0	0	0	1	1
AT1TE35305	0	0	0	1	1
AT1TE35310	0	0	0	1	1
AT1TE35315	0	0	0	1	1
AT1TE35320	0	0	0	1	1
AT1TE35325	0	0	0	1	1
AT1TE35380	0	0	0	1	1
AT1TE35390	0	0	0	1	1
AT1TE35395	0	0	0	1	1
AT1TE35400	6.78151281956852	0	2.29417294509977	0.999999999999997	1
AT1TE35410	0	0	0	1	1
AT1TE35415	2534.20653778081	2850.62228428213	-0.168463066083663	0.318680467766371	1
AT1TE35420	0	0	0	1	1
AT1TE35425	0	0	0	1	1
AT1TE35430	0	0	0	1	1
AT1TE35435	0	0	0	1	1
AT1TE35440	0	0	0	1	1
AT1TE35450	0	0	0	1	1
AT1TE35460	0	0	0	1	1
AT1TE35465	0	0	0	1	1
AT1TE35520	0	115.587706586266	-2.3499027012832	1	1
AT1TE35525	0	0	0	1	1
AT1TE35530	0	0	0	1	1
AT1TE35535	0	0	0	1	1
AT1TE35540	0	0	0	1	1
AT1TE35570	0	0	0	1	1
AT1TE35575	0	0	0	1	1
AT1TE35580	0	0	0	1	1
AT1TE35585	0	0	0	1	1
AT1TE35590	0	0	0	1	1
AT1TE35595	0	0	0	1	1
AT1TE35600	0	0	0	1	1
AT1TE35605	0	0	0	1	1
AT1TE35610	0	0	0	1	1
AT1TE35620	0	0	0	1	1
AT1TE35625	0	0	0	1	1
AT1TE35630	0	0	0	1	1
AT1TE35635	0	0	0	1	1
AT1TE35640	0	0	0	1	1
AT1TE35645	0	0	0	1	1
AT1TE35670	0	0	0	1	1
AT1TE35675	0	0	0	1	1
AT1TE35680	0	0	0	1	1
AT1TE35710	0	0	0	1	1
AT1TE35720	0	0	0	1	1
AT1TE35725	0	0	0	1	1
AT1TE35730	0	0	0	1	1
AT1TE35735	0	0	0	1	1
AT1TE35745	0	0	0	1	1
AT1TE35750	0	6.31561695780626	-2.34990270116351	0.999999999999999	1
AT1TE35755	0	0	0	1	1
AT1TE35760	0	0	0	1	1
AT1TE35810	0	0	0	1	1
AT1TE35815	0	0	0	1	1
AT1TE35820	0	0	0	1	1
AT1TE35825	0	0	0	1	1
AT1TE35830	0	0	0	1	1
AT1TE35835	0	0	0	1	1
AT1TE35845	0	0	0	1	1
AT1TE35850	0	0	0	1	1
AT1TE35855	0	0	0	1	1
AT1TE35860	0	0	0	1	1
AT1TE35870	0	0	0	1	1
AT1TE35900	0	0	0	1	1
AT1TE35930	1405.15679937062	1008.77274372463	0.473974745010022	0.0134602414051846	1
AT1TE35940	0	0	0	1	1
AT1TE35945	0	0	0	1	1
AT1TE35950	0	0	0	1	1
AT1TE35955	0	0	0	1	1
AT1TE35960	0	0	0	1	1
AT1TE35965	0	0	0	1	1
AT1TE35970	0	0	0	1	1
AT1TE35980	0	0	0	1	1
AT1TE35985	0	0	0	1	1
AT1TE35995	0	0	0	1	1
AT1TE36030	0	0	0	1	1
AT1TE36035	0	0	0	1	1
AT1TE36040	0	0	0	1	1
AT1TE36045	0	0	0	1	1
AT1TE36050	0	0	0	1	1
AT1TE36055	0	0	0	1	1
AT1TE36060	0	2.04520015949388	-2.35098263400437	1	1
AT1TE36065	0	0	0	1	1
AT1TE36100	0	0	0	1	1
AT1TE36105	153.296834359764	69.306479642387	1.13082518480883	0.0615340136657885	1
AT1TE36110	0	0	0	1	1
AT1TE36115	0	0	0	1	1
AT1TE36120	0	0	0	1	1
AT1TE36125	0	0	0	1	1
AT1TE36130	0	0	0	1	1
AT1TE36135	0	0	0	1	1
AT1TE36140	1194.92193619816	1126.54640461601	0.0971682436357462	1	1
AT1TE36160	0	0	0	1	1
AT1TE36200	0	0	0	1	1
AT1TE36205	0	0	0	1	1
AT1TE36210	0	0	0	1	1
AT1TE36215	0	0	0	1	1
AT1TE36220	0	0	0	1	1
AT1TE36225	0	0	0	1	1
AT1TE36230	0	0	0	1	1
AT1TE36235	0	0	0	1	1
AT1TE36240	0	0	0	1	1
AT1TE36245	0	0	0	1	1
AT1TE36255	0	0	0	1	1
AT1TE36290	0	0	0	1	1
AT1TE36340	0	0	0	1	1
AT1TE36345	0	0	0	1	1
AT1TE36350	0	0	0	1	1
AT1TE36480	0	0	0	1	1
AT1TE36485	0	0	0	1	1
AT1TE36490	0	0	0	1	1
AT1TE36495	0	0	0	1	1
AT1TE36500	0	0	0	1	1
AT1TE36505	0	0	0	1	1
AT1TE36510	0	0	0	1	1
AT1TE36530	0	0	0	1	1
AT1TE36535	0	0	0	1	1
AT1TE36540	0	0	0	1	1
AT1TE36545	28.3302451434311	88.6962870227992	-1.43865791012783	0.627776017538964	1
AT1TE36550	0	0	0	1	1
AT1TE36555	0	0	0	1	1
AT1TE36560	0	0	0	1	1
AT1TE36565	0	0	0	1	1
AT1TE36570	0	0	0	1	1
AT1TE36575	0	0	0	1	1
AT1TE36580	0	0	0	1	1
AT1TE36585	0	0	0	1	1
AT1TE36590	0	0	0	1	1
AT1TE36595	0	0	0	1	1
AT1TE36600	0	0	0	1	1
AT1TE36605	0	0	0	1	1
AT1TE36615	0	0	0	1	1
AT1TE36620	0	0	0	1	1
AT1TE36625	0	0	0	1	1
AT1TE36630	0	0	0	1	1
AT1TE36635	0	0	0	1	1
AT1TE36660	0	0	0	1	1
AT1TE36665	0	0	0	1	1
AT1TE36670	0	0	0	1	1
AT1TE36690	0	0	0	1	1
AT1TE36695	0	0	0	1	1
AT1TE36700	0	0	0	1	1
AT1TE36710	0	0	0	1	1
AT1TE36715	0	0	0	1	1
AT1TE36720	0	0	0	1	1
AT1TE36725	0	78.2407967992427	-3.20276805385312	0.502193600024563	1
AT1TE36770	0	0	0	1	1
AT1TE36775	0	0	0	1	1
AT1TE36820	0	0	0	1	1
AT1TE36825	0	0	0	1	1
AT1TE36880	305.786525796474	139.88261070387	1.09083572209337	0.351715845981896	1
AT1TE36885	0	0	0	1	1
AT1TE36890	9.45279584261979	3.17581568121932	1.41012650638595	0.301286618291819	1
AT1TE36895	31.9088024247066	0	2.29417294508795	1	1
AT1TE36900	0	0	0	1	1
AT1TE36905	70.4961914034216	156.481593598485	-0.908597657018777	1	1
AT1TE36940	0	0	0	1	1
AT1TE36945	0	0	0	1	1
AT1TE36955	0	0	0	1	1
AT1TE36960	0	0	0	1	1
AT1TE37010	0	0	0	1	1
AT1TE37040	1186.59061152346	170.170790252002	2.47447285584456	0.0740411984399565	1
AT1TE37045	0	0	0	1	1
AT1TE37050	0	4.69796660204914	-2.34990270104382	1	1
AT1TE37055	0	0	0	1	1
AT1TE37060	2372.31374524892	2643.04372945636	-0.154035924194015	0.730507186784819	1
AT1TE37065	3720.22031498493	3844.33394712365	-0.0509054141607563	0.920171340119733	1
AT1TE37070	204.122614860026	75.980578512377	1.37294710195875	0.0703467194907501	1
AT1TE37075	20420.303773474	18426.6630469754	0.145658354834746	0.401032173431869	1
AT1TE37130	0	0	0	1	1
AT1TE37140	0	0	0	1	1
AT1TE37150	0	0	0	1	1
AT1TE37155	0	0	0	1	1
AT1TE37165	0	0	0	1	1
AT1TE37170	0	0	0	1	1
AT1TE37175	0	0	0	1	1
AT1TE37180	0	0	0	1	1
AT1TE37185	0	0	0	1	1
AT1TE37190	0	0	0	1	1
AT1TE37195	0	0	0	1	1
AT1TE37210	0	0	0	1	1
AT1TE37215	0	0	0	1	1
AT1TE37220	0	0	0	1	1
AT1TE37230	0	0	0	1	1
AT1TE37235	0	0	0	1	1
AT1TE37240	0	0	0	1	1
AT1TE37245	0	0	0	1	1
AT1TE37250	0	0	0	1	1
AT1TE37255	0	0	0	1	1
AT1TE37260	0	0	0	1	1
AT1TE37265	0	0	0	1	1
AT1TE37270	0	0	0	1	1
AT1TE37275	3.43884025550608	0	2.29434778013843	1	1
AT1TE37280	0	0	0	1	1
AT1TE37285	0	0	0	1	1
AT1TE37290	52.9491044602118	29.3830066582309	0.787942928372782	0.999999999999997	1
AT1TE37295	5.146581036243	0	2.29417294507613	1	1
AT1TE37300	0	0	0	1	1
AT1TE37305	0	0	0	1	1
AT1TE37310	0	0	0	1	1
AT1TE37315	0	0	0	1	1
AT1TE37340	0	0	0	1	1
AT1TE37345	0	0	0	1	1
AT1TE37380	0	0	0	1	1
AT1TE37385	0	0	0	1	1
AT1TE37390	0	0	0	1	1
AT1TE37395	0	0	0	1	1
AT1TE37480	0	74.7091274277083	-2.34990270092413	1	1
AT1TE37485	0	0	0	1	1
AT1TE37490	19.9318050865418	0	3.13915052739377	0.501872180102613	1
AT1TE37495	0	34.7428566859647	-3.20159065824959	0.50186937834887	1
AT1TE37520	0	0	0	1	1
AT1TE37525	0	0	0	1	1
AT1TE37530	0	0	0	1	1
AT1TE37540	0	0	0	1	1
AT1TE37545	0	0	0	1	1
AT1TE37550	0	0	0	1	1
AT1TE37590	0	0	0	1	1
AT1TE37600	0	0	0	1	1
AT1TE37605	0	0	0	1	1
AT1TE37610	0	0	0	1	1
AT1TE37615	0	0	0	1	1
AT1TE37620	0	0	0	1	1
AT1TE37630	0	0	0	1	1
AT1TE37635	24.2424534088297	87.4765065373614	-1.75184632967055	0.187070542623296	1
AT1TE37645	0	0	0	1	1
AT1TE37650	0	0	0	1	1
AT1TE37655	0	0	0	1	1
AT1TE37660	0	0	0	1	1
AT1TE37670	0	0	0	1	1
AT1TE37675	0	0	0	1	1
AT1TE37680	0	0	0	1	1
AT1TE37685	0	0	0	1	1
AT1TE37690	0	0	0	1	1
AT1TE37695	0	0	0	1	1
AT1TE37700	0	0	0	1	1
AT1TE37705	0	0	0	1	1
AT1TE37710	0	0	0	1	1
AT1TE37715	0	0	0	1	1
AT1TE37720	0	0	0	1	1
AT1TE37730	0	0	0	1	1
AT1TE37735	0	0	0	1	1
AT1TE37740	0	0	0	1	1
AT1TE37745	665.303012738828	715.88791863816	-0.101807558911122	0.844315278570038	1
AT1TE37755	0	0	0	1	1
AT1TE37760	0	0	0	1	1
AT1TE37770	0	0	0	1	1
AT1TE37775	0	0	0	1	1
AT1TE37780	0	0	0	1	1
AT1TE37785	0	0	0	1	1
AT1TE37790	0	0	0	1	1
AT1TE37795	0	0	0	1	1
AT1TE37840	0	0	0	1	1
AT1TE37845	0	0	0	1	1
AT1TE37850	0	38.449762998485	-3.20276803738181	0.502193570071424	1
AT1TE37855	0	0	0	1	1
AT1TE37865	0	0	0	1	1
AT1TE37870	0	0	0	1	1
AT1TE37875	0	0	0	1	1
AT1TE37885	0	0	0	1	1
AT1TE37890	0	0	0	1	1
AT1TE37895	0	0	0	1	1
AT1TE37900	0	0	0	1	1
AT1TE37905	0	0	0	1	1
AT1TE37910	0	0	0	1	1
AT1TE37915	0	0	0	1	1
AT1TE37920	0	0	0	1	1
AT1TE37925	0	0	0	1	1
AT1TE37930	0	0	0	1	1
AT1TE37935	0	0	0	1	1
AT1TE37940	0	0	0	1	1
AT1TE37970	0	0	0	1	1
AT1TE37975	0	0	0	1	1
AT1TE37980	0	0	0	1	1
AT1TE37985	0	0	0	1	1
AT1TE37990	0	15.1889582951126	-2.35098263381299	1	1
AT1TE38010	0	10.6974698326469	-2.35098263362162	1	1
AT1TE38015	0	0	0	1	1
AT1TE38020	0	0	0	1	1
AT1TE38025	0	0	0	1	1
AT1TE38030	0	0	0	1	1
AT1TE38035	0	0	0	1	1
AT1TE38040	0	0	0	1	1
AT1TE38045	0	0	0	1	1
AT1TE38090	0	0	0	1	1
AT1TE38120	0	0	0	1	1
AT1TE38125	0	0	0	1	1
AT1TE38130	0	0	0	1	1
AT1TE38135	0	0	0	1	1
AT1TE38160	0	0	0	1	1
AT1TE38165	0	0	0	1	1
AT1TE38180	0	0	0	1	1
AT1TE38185	0	0	0	1	1
AT1TE38190	0	0	0	1	1
AT1TE38195	0	6.54503039430777	-2.34990270080444	1	1
AT1TE38200	0	0	0	1	1
AT1TE38210	0	0	0	1	1
AT1TE38240	0	0	0	1	1
AT1TE38245	9.91227706498533	0	2.29434778014491	1	1
AT1TE38250	0	0	0	1	1
AT1TE38255	0	0	0	1	1
AT1TE38260	0	0	0	1	1
AT1TE38300	0	0	0	1	1
AT1TE38305	0	0	0	1	1
AT1TE38315	0	0	0	1	1
AT1TE38320	0	0	0	1	1
AT1TE38325	0	0	0	1	1
AT1TE38330	0	0	0	1	1
AT1TE38335	0	0	0	1	1
AT1TE38340	5.94162553798831	0	2.29434778015139	1	1
AT1TE38345	0	0	0	1	1
AT1TE38350	0	0	0	1	1
AT1TE38355	0	0	0	1	1
AT1TE38360	0	0	0	1	1
AT1TE38440	0	0	0	1	1
AT1TE38445	0	0	0	1	1
AT1TE38450	0	0	0	1	1
AT1TE38455	0	0	0	1	1
AT1TE38460	0	0	0	1	1
AT1TE38465	0	0	0	1	1
AT1TE38490	17.6240478508554	0	3.13896423072304	0.502158500239195	1
AT1TE38500	0	0	0	1	1
AT1TE38505	0	0	0	1	1
AT1TE38520	0	0	0	1	1
AT1TE38525	0	0	0	1	1
AT1TE38530	0	0	0	1	1
AT1TE38560	0	0	0	1	1
AT1TE38565	0	0	0	1	1
AT1TE38570	17.5729636541862	5.91898400876529	1.31837286348583	0.628719510985715	1
AT1TE38580	0	2.65484652781017	-3.20276802091105	0.502193540119315	1
AT1TE38600	0	0	0	1	1
AT1TE38630	0	0	0	1	1
AT1TE38700	0	0	0	1	1
AT1TE38705	0	0	0	1	1
AT1TE38710	0	0	0	1	1
AT1TE38715	0	0	0	1	1
AT1TE38740	0	0	0	1	1
AT1TE38745	0	0	0	1	1
AT1TE38750	0	0	0	1	1
AT1TE38755	0	0	0	1	1
AT1TE38760	233.179710026702	0	2.29417294506431	0.999999999999999	1
AT1TE38770	0	0	0	1	1
AT1TE38775	0	0	0	1	1
AT1TE38780	0	0	0	1	1
AT1TE38785	0	0	0	1	1
AT1TE38790	0	0	0	1	1
AT1TE38795	0	0	0	1	1
AT1TE38800	0	0	0	1	1
AT1TE38805	0	0	0	1	1
AT1TE38815	814.546434536676	877.07580077589	-0.0671125150955193	1	1
AT1TE38820	86.3866721029144	200.857158025756	-1.19883724276318	0.0705003234003844	1
AT1TE38825	0	0	0	1	1
AT1TE38830	0	0	0	1	1
AT1TE38835	0	0	0	1	1
AT1TE38840	0	0	0	1	1
AT1TE38845	706.83781509381	217.456810109725	1.67705797884021	0.0353768742406674	1
AT1TE38850	0	18.847923038473	-2.35098263343024	1	1
AT1TE38860	0	0	0	1	1
AT1TE38865	0	0	0	1	1
AT1TE38870	0	0	0	1	1
AT1TE38900	0	0	0	1	1
AT1TE38905	0	0	0	1	1
AT1TE38910	8441.92592405443	8232.18986829655	0.032977994239836	0.876882143368978	1
AT1TE38915	10.3458574414578	0	2.2941729450525	1	1
AT1TE38920	0	0	0	1	1
AT1TE38925	0	0	0	1	1
AT1TE38930	0	0	0	1	1
AT1TE38935	0	0	0	1	1
AT1TE38940	0	0	0	1	1
AT1TE38945	0	0	0	1	1
AT1TE38950	0	0	0	1	1
AT1TE38955	0	0	0	1	1
AT1TE38980	232.666582622143	329.548472847019	-0.49941814528147	0.574605215206357	1
AT1TE38985	0	0	0	1	1
AT1TE38990	0	0	0	1	1
AT1TE38995	0	0	0	1	1
AT1TE39005	0	0	0	1	1
AT1TE39010	0	0	0	1	1
AT1TE39015	0	0	0	1	1
AT1TE39020	0	0	0	1	1
AT1TE39025	0	0	0	1	1
AT1TE39030	0	0	0	1	1
AT1TE39035	0	0	0	1	1
AT1TE39040	0	13.531428393481	-3.20159065869471	0.501869396360676	1
AT1TE39100	0	0	0	1	1
AT1TE39105	0	0	0	1	1
AT1TE39140	48.116448100748	0	2.29417294504068	0.999999999999998	1
AT1TE39145	0	0	0	1	1
AT1TE39150	0	0	0	1	1
AT1TE39160	0	0	0	1	1
AT1TE39165	0	0	0	1	1
AT1TE39200	0	0	0	1	1
AT1TE39205	0	0	0	1	1
AT1TE39210	0	0	0	1	1
AT1TE39215	0	0	0	1	1
AT1TE39220	0	0	0	1	1
AT1TE39225	0	0	0	1	1
AT1TE39230	0	0	0	1	1
AT1TE39235	0	0	0	1	1
AT1TE39330	0	0	0	1	1
AT1TE39335	0	0	0	1	1
AT1TE39340	0	0	0	1	1
AT1TE39350	0	0	0	1	1
AT1TE39355	0	0	0	1	1
AT1TE39360	0	0	0	1	1
AT1TE39365	0	0	0	1	1
AT1TE39370	0	0	0	1	1
AT1TE39375	0	0	0	1	1
AT1TE39380	0	0	0	1	1
AT1TE39385	0	0	0	1	1
AT1TE39390	0	18.1246995534677	-2.34990270068475	1	1
AT1TE39395	0	0	0	1	1
AT1TE39400	0	0	0	1	1
AT1TE39405	0	0	0	1	1
AT1TE39410	0	0	0	1	1
AT1TE39450	0	0	0	1	1
AT1TE39455	0	0	0	1	1
AT1TE39460	0	0	0	1	1
AT1TE39490	0	0	0	1	1
AT1TE39495	0	0	0	1	1
AT1TE39500	0	0	0	1	1
AT1TE39510	0	0	0	1	1
AT1TE39515	0	0	0	1	1
AT1TE39530	0	0	0	1	1
AT1TE39535	0	0	0	1	1
AT1TE39540	0	0	0	1	1
AT1TE39545	0	0	0	1	1
AT1TE39550	0	0	0	1	1
AT1TE39555	0	0	0	1	1
AT1TE39560	0	0	0	1	1
AT1TE39565	0	0	0	1	1
AT1TE39590	325.78086321571	93.9724072259882	1.76401591145458	0.0706031007788838	1
AT1TE39630	9018.52657756898	11152.0966245435	-0.308653700206658	0.181178563425166	1
AT1TE39660	0	0	0	1	1
AT1TE39700	0	0	0	1	1
AT1TE39705	0	0	0	1	1
AT1TE39710	38.7293600255659	62.7985196570931	-0.681466924097367	0.31562932003775	1
AT1TE39715	0	0	0	1	1
AT1TE39720	0	0	0	1	1
AT1TE39725	0	0	0	1	1
AT1TE39750	0	0	0	1	1
AT1TE39755	0	0	0	1	1
AT1TE39760	0	0	0	1	1
AT1TE39765	0	0	0	1	1
AT1TE39770	0	0	0	1	1
AT1TE39775	12.8174893460766	0	2.29417294502886	1	1
AT1TE39785	0	0	0	1	1
AT1TE39790	0	0	0	1	1
AT1TE39795	0	0	0	1	1
AT1TE39800	0	0	0	1	1
AT1TE39805	0	0	0	1	1
AT1TE39810	0	0	0	1	1
AT1TE39815	0	0	0	1	1
AT1TE39820	47.9144961492163	16.016074376659	1.40995864414497	0.296031798314177	1
AT1TE39830	0	0	0	1	1
AT1TE39835	0	0	0	1	1
AT1TE39840	0	0	0	1	1
AT1TE39845	0	0	0	1	1
AT1TE39855	0	0	0	1	1
AT1TE39860	502.885922428236	193.609815096132	1.32450023449001	0.0338706975366434	1
AT1TE39865	0	0	0	1	1
AT1TE39870	0	0	0	1	1
AT1TE39875	0	0	0	1	1
AT1TE39880	0	0	0	1	1
AT1TE39885	0	0	0	1	1
AT1TE39890	0	0	0	1	1
AT1TE39900	0	0	0	1	1
AT1TE39905	0	0	0	1	1
AT1TE39915	0	0	0	1	1
AT1TE39920	0	0	0	1	1
AT1TE39925	0	0	0	1	1
AT1TE39930	0	0	0	1	1
AT1TE39935	0	0	0	1	1
AT1TE39940	0	0	0	1	1
AT1TE39945	0	0	0	1	1
AT1TE39950	0	0	0	1	1
AT1TE39955	0	0	0	1	1
AT1TE39960	0	0	0	1	1
AT1TE39965	0	0	0	1	1
AT1TE39970	0	0	0	1	1
AT1TE39975	0	0	0	1	1
AT1TE39980	0	0	0	1	1
AT1TE39985	0	0	0	1	1
AT1TE39990	0	0	0	1	1
AT1TE39995	0	0	0	1	1
AT1TE40000	0	0	0	1	1
AT1TE40005	0	0	0	1	1
AT1TE40010	0	0	0	1	1
AT1TE40015	0	0	0	1	1
AT1TE40020	0	0	0	1	1
AT1TE40025	0	0	0	1	1
AT1TE40030	0	0	0	1	1
AT1TE40060	0	0	0	1	1
AT1TE40070	0	0	0	1	1
AT1TE40075	0	0	0	1	1
AT1TE40080	0	0	0	1	1
AT1TE40085	0	0	0	1	1
AT1TE40090	0	0	0	1	1
AT1TE40095	0	0	0	1	1
AT1TE40100	0	0	0	1	1
AT1TE40105	0	0	0	1	1
AT1TE40110	0	0	0	1	1
AT1TE40115	0	0	0	1	1
AT1TE40120	0	0	0	1	1
AT1TE40125	0	0	0	1	1
AT1TE40130	0	0	0	1	1
AT1TE40135	0	0	0	1	1
AT1TE40140	0	0	0	1	1
AT1TE40145	0	0	0	1	1
AT1TE40150	0	0	0	1	1
AT1TE40155	0	0	0	1	1
AT1TE40160	0	0	0	1	1
AT1TE40165	0	0	0	1	1
AT1TE40170	0	0	0	1	1
AT1TE40175	0	0	0	1	1
AT1TE40180	0	0	0	1	1
AT1TE40230	0	0	0	1	1
AT1TE40235	0	0	0	1	1
AT1TE40240	0	0	0	1	1
AT1TE40245	227.982372494663	226.89438700267	-0.0555552255786796	1	1
AT1TE40255	0	0	0	1	1
AT1TE40260	0	0	0	1	1
AT1TE40265	0	0	0	1	1
AT1TE40280	0	0	0	1	1
AT1TE40285	0	0	0	1	1
AT1TE40295	0	0	0	1	1
AT1TE40300	0	0	0	1	1
AT1TE40305	0	0	0	1	1
AT1TE40315	0	0	0	1	1
AT1TE40340	0	0	0	1	1
AT1TE40345	0	0	0	1	1
AT1TE40350	0	0	0	1	1
AT1TE40355	0	0	0	1	1
AT1TE40360	0	0	0	1	1
AT1TE40365	0	0	0	1	1
AT1TE40370	0	0	0	1	1
AT1TE40375	0	0	0	1	1
AT1TE40380	0	0	0	1	1
AT1TE40400	0	0	0	1	1
AT1TE40405	0	0	0	1	1
AT1TE40410	0	0	0	1	1
AT1TE40415	0	0	0	1	1
AT1TE40420	0	0	0	1	1
AT1TE40460	1015.8617532543	265.298853305716	1.87940239759668	0.00635071702249316	1
AT1TE40465	7.36655220011452	7.44367976800981	-0.0557300369876518	1	1
AT1TE40470	0	0	0	1	1
AT1TE40520	0	0	0	1	1
AT1TE40525	0	0	0	1	1
AT1TE40530	0	0	0	1	1
AT1TE40560	0	0	0	1	1
AT1TE40565	0	0	0	1	1
AT1TE40570	0	0	0	1	1
AT1TE40575	0	0	0	1	1
AT1TE40580	0	0	0	1	1
AT1TE40585	0	0	0	1	1
AT1TE40590	0	0	0	1	1
AT1TE40595	0	0	0	1	1
AT1TE40600	0	0	0	1	1
AT1TE40605	0	0	0	1	1
AT1TE40610	0	0	0	1	1
AT1TE40615	0	0	0	1	1
AT1TE40620	0	0	0	1	1
AT1TE40630	0	0	0	1	1
AT1TE40635	0	0	0	1	1
AT1TE40640	0	0	0	1	1
AT1TE40645	0	0	0	1	1
AT1TE40670	0	0	0	1	1
AT1TE40675	0	0	0	1	1
AT1TE40680	0	0	0	1	1
AT1TE40685	0	0	0	1	1
AT1TE40690	0	0	0	1	1
AT1TE40695	0	0	0	1	1
AT1TE40700	0	0	0	1	1
AT1TE40705	0	0	0	1	1
AT1TE40710	0	0	0	1	1
AT1TE40720	0	0	0	1	1
AT1TE40725	0	0	0	1	1
AT1TE40730	918.646551108269	895.992140435386	0.0478242649863352	1	1
AT1TE40735	0	0	0	1	1
AT1TE40740	0	0	0	1	1
AT1TE40760	0	0	0	1	1
AT1TE40765	0	0	0	1	1
AT1TE40770	0	0	0	1	1
AT1TE40775	0	0	0	1	1
AT1TE40780	0	0	0	1	1
AT1TE40785	0	0	0	1	1
AT1TE40790	0	0	0	1	1
AT1TE40795	0	0	0	1	1
AT1TE40800	0	0	0	1	1
AT1TE40805	0	0	0	1	1
AT1TE40810	0	0	0	1	1
AT1TE40850	0	0	0	1	1
AT1TE40860	0	0	0	1	1
AT1TE40865	0	0	0	1	1
AT1TE40870	0	0	0	1	1
AT1TE40875	0	0	0	1	1
AT1TE40880	0	0	0	1	1
AT1TE40885	0	0	0	1	1
AT1TE40890	0	0	0	1	1
AT1TE40900	0	0	0	1	1
AT1TE40920	0	0	0	1	1
AT1TE40925	0	0	0	1	1
AT1TE40930	0	0	0	1	1
AT1TE40935	0	0	0	1	1
AT1TE40940	0	0	0	1	1
AT1TE40945	0	0	0	1	1
AT1TE40950	0	0	0	1	1
AT1TE40955	0	0	0	1	1
AT1TE40960	0	0	0	1	1
AT1TE40965	0	0	0	1	1
AT1TE40970	0	0	0	1	1
AT1TE40975	0	0	0	1	1
AT1TE40980	0	0	0	1	1
AT1TE40985	0	0	0	1	1
AT1TE40990	0	0	0	1	1
AT1TE41000	2414.42726464282	3209.12678889348	-0.410569193988954	8.82701785987254e-05	0.344132325039456
AT1TE41005	0	0	0	1	1
AT1TE41010	0	0	0	1	1
AT1TE41020	0	0	0	1	1
AT1TE41025	0	0	0	1	1
AT1TE41030	0	0	0	1	1
AT1TE41035	0	0	0	1	1
AT1TE41040	0	21.3454649793452	-2.34990270056506	1	1
AT1TE41045	0	0	0	1	1
AT1TE41050	0	0	0	1	1
AT1TE41055	0	0	0	1	1
AT1TE41070	115.866827732872	241.410298430238	-1.04543746274232	0.166740122828422	1
AT1TE41075	148.099351733941	196.596499832417	-0.371840290748189	1	1
AT1TE41080	15.3485378751753	46.5277097397879	-1.43723580351365	0.628706003923621	1
AT1TE41085	0	0	0	1	1
AT1TE41090	0	0	0	1	1
AT1TE41095	0	47.4895228610239	-2.34990270044537	0.999999999999999	1
AT1TE41110	0	0	0	1	1
AT1TE41115	0	0	0	1	1
AT1TE41120	0	0	0	1	1
AT1TE41125	0	0	0	1	1
AT1TE41130	0	0	0	1	1
AT1TE41135	0	0	0	1	1
AT1TE41140	0	0	0	1	1
AT1TE41145	181.859625584868	198.495833571531	-0.111918927606278	1	1
AT1TE41150	0	0	0	1	1
AT1TE41155	0	0	0	1	1
AT1TE41160	0	0	0	1	1
AT1TE41165	0	0	0	1	1
AT1TE41170	0	0	0	1	1
AT1TE41175	0	0	0	1	1
AT1TE41180	0	0	0	1	1
AT1TE41185	0	0	0	1	1
AT1TE41190	0	0	0	1	1
AT1TE41195	0	0	0	1	1
AT1TE41200	0	0	0	1	1
AT1TE41205	0	0	0	1	1
AT1TE41210	0	0	0	1	1
AT1TE41215	0	0	0	1	1
AT1TE41220	0	0	0	1	1
AT1TE41225	0	0	0	1	1
AT1TE41230	0	0	0	1	1
AT1TE41235	0	0	0	1	1
AT1TE41240	0	0	0	1	1
AT1TE41245	0	0	0	1	1
AT1TE41250	0	0	0	1	1
AT1TE41255	0	0	0	1	1
AT1TE41260	0	0	0	1	1
AT1TE41265	0	0	0	1	1
AT1TE41270	0	0	0	1	1
AT1TE41275	0	0	0	1	1
AT1TE41280	0	0	0	1	1
AT1TE41285	0	0	0	1	1
AT1TE41290	0	0	0	1	1
AT1TE41295	0	0	0	1	1
AT1TE41300	0	0	0	1	1
AT1TE41310	0	0	0	1	1
AT1TE41315	0	0	0	1	1
AT1TE41340	0	0	0	1	1
AT1TE41345	0	0	0	1	1
AT1TE41350	0	0	0	1	1
AT1TE41360	0	0	0	1	1
AT1TE41365	0	0	0	1	1
AT1TE41370	0	0	0	1	1
AT1TE41375	0	0	0	1	1
AT1TE41380	0	0	0	1	1
AT1TE41385	0	0	0	1	1
AT1TE41390	0	0	0	1	1
AT1TE41395	0	0	0	1	1
AT1TE41400	0	0	0	1	1
AT1TE41405	0	0	0	1	1
AT1TE41415	0	0	0	1	1
AT1TE41420	0	0	0	1	1
AT1TE41425	0	0	0	1	1
AT1TE41430	0	0	0	1	1
AT1TE41435	0	0	0	1	1
AT1TE41445	68.1423327382571	115.252038084956	-0.755361798585918	0.732515239472261	1
AT1TE41450	0	0	0	1	1
AT1TE41455	0	0	0	1	1
AT1TE41460	0	0	0	1	1
AT1TE41465	0	0	0	1	1
AT1TE41470	0	0	0	1	1
AT1TE41475	0	0	0	1	1
AT1TE41480	0	0	0	1	1
AT1TE41485	0	0	0	1	1
AT1TE41490	0	0	0	1	1
AT1TE41495	0	0	0	1	1
AT1TE41500	0	9.95371083540662	-2.35098263323887	1	1
AT1TE41505	0	0	0	1	1
AT1TE41510	0	0	0	1	1
AT1TE41515	0	0	0	1	1
AT1TE41520	0	0	0	1	1
AT1TE41525	0	0	0	1	1
AT1TE41530	0	0	0	1	1
AT1TE41535	0	0	0	1	1
AT1TE41540	0	0	0	1	1
AT1TE41545	14.6909882037133	0	2.29434778015787	1	1
AT1TE41550	0	0	0	1	1
AT1TE41560	0	0	0	1	1
AT1TE41565	0	0	0	1	1
AT1TE41570	0	0	0	1	1
AT1TE41575	0	0	0	1	1
AT1TE41580	0	0	0	1	1
AT1TE41585	0	0	0	1	1
AT1TE41590	0	0	0	1	1
AT1TE41595	0	0	0	1	1
AT1TE41600	0	0	0	1	1
AT1TE41605	0	0	0	1	1
AT1TE41610	0	0	0	1	1
AT1TE41615	0	0	0	1	1
AT1TE41620	0	0	0	1	1
AT1TE41625	0	0	0	1	1
AT1TE41630	0	0	0	1	1
AT1TE41670	0	0	0	1	1
AT1TE41680	0	0	0	1	1
AT1TE41685	0	0	0	1	1
AT1TE41710	0	0	0	1	1
AT1TE41720	0	0	0	1	1
AT1TE41725	0	0	0	1	1
AT1TE41730	0	0	0	1	1
AT1TE41735	0	0	0	1	1
AT1TE41740	0	0	0	1	1
AT1TE41745	0	0	0	1	1
AT1TE41750	0	0	0	1	1
AT1TE41755	0	0	0	1	1
AT1TE41760	0	0	0	1	1
AT1TE41765	0	0	0	1	1
AT1TE41790	1180.21740917491	942.900071630819	0.329439618059631	0.144126222119887	1
AT1TE41795	3216.71600127718	2199.01355962137	0.551863691273949	0.102436879146237	1
AT1TE41800	1914.08623176963	1688.99263092019	0.181451818736507	0.122585216108911	1
AT1TE41805	0	0	0	1	1
AT1TE41810	0	0	0	1	1
AT1TE41815	0	0	0	1	1
AT1TE41820	0	0	0	1	1
AT1TE41825	0	0	0	1	1
AT1TE41830	0	0	0	1	1
AT1TE41835	0	0	0	1	1
AT1TE41840	0	0	0	1	1
AT1TE41845	0	0	0	1	1
AT1TE41850	0	0	0	1	1
AT1TE41855	0	0	0	1	1
AT1TE41860	0	0	0	1	1
AT1TE41865	0	0	0	1	1
AT1TE41870	0	0	0	1	1
AT1TE41875	0	0	0	1	1
AT1TE41880	0	35.4112627113993	-2.34990270032568	1	1
AT1TE41890	0	0	0	1	1
AT1TE41895	0	0	0	1	1
AT1TE41900	0	0	0	1	1
AT1TE41905	0	0	0	1	1
AT1TE41910	0	0	0	1	1
AT1TE41915	129.392398418352	47.3852713009498	1.3176018676741	0.627818452476253	1
AT1TE41925	0	0	0	1	1
AT1TE41930	0	0	0	1	1
AT1TE41935	0	0	0	1	1
AT1TE41940	0	17.8085710728839	-2.34990270020598	0.999999999999995	1
AT1TE41945	26.1528883816086	57.7571547187543	-1.04385277733058	0.61501669954264	1
AT1TE41950	0	0	0	1	1
AT1TE41955	0	0	0	1	1
AT1TE41960	0	0	0	1	1
AT1TE41965	0	0	0	1	1
AT1TE41975	0	0	0	1	1
AT1TE41980	0	0	0	1	1
AT1TE41985	0	0	0	1	1
AT1TE41990	0	0	0	1	1
AT1TE41995	0	0	0	1	1
AT1TE42000	0	0	0	1	1
AT1TE42005	0	0	0	1	1
AT1TE42010	0	0	0	1	1
AT1TE42015	0	0	0	1	1
AT1TE42020	0	0	0	1	1
AT1TE42025	0	0	0	1	1
AT1TE42030	0	0	0	1	1
AT1TE42035	0	0	0	1	1
AT1TE42040	0	0	0	1	1
AT1TE42045	0	0	0	1	1
AT1TE42050	0	0	0	1	1
AT1TE42055	0	0	0	1	1
AT1TE42060	0	0	0	1	1
AT1TE42065	0	0	0	1	1
AT1TE42070	0	0	0	1	1
AT1TE42075	0	0	0	1	1
AT1TE42080	0	5.21201279994955	-2.35098263304749	0.999999999999999	1
AT1TE42100	0	0	0	1	1
AT1TE42110	0	0	0	1	1
AT1TE42115	0	0	0	1	1
AT1TE42120	0	0	0	1	1
AT1TE42125	0	0	0	1	1
AT1TE42135	0	0	0	1	1
AT1TE42140	0	0	0	1	1
AT1TE42145	0	0	0	1	1
AT1TE42150	0	0	0	1	1
AT1TE42155	79.4261168691083	43.411022740225	0.788314066240645	1	1
AT1TE42160	41.2426698006412	55.5659723271844	-0.44656238592342	0.999999999999999	1
AT1TE42165	23.0519865425637	0	2.29417294501704	1	1
AT1TE42170	448.662607183522	459.78193070718	-0.0242111266965299	1	1
AT1TE42175	2126.08984511702	1903.33529256263	0.157034630496808	0.526834008966594	1
AT1TE42185	841.234611924862	984.594269488279	-0.25175829450616	1	1
AT1TE42190	250.454940176645	369.994039242796	-0.566658915012702	0.133321050154595	1
AT1TE42195	488.230227030927	355.219607063579	0.449407779797514	0.558882936487439	1
AT1TE42205	0	0	0	1	1
AT1TE42210	0	0	0	1	1
AT1TE42215	0	0	0	1	1
AT1TE42220	0	0	0	1	1
AT1TE42225	0	0	0	1	1
AT1TE42230	0	0	0	1	1
AT1TE42235	0	0	0	1	1
AT1TE42245	0	0	0	1	1
AT1TE42250	0	0	0	1	1
AT1TE42255	0	0	0	1	1
AT1TE42260	0	0	0	1	1
AT1TE42265	0	0	0	1	1
AT1TE42270	0	0	0	1	1
AT1TE42275	10.6176400362421	0	2.29417294500522	1	1
AT1TE42280	0	0	0	1	1
AT1TE42285	0	0	0	1	1
AT1TE42290	0	0	0	1	1
AT1TE42300	0	0	0	1	1
AT1TE42305	0	0	0	1	1
AT1TE42310	0	0	0	1	1
AT1TE42315	0	0	0	1	1
AT1TE42320	0	0	0	1	1
AT1TE42330	0	0	0	1	1
AT1TE42335	0	0	0	1	1
AT1TE42340	0	0	0	1	1
AT1TE42345	0	0	0	1	1
AT1TE42350	0	0	0	1	1
AT1TE42355	0	0	0	1	1
AT1TE42360	0	0	0	1	1
AT1TE42365	0	0	0	1	1
AT1TE42370	0	0	0	1	1
AT1TE42375	0	0	0	1	1
AT1TE42380	0	0	0	1	1
AT1TE42385	0	0	0	1	1
AT1TE42395	0	0	0	1	1
AT1TE42400	0	0	0	1	1
AT1TE42405	0	0	0	1	1
AT1TE42410	0	0	0	1	1
AT1TE42415	0	0	0	1	1
AT1TE42420	0	0	0	1	1
AT1TE42425	0	0	0	1	1
AT1TE42430	0	0	0	1	1
AT1TE42435	0	0	0	1	1
AT1TE42440	0	0	0	1	1
AT1TE42445	0	0	0	1	1
AT1TE42450	0	0	0	1	1
AT1TE42455	0	0	0	1	1
AT1TE42460	0	0	0	1	1
AT1TE42465	0	0	0	1	1
AT1TE42470	0	0	0	1	1
AT1TE42475	0	0	0	1	1
AT1TE42485	0	0	0	1	1
AT1TE42490	0	0	0	1	1
AT1TE42495	0	0	0	1	1
AT1TE42500	0	0	0	1	1
AT1TE42505	0	0	0	1	1
AT1TE42510	0	0	0	1	1
AT1TE42515	0	0	0	1	1
AT1TE42520	0	0	0	1	1
AT1TE42525	0	0	0	1	1
AT1TE42530	0	0	0	1	1
AT1TE42535	0	0	0	1	1
AT1TE42540	0	0	0	1	1
AT1TE42545	0	0	0	1	1
AT1TE42550	0	0	0	1	1
AT1TE42555	0	0	0	1	1
AT1TE42560	0	0	0	1	1
AT1TE42570	0	0	0	1	1
AT1TE42575	0	0	0	1	1
AT1TE42580	0	0	0	1	1
AT1TE42585	0	0	0	1	1
AT1TE42590	0	0	0	1	1
AT1TE42595	0	0	0	1	1
AT1TE42600	0	0	0	1	1
AT1TE42605	0	0	0	1	1
AT1TE42615	0	0	0	1	1
AT1TE42620	0	0	0	1	1
AT1TE42625	0	0	0	1	1
AT1TE42630	0	0	0	1	1
AT1TE42635	0	0	0	1	1
AT1TE42640	0	0	0	1	1
AT1TE42645	0	0	0	1	1
AT1TE42650	0	0	0	1	1
AT1TE42655	0	0	0	1	1
AT1TE42660	4.01796609487982	0	2.29434778016435	1	1
AT1TE42665	0	0	0	1	1
AT1TE42670	0	0	0	1	1
AT1TE42675	0	0	0	1	1
AT1TE42680	0	0	0	1	1
AT1TE42685	0	0	0	1	1
AT1TE42695	0	0	0	1	1
AT1TE42700	0	0	0	1	1
AT1TE42705	30.4656907572576	129.194542450321	-1.8268249647582	0.379410530355545	1
AT1TE42710	0	0	0	1	1
AT1TE42715	0	0	0	1	1
AT1TE42720	0	0	0	1	1
AT1TE42725	0	0	0	1	1
AT1TE42735	0	0	0	1	1
AT1TE42740	0	0	0	1	1
AT1TE42745	0	0	0	1	1
AT1TE42750	0	0	0	1	1
AT1TE42755	0	0	0	1	1
AT1TE42760	0	0	0	1	1
AT1TE42765	0	0	0	1	1
AT1TE42780	0	0	0	1	1
AT1TE42785	0	0	0	1	1
AT1TE42790	0	0	0	1	1
AT1TE42795	0	0	0	1	1
AT1TE42800	0	0	0	1	1
AT1TE42805	0	0	0	1	1
AT1TE42810	0	0	0	1	1
AT1TE42815	0	0	0	1	1
AT1TE42820	0	0	0	1	1
AT1TE42825	0	64.5972712251606	-3.20159065913985	0.501869414372885	1
AT1TE42835	0	0	0	1	1
AT1TE42840	0	0	0	1	1
AT1TE42850	0	0	0	1	1
AT1TE42855	0	0	0	1	1
AT1TE42860	0	0	0	1	1
AT1TE42865	0	0	0	1	1
AT1TE42875	0	6.79927685801562	-2.34990270008629	1	1
AT1TE42880	0	0	0	1	1
AT1TE42885	0	0	0	1	1
AT1TE42890	0	0	0	1	1
AT1TE42900	75.0742741912912	158.144110398328	-1.04354738175907	0.201362626758147	1
AT1TE42905	170.986779370997	186.908570131524	-0.0566342473563952	1	1
AT1TE42910	0	0	0	1	1
AT1TE42915	0	0	0	1	1
AT1TE42920	0	0	0	1	1
AT1TE42925	0	0	0	1	1
AT1TE42930	0	0	0	1	1
AT1TE42935	0	0	0	1	1
AT1TE42945	0	0	0	1	1
AT1TE42950	4.20434983404595	0	2.2941729449934	0.999999999999992	1
AT1TE42955	0	0	0	1	1
AT1TE42960	0	0	0	1	1
AT1TE42965	0	0	0	1	1
AT1TE42970	0	0	0	1	1
AT1TE42975	0	0	0	1	1
AT1TE42985	0	0	0	1	1
AT1TE42990	0	0	0	1	1
AT1TE42995	0	0	0	1	1
AT1TE43000	0	0	0	1	1
AT1TE43005	0	0	0	1	1
AT1TE43010	0	0	0	1	1
AT1TE43015	0	0	0	1	1
AT1TE43020	0	0	0	1	1
AT1TE43025	0	0	0	1	1
AT1TE43030	0	0	0	1	1
AT1TE43035	0	0	0	1	1
AT1TE43040	0	0	0	1	1
AT1TE43045	0	0	0	1	1
AT1TE43050	0	0	0	1	1
AT1TE43055	159.280809303649	210.639106963304	-0.371739532478072	1	1
AT1TE43060	457.02172446861	0	3.66838838516156	0.252812888742041	1
AT1TE43070	0	14.7397777102626	-3.20276800444086	0.502193510168242	1
AT1TE43075	0	0	0	1	1
AT1TE43080	0	0	0	1	1
AT1TE43085	0	0	0	1	1
AT1TE43090	0	0	0	1	1
AT1TE43095	0	0	0	1	1
AT1TE43100	0	0	0	1	1
AT1TE43105	0	0	0	1	1
AT1TE43110	0	0	0	1	1
AT1TE43115	0	0	0	1	1
AT1TE43120	1896.01468031657	1646.61875300311	0.200735201939941	0.339796169592991	1
AT1TE43130	0	0	0	1	1
AT1TE43135	0	0	0	1	1
AT1TE43140	0	0	0	1	1
AT1TE43145	0	8.23587334728871	-3.20276798797123	0.502193480218204	1
AT1TE43150	0	0	0	1	1
AT1TE43155	6.14875503113007	0	2.29417294498159	0.999999999999992	1
AT1TE43160	0	0	0	1	1
AT1TE43165	0	0	0	1	1
AT1TE43170	0	0	0	1	1
AT1TE43175	0	0	0	1	1
AT1TE43180	0	0	0	1	1
AT1TE43185	0	0	0	1	1
AT1TE43190	0	0	0	1	1
AT1TE43195	0	0	0	1	1
AT1TE43220	0	0	0	1	1
AT1TE43225	0	1.29516880530065	-2.3499026999666	1	1
AT1TE43230	0	0	0	1	1
AT1TE43235	0	0	0	1	1
AT1TE43240	0	0	0	1	1
AT1TE43245	0	0	0	1	1
AT1TE43250	0	0	0	1	1
AT1TE43255	0	0	0	1	1
AT1TE43260	0	0	0	1	1
AT1TE43265	0	0	0	1	1
AT1TE43270	0	0	0	1	1
AT1TE43275	0	0	0	1	1
AT1TE43280	0	0	0	1	1
AT1TE43290	0	0	0	1	1
AT1TE43295	0	0	0	1	1
AT1TE43300	0	0	0	1	1
AT1TE43305	0	0	0	1	1
AT1TE43310	0	0	0	1	1
AT1TE43315	0	0	0	1	1
AT1TE43320	0	0	0	1	1
AT1TE43325	0	0	0	1	1
AT1TE43330	0	0	0	1	1
AT1TE43335	0	0	0	1	1
AT1TE43340	0	0	0	1	1
AT1TE43345	0	0	0	1	1
AT1TE43350	0	0	0	1	1
AT1TE43355	0	0	0	1	1
AT1TE43360	483.666673414327	459.669062608401	0.079967256084115	1	1
AT1TE43370	0	0	0	1	1
AT1TE43375	0	0	0	1	1
AT1TE43380	0	0	0	1	1
AT1TE43385	0	0	0	1	1
AT1TE43395	0	0	0	1	1
AT1TE43400	0	0	0	1	1
AT1TE43405	0	0	0	1	1
AT1TE43410	0	0	0	1	1
AT1TE43415	0	0	0	1	1
AT1TE43420	0	0	0	1	1
AT1TE43425	0	0	0	1	1
AT1TE43430	0	0	0	1	1
AT1TE43435	0	0	0	1	1
AT1TE43440	0	0	0	1	1
AT1TE43445	0	0	0	1	1
AT1TE43450	0	0	0	1	1
AT1TE43455	0	0	0	1	1
AT1TE43460	0	0	0	1	1
AT1TE43465	0	0	0	1	1
AT1TE43470	0	0	0	1	1
AT1TE43475	0	0	0	1	1
AT1TE43480	0	0	0	1	1
AT1TE43485	0	0	0	1	1
AT1TE43490	0	0	0	1	1
AT1TE43495	0	0	0	1	1
AT1TE43505	0	0	0	1	1
AT1TE43510	0	0	0	1	1
AT1TE43515	0	0	0	1	1
AT1TE43520	0	0	0	1	1
AT1TE43525	0	0	0	1	1
AT1TE43530	0	0	0	1	1
AT1TE43535	0	0	0	1	1
AT1TE43540	0	0	0	1	1
AT1TE43545	0	0	0	1	1
AT1TE43550	0	0	0	1	1
AT1TE43555	0	0	0	1	1
AT1TE43565	0	0	0	1	1
AT1TE43570	0	0	0	1	1
AT1TE43575	0	0	0	1	1
AT1TE43580	0	0	0	1	1
AT1TE43585	0	0	0	1	1
AT1TE43600	0	0	0	1	1
AT1TE43605	0	0	0	1	1
AT1TE43610	0	0	0	1	1
AT1TE43615	0	0	0	1	1
AT1TE43620	0	0	0	1	1
AT1TE43625	0	0	0	1	1
AT1TE43630	0	0	0	1	1
AT1TE43635	0	0	0	1	1
AT1TE43640	3.69900699249192	0	2.29417294496977	0.999999999999997	1
AT1TE43645	0	0	0	1	1
AT1TE43650	0	0	0	1	1
AT1TE43655	0	0	0	1	1
AT1TE43660	0	0	0	1	1
AT1TE43665	0	0	0	1	1
AT1TE43670	0	0	0	1	1
AT1TE43675	0	0	0	1	1
AT1TE43680	0	0	0	1	1
AT1TE43685	0	0	0	1	1
AT1TE43690	0	0	0	1	1
AT1TE43695	0	0	0	1	1
AT1TE43705	0	0	0	1	1
AT1TE43710	0	0	0	1	1
AT1TE43715	0	0	0	1	1
AT1TE43720	0	0	0	1	1
AT1TE43725	0	0	0	1	1
AT1TE43730	0	0	0	1	1
AT1TE43735	0	0	0	1	1
AT1TE43740	0	0	0	1	1
AT1TE43745	0	0	0	1	1
AT1TE43770	0	0	0	1	1
AT1TE43775	0	0	0	1	1
AT1TE43780	0	0	0	1	1
AT1TE43785	0	0	0	1	1
AT1TE43790	0	0	0	1	1
AT1TE43795	0	0	0	1	1
AT1TE43800	0	0	0	1	1
AT1TE43805	0	0	0	1	1
AT1TE43810	0	0	0	1	1
AT1TE43815	0	0	0	1	1
AT1TE43820	0	0	0	1	1
AT1TE43825	0	0	0	1	1
AT1TE43830	0	0	0	1	1
AT1TE43835	0	0	0	1	1
AT1TE43840	0	0	0	1	1
AT1TE43845	0	0	0	1	1
AT1TE43850	0	0	0	1	1
AT1TE43855	0	0	0	1	1
AT1TE43860	0	0	0	1	1
AT1TE43865	0	0	0	1	1
AT1TE43870	0	0	0	1	1
AT1TE43875	0	0	0	1	1
AT1TE43880	0	0	0	1	1
AT1TE43885	0	0	0	1	1
AT1TE43890	0	0	0	1	1
AT1TE43895	0	0	0	1	1
AT1TE43900	0	0	0	1	1
AT1TE43905	0	0	0	1	1
AT1TE43910	0	0	0	1	1
AT1TE43915	0	0	0	1	1
AT1TE43920	0	0	0	1	1
AT1TE43925	0	0	0	1	1
AT1TE43930	0	0	0	1	1
AT1TE43935	0	0	0	1	1
AT1TE43940	0	0	0	1	1
AT1TE43945	0	0	0	1	1
AT1TE43950	0	0	0	1	1
AT1TE43955	0	0	0	1	1
AT1TE43960	0	0	0	1	1
AT1TE43965	0	0	0	1	1
AT1TE43970	0	0	0	1	1
AT1TE43975	0	0	0	1	1
AT1TE43980	0	0	0	1	1
AT1TE43985	0	0	0	1	1
AT1TE43990	0	0	0	1	1
AT1TE44000	41.3122419956771	82.2301805244574	-0.906101803998502	1	1
AT1TE44005	0	0	0	1	1
AT1TE44010	0	0	0	1	1
AT1TE44015	0	0	0	1	1
AT1TE44020	0	0	0	1	1
AT1TE44025	0	0	0	1	1
AT1TE44030	0	0	0	1	1
AT1TE44035	0	0	0	1	1
AT1TE44040	0	0	0	1	1
AT1TE44045	0	0	0	1	1
AT1TE44050	0	0	0	1	1
AT1TE44055	0	0	0	1	1
AT1TE44060	0	0	0	1	1
AT1TE44080	0	0	0	1	1
AT1TE44085	0	0	0	1	1
AT1TE44090	0	0	0	1	1
AT1TE44095	0	0	0	1	1
AT1TE44100	0	0	0	1	1
AT1TE44105	0	0	0	1	1
AT1TE44110	0	0	0	1	1
AT1TE44115	0	0	0	1	1
AT1TE44120	0	0	0	1	1
AT1TE44125	0	0	0	1	1
AT1TE44130	0	0	0	1	1
AT1TE44135	0	0	0	1	1
AT1TE44140	0	0	0	1	1
AT1TE44145	0	0	0	1	1
AT1TE44150	0	0	0	1	1
AT1TE44155	0	0	0	1	1
AT1TE44160	0	0	0	1	1
AT1TE44165	0	0	0	1	1
AT1TE44170	0	0	0	1	1
AT1TE44175	0	0	0	1	1
AT1TE44180	0	0	0	1	1
AT1TE44185	0	0	0	1	1
AT1TE44190	0	0	0	1	1
AT1TE44195	0	0	0	1	1
AT1TE44200	0	0	0	1	1
AT1TE44205	0	0	0	1	1
AT1TE44210	0	0	0	1	1
AT1TE44215	0	0	0	1	1
AT1TE44220	0	0	0	1	1
AT1TE44225	0	0	0	1	1
AT1TE44230	0	0	0	1	1
AT1TE44235	0	0	0	1	1
AT1TE44240	0	0	0	1	1
AT1TE44245	0	0	0	1	1
AT1TE44250	0	0	0	1	1
AT1TE44255	0	0	0	1	1
AT1TE44260	0	0	0	1	1
AT1TE44265	0	0	0	1	1
AT1TE44270	0	0	0	1	1
AT1TE44275	0	0	0	1	1
AT1TE44280	0	0	0	1	1
AT1TE44285	0	0	0	1	1
AT1TE44290	0	0	0	1	1
AT1TE44330	0	0	0	1	1
AT1TE44335	0	0	0	1	1
AT1TE44340	0	0	0	1	1
AT1TE44345	0	0	0	1	1
AT1TE44350	0	0	0	1	1
AT1TE44355	49.2900200056443	0	2.29417294495795	1	1
AT1TE44380	0	0	0	1	1
AT1TE44385	0	0	0	1	1
AT1TE44390	0	0	0	1	1
AT1TE44395	0	0	0	1	1
AT1TE44400	0	0	0	1	1
AT1TE44405	0	0	0	1	1
AT1TE44410	0	0	0	1	1
AT1TE44415	0	0	0	1	1
AT1TE44420	0	0	0	1	1
AT1TE44425	0	0	0	1	1
AT1TE44430	0	0	0	1	1
AT1TE44435	0	0	0	1	1
AT1TE44440	0	0	0	1	1
AT1TE44445	0	0	0	1	1
AT1TE44450	0	0	0	1	1
AT1TE44455	0	0	0	1	1
AT1TE44460	0	0	0	1	1
AT1TE44465	0	0	0	1	1
AT1TE44470	0	0	0	1	1
AT1TE44475	0	0	0	1	1
AT1TE44480	0	0	0	1	1
AT1TE44485	0	0	0	1	1
AT1TE44490	0	0	0	1	1
AT1TE44495	0	0	0	1	1
AT1TE44505	0	0	0	1	1
AT1TE44510	0	0	0	1	1
AT1TE44515	0	0	0	1	1
AT1TE44520	0	0	0	1	1
AT1TE44525	0	0	0	1	1
AT1TE44530	0	0	0	1	1
AT1TE44535	0	0	0	1	1
AT1TE44540	0	0	0	1	1
AT1TE44545	0	0	0	1	1
AT1TE44550	0	0	0	1	1
AT1TE44555	0	0	0	1	1
AT1TE44560	0	0	0	1	1
AT1TE44565	0	0	0	1	1
AT1TE44575	0	0	0	1	1
AT1TE44585	0	0	0	1	1
AT1TE44590	0	0	0	1	1
AT1TE44595	0	0	0	1	1
AT1TE44600	0	0	0	1	1
AT1TE44605	0	0	0	1	1
AT1TE44610	0	0	0	1	1
AT1TE44615	0	0	0	1	1
AT1TE44620	0	0	0	1	1
AT1TE44625	0	0	0	1	1
AT1TE44630	0	0	0	1	1
AT1TE44640	0	0	0	1	1
AT1TE44645	0	0	0	1	1
AT1TE44650	0	0	0	1	1
AT1TE44660	0	0	0	1	1
AT1TE44665	0	0	0	1	1
AT1TE44670	0	0	0	1	1
AT1TE44675	0	0	0	1	1
AT1TE44680	0	0	0	1	1
AT1TE44685	0	0	0	1	1
AT1TE44690	0	0	0	1	1
AT1TE44695	0	0	0	1	1
AT1TE44700	0	0	0	1	1
AT1TE44705	0	0	0	1	1
AT1TE44710	0	0	0	1	1
AT1TE44715	0	0	0	1	1
AT1TE44720	0	0	0	1	1
AT1TE44725	0	0	0	1	1
AT1TE44730	0	0	0	1	1
AT1TE44735	0	0	0	1	1
AT1TE44740	0	0	0	1	1
AT1TE44745	0	0	0	1	1
AT1TE44750	12.2726163171948	0	2.29417294494613	1	1
AT1TE44755	0	0	0	1	1
AT1TE44760	0	0	0	1	1
AT1TE44765	0	0	0	1	1
AT1TE44770	0	0	0	1	1
AT1TE44775	0	11.386893028015	-2.34990269984691	0.999999999999994	1
AT1TE44780	0	0	0	1	1
AT1TE44785	0	0	0	1	1
AT1TE44790	0	0	0	1	1
AT1TE44795	0	0	0	1	1
AT1TE44800	0	0	0	1	1
AT1TE44805	0	0	0	1	1
AT1TE44810	0	0	0	1	1
AT1TE44815	0	0	0	1	1
AT1TE44820	0	0	0	1	1
AT1TE44825	0	0	0	1	1
AT1TE44830	0	0	0	1	1
AT1TE44850	0	0	0	1	1
AT1TE44855	0	0	0	1	1
AT1TE44860	0	0	0	1	1
AT1TE44865	0	0	0	1	1
AT1TE44875	0	0	0	1	1
AT1TE44880	0	0	0	1	1
AT1TE44885	0	0	0	1	1
AT1TE44890	0	0	0	1	1
AT1TE44895	0	0	0	1	1
AT1TE44900	0	0	0	1	1
AT1TE44905	0	0	0	1	1
AT1TE44910	0	0	0	1	1
AT1TE44915	0	0	0	1	1
AT1TE44920	0	0	0	1	1
AT1TE44925	0	0	0	1	1
AT1TE44930	0	0	0	1	1
AT1TE44935	0	0	0	1	1
AT1TE44940	0	0	0	1	1
AT1TE44945	0	0	0	1	1
AT1TE44950	0	0	0	1	1
AT1TE44955	0	0	0	1	1
AT1TE44960	0	0	0	1	1
AT1TE44965	0	0	0	1	1
AT1TE44970	0	0	0	1	1
AT1TE44975	0	0	0	1	1
AT1TE44980	2.63169049053266	0	2.29434778017084	1	1
AT1TE44985	0	0	0	1	1
AT1TE44990	0	0	0	1	1
AT1TE44995	0	0	0	1	1
AT1TE45000	0	0	0	1	1
AT1TE45005	0	0	0	1	1
AT1TE45010	0	0	0	1	1
AT1TE45015	0	0	0	1	1
AT1TE45020	0	0	0	1	1
AT1TE45025	0	0	0	1	1
AT1TE45030	0	0	0	1	1
AT1TE45035	0	30.6798495794915	-3.20159065958499	0.501869432385509	1
AT1TE45040	0	0	0	1	1
AT1TE45045	0	24.4680309990359	-2.35098263285611	1	1
AT1TE45050	0	0	0	1	1
AT1TE45055	0	0	0	1	1
AT1TE45060	0	0	0	1	1
AT1TE45065	0	0	0	1	1
AT1TE45070	0	0	0	1	1
AT1TE45075	0	0	0	1	1
AT1TE45080	0	1.0147670116071	-2.34990269972722	0.999999999999996	1
AT1TE45085	0	0	0	1	1
AT1TE45090	0	0	0	1	1
AT1TE45095	0	0	0	1	1
AT1TE45100	0	0	0	1	1
AT1TE45105	0	0	0	1	1
AT1TE45110	0	0	0	1	1
AT1TE45115	0	0	0	1	1
AT1TE45120	0	0	0	1	1
AT1TE45125	0	0	0	1	1
AT1TE45130	0	0	0	1	1
AT1TE45135	0	0	0	1	1
AT1TE45140	0	0	0	1	1
AT1TE45145	0	0	0	1	1
AT1TE45150	0	0	0	1	1
AT1TE45155	0	0	0	1	1
AT1TE45160	0	0	0	1	1
AT1TE45165	0	0	0	1	1
AT1TE45170	0	0	0	1	1
AT1TE45175	0	0	0	1	1
AT1TE45180	0	0	0	1	1
AT1TE45185	0	0	0	1	1
AT1TE45190	0	0	0	1	1
AT1TE45195	0	0	0	1	1
AT1TE45200	0	0	0	1	1
AT1TE45205	0	0	0	1	1
AT1TE45210	0	0	0	1	1
AT1TE45215	0	0	0	1	1
AT1TE45220	0	0	0	1	1
AT1TE45225	0	0	0	1	1
AT1TE45230	0	0	0	1	1
AT1TE45235	0	0	0	1	1
AT1TE45240	0	0	0	1	1
AT1TE45245	0	0	0	1	1
AT1TE45250	0	0	0	1	1
AT1TE45255	0	0	0	1	1
AT1TE45260	0	0	0	1	1
AT1TE45265	0	0	0	1	1
AT1TE45270	0	0	0	1	1
AT1TE45275	0	0	0	1	1
AT1TE45280	0	0	0	1	1
AT1TE45285	0	0	0	1	1
AT1TE45290	0	0	0	1	1
AT1TE45295	0	0	0	1	1
AT1TE45300	0	0	0	1	1
AT1TE45310	0	0	0	1	1
AT1TE45315	2.30213497653095	0	3.13896423263666	0.502158477580028	1
AT1TE45320	0	0	0	1	1
AT1TE45325	0	0	0	1	1
AT1TE45330	0	0	0	1	1
AT1TE45335	0	0	0	1	1
AT1TE45340	0	0	0	1	1
AT1TE45345	0	0	0	1	1
AT1TE45350	0	0	0	1	1
AT1TE45355	0	0	0	1	1
AT1TE45360	0	0	0	1	1
AT1TE45365	15.9020917001816	0	4.05427859056723	0.130256973475856	1
AT1TE45370	0	37.1281724186186	-2.34990269960753	0.999999999999995	1
AT1TE45375	0	0	0	1	1
AT1TE45380	0	0	0	1	1
AT1TE45385	0	0	0	1	1
AT1TE45390	0	0	0	1	1
AT1TE45395	0	0	0	1	1
AT1TE45400	0	0	0	1	1
AT1TE45405	0	0	0	1	1
AT1TE45410	0	0	0	1	1
AT1TE45415	0	9.77057168911017	-2.34990269948784	0.999999999999994	1
AT1TE45420	0	0	0	1	1
AT1TE45425	5.15538028254262	0	2.29434778017731	0.999999999999991	1
AT1TE45430	0	0	0	1	1
AT1TE45435	0	0	0	1	1
AT1TE45440	0	0	0	1	1
AT1TE45445	0	0	0	1	1
AT1TE45450	0	0	0	1	1
AT1TE45455	0	0	0	1	1
AT1TE45460	0	0	0	1	1
AT1TE45465	0	0	0	1	1
AT1TE45470	0	0	0	1	1
AT1TE45475	0	0	0	1	1
AT1TE45480	0	0	0	1	1
AT1TE45485	0	0	0	1	1
AT1TE45490	0	17.8085710728839	-2.34990269936814	1	1
AT1TE45495	0	11.3087538230838	-2.35098263266474	0.999999999999997	1
AT1TE45500	0	0	0	1	1
AT1TE45505	0	0	0	1	1
AT1TE45510	108.606191271557	261.114206647224	-1.19081670216663	0.278566697215619	1
AT1TE45515	0	0	0	1	1
AT1TE45520	0	0	0	1	1
AT1TE45525	0	0	0	1	1
AT1TE45530	0	0	0	1	1
AT1TE45535	0	0	0	1	1
AT1TE45540	0	0	0	1	1
AT1TE45545	0	0	0	1	1
AT1TE45550	0	0	0	1	1
AT1TE45555	0	0	0	1	1
AT1TE45560	0.78026670773937	0	2.2943477801838	0.999999999999992	1
AT1TE45570	0	0	0	1	1
AT1TE45575	0	0	0	1	1
AT1TE45580	0	0	0	1	1
AT1TE45585	0	0	0	1	1
AT1TE45590	0	0	0	1	1
AT1TE45595	8.64860550740978	0	2.29417294493431	0.999999999999995	1
AT1TE45600	30869.5125301034	29082.2642970322	0.0866229526903258	0.605119556537582	1
AT1TE45605	0	0	0	1	1
AT1TE45610	0	0	0	1	1
AT1TE45615	0	0	0	1	1
AT1TE45620	0	0	0	1	1
AT1TE45625	0	0	0	1	1
AT1TE45630	0	0	0	1	1
AT1TE45635	0	0	0	1	1
AT1TE45640	0	0	0	1	1
AT1TE45645	0	0	0	1	1
AT1TE45650	0	0	0	1	1
AT1TE45655	0	0	0	1	1
AT1TE45660	0	0	0	1	1
AT1TE45665	0	0	0	1	1
AT1TE45670	0	0	0	1	1
AT1TE45675	0	0	0	1	1
AT1TE45680	0	0	0	1	1
AT1TE45685	0	0	0	1	1
AT1TE45690	0	0	0	1	1
AT1TE45695	0	0	0	1	1
AT1TE45700	0	0	0	1	1
AT1TE45705	0	0	0	1	1
AT1TE45710	0	0	0	1	1
AT1TE45715	0	0	0	1	1
AT1TE45720	0	0	0	1	1
AT1TE45725	0	0	0	1	1
AT1TE45730	0	0	0	1	1
AT1TE45735	0	0	0	1	1
AT1TE45740	0	0	0	1	1
AT1TE45745	0	0	0	1	1
AT1TE45750	0	0	0	1	1
AT1TE45755	0	0	0	1	1
AT1TE45760	0	0	0	1	1
AT1TE45765	0	0	0	1	1
AT1TE45770	0	0	0	1	1
AT1TE45775	0	0	0	1	1
AT1TE45780	0	0	0	1	1
AT1TE45785	0	0	0	1	1
AT1TE45790	0	0	0	1	1
AT1TE45795	0	0	0	1	1
AT1TE45800	0	0	0	1	1
AT1TE45805	0	0	0	1	1
AT1TE45810	0	0	0	1	1
AT1TE45815	0	0	0	1	1
AT1TE45820	0	0	0	1	1
AT1TE45825	0	0	0	1	1
AT1TE45830	0	0	0	1	1
AT1TE45835	0	0	0	1	1
AT1TE45840	0	0	0	1	1
AT1TE45845	0	0	0	1	1
AT1TE45850	0	0	0	1	1
AT1TE45855	0	0	0	1	1
AT1TE45860	0	0	0	1	1
AT1TE45865	0	0	0	1	1
AT1TE45870	0	0	0	1	1
AT1TE45880	0	0	0	1	1
AT1TE45885	0	0	0	1	1
AT1TE45890	0	0	0	1	1
AT1TE45895	0	0	0	1	1
AT1TE45900	0	0	0	1	1
AT1TE45910	0	0	0	1	1
AT1TE45920	0	0	0	1	1
AT1TE45925	0	0	0	1	1
AT1TE45930	0	0	0	1	1
AT1TE45935	0	0	0	1	1
AT1TE45940	0	0	0	1	1
AT1TE45945	0	0	0	1	1
AT1TE45950	0	0	0	1	1
AT1TE45955	0	0	0	1	1
AT1TE45960	0	0	0	1	1
AT1TE45965	0	0	0	1	1
AT1TE45970	0	0	0	1	1
AT1TE45975	0	0	0	1	1
AT1TE45985	0	0	0	1	1
AT1TE45990	0	0	0	1	1
AT1TE45995	14.1506300169101	0	2.29434778019028	0.999999999999998	1
AT1TE46000	27.2368321121942	0	2.29434778019675	0.999999999999997	1
AT1TE46005	0	0	0	1	1
AT1TE46010	0	0	0	1	1
AT1TE46015	0	0	0	1	1
AT1TE46020	0	0	0	1	1
AT1TE46025	0	0	0	1	1
AT1TE46030	2.04543605286581	0	2.2941729449225	0.999999999999992	1
AT1TE46035	0	0	0	1	1
AT1TE46040	0	0	0	1	1
AT1TE46045	0	0	0	1	1
AT1TE46050	0	0	0	1	1
AT1TE46055	0	0	0	1	1
AT1TE46060	0	0	0	1	1
AT1TE46065	0	0	0	1	1
AT1TE46070	0	0	0	1	1
AT1TE46075	0	0	0	1	1
AT1TE46085	0	0	0	1	1
AT1TE46090	0	0	0	1	1
AT1TE46095	3.71486872154936	11.8163252225082	-1.57620541136729	0.153625351863257	1
AT1TE46100	0	0	0	1	1
AT1TE46120	0	0	0	1	1
AT1TE46125	0	0	0	1	1
AT1TE46130	0	0	0	1	1
AT1TE46135	0	0	0	1	1
AT1TE46140	0	0	0	1	1
AT1TE46145	0	0	0	1	1
AT1TE46150	0	0	0	1	1
AT1TE46155	0	0	0	1	1
AT1TE46160	0	0	0	1	1
AT1TE46165	0	0	0	1	1
AT1TE46170	0	0	0	1	1
AT1TE46175	0	0	0	1	1
AT1TE46180	0	0	0	1	1
AT1TE46185	0	0	0	1	1
AT1TE46190	0	0	0	1	1
AT1TE46195	0	0	0	1	1
AT1TE46200	0	0	0	1	1
AT1TE46205	0	0	0	1	1
AT1TE46210	0	0	0	1	1
AT1TE46215	0	0	0	1	1
AT1TE46220	50.7385599822934	39.1751748124792	0.377022812982319	0.576743896577116	1
AT1TE46225	0	0	0	1	1
AT1TE46230	4.65974569065548	0	2.29434778020324	0.999999999999995	1
AT1TE46235	0	0	0	1	1
AT1TE46240	0	0	0	1	1
AT1TE46245	0	0	0	1	1
AT1TE46250	0	0	0	1	1
AT1TE46255	0	0	0	1	1
AT1TE46260	0	0	0	1	1
AT1TE46265	0	0	0	1	1
AT1TE46270	0	0	0	1	1
AT1TE46275	0	0	0	1	1
AT1TE46280	0	0	0	1	1
AT1TE46285	0	0	0	1	1
AT1TE46290	0	0	0	1	1
AT1TE46295	0	0	0	1	1
AT1TE46300	0	0	0	1	1
AT1TE46305	0	0	0	1	1
AT1TE46310	0	0	0	1	1
AT1TE46315	0	0	0	1	1
AT1TE46320	0	0	0	1	1
AT1TE46325	0	0	0	1	1
AT1TE46330	0	0	0	1	1
AT1TE46335	0	0	0	1	1
AT1TE46340	0	0	0	1	1
AT1TE46345	0	0	0	1	1
AT1TE46350	0	0	0	1	1
AT1TE46355	0	0	0	1	1
AT1TE46360	0	0	0	1	1
AT1TE46365	0	0	0	1	1
AT1TE46370	0	0	0	1	1
AT1TE46375	0	0	0	1	1
AT1TE46380	0	0	0	1	1
AT1TE46385	0	4.00042123943809	-3.20276797150216	0.502193450269194	1
AT1TE46390	0	13.5142650350676	-4.12209884155067	0.128084458588439	1
AT1TE46395	4.60339594585744	0	2.29417294491068	1	1
AT1TE46400	0	0	0	1	1
AT1TE46405	0	0	0	1	1
AT1TE46415	0	0	0	1	1
AT1TE46420	0	0	0	1	1
AT1TE46425	0	0	0	1	1
AT1TE46430	0	0	0	1	1
AT1TE46440	0	0	0	1	1
AT1TE46445	0	0	0	1	1
AT1TE46450	0	0	0	1	1
AT1TE46455	0	0	0	1	1
AT1TE46460	0	0	0	1	1
AT1TE46470	0	0	0	1	1
AT1TE46475	0	0	0	1	1
AT1TE46480	0	0	0	1	1
AT1TE46485	0	0	0	1	1
AT1TE46490	0	0	0	1	1
AT1TE46495	0	0	0	1	1
AT1TE46500	6.10061849093745	0	2.29434778020972	0.999999999999995	1
AT1TE46510	0	0	0	1	1
AT1TE46515	0	0	0	1	1
AT1TE46520	0	0	0	1	1
AT1TE46525	0	0	0	1	1
AT1TE46530	0	0	0	1	1
AT1TE46535	0	0	0	1	1
AT1TE46540	0	0	0	1	1
AT1TE46545	0	0	0	1	1
AT1TE46550	0	0	0	1	1
AT1TE46570	0	46.4102155232733	-2.34990269924845	0.999999999999998	1
AT1TE46575	0	0	0	1	1
AT1TE46580	0	0	0	1	1
AT1TE46585	0	0	0	1	1
AT1TE46590	0	0	0	1	1
AT1TE46595	0	0	0	1	1
AT1TE46600	0	0	0	1	1
AT1TE46605	0	0	0	1	1
AT1TE46610	0	0	0	1	1
AT1TE46615	0	0	0	1	1
AT1TE46620	0	0	0	1	1
AT1TE46625	0	0	0	1	1
AT1TE46630	0	0	0	1	1
AT1TE46635	0	0	0	1	1
AT1TE46640	0	0	0	1	1
AT1TE46645	0	0	0	1	1
AT1TE46650	0	0	0	1	1
AT1TE46655	0	0	0	1	1
AT1TE46660	0	0	0	1	1
AT1TE46665	0	0	0	1	1
AT1TE46670	0	0	0	1	1
AT1TE46680	0	0	0	1	1
AT1TE46685	0	0	0	1	1
AT1TE46690	0	0	0	1	1
AT1TE46695	0	0	0	1	1
AT1TE46700	0	0	0	1	1
AT1TE46705	0	0	0	1	1
AT1TE46710	0	0	0	1	1
AT1TE46715	0	0	0	1	1
AT1TE46720	0	0	0	1	1
AT1TE46725	0	0	0	1	1
AT1TE46730	0	0	0	1	1
AT1TE46735	0	0	0	1	1
AT1TE46740	0	0	0	1	1
AT1TE46745	0	0	0	1	1
AT1TE46750	0	0	0	1	1
AT1TE46755	0	0	0	1	1
AT1TE46760	0	0	0	1	1
AT1TE46765	0	0	0	1	1
AT1TE46770	0	0	0	1	1
AT1TE46775	0	0	0	1	1
AT1TE46780	0	0	0	1	1
AT1TE46785	0	0	0	1	1
AT1TE46790	0	0	0	1	1
AT1TE46795	0	0	0	1	1
AT1TE46800	0	0	0	1	1
AT1TE46805	0	0	0	1	1
AT1TE46810	0	0	0	1	1
AT1TE46815	0	0	0	1	1
AT1TE46825	0	0	0	1	1
AT1TE46830	1.32170753448752	4.4007249998266	-1.44129067652698	0.628918644461458	1
AT1TE46835	0	0	0	1	1
AT1TE46840	0	0	0	1	1
AT1TE46845	0	0	0	1	1
AT1TE46850	0	33.5596435148871	-3.20276795503365	0.502193420321218	1
AT1TE46860	0	0	0	1	1
AT1TE46865	0	0	0	1	1
AT1TE46870	0	0	0	1	1
AT1TE46875	0	0	0	1	1
AT1TE46880	0	0	0	1	1
AT1TE46885	0	0	0	1	1
AT1TE46890	0	0	0	1	1
AT1TE46895	0	0	0	1	1
AT1TE46900	0	0	0	1	1
AT1TE46905	0	0	0	1	1
AT1TE46915	198.679452813447	150.345762779778	0.379652563186716	0.6562927972921	1
AT1TE46920	0	0	0	1	1
AT1TE46925	0	0	0	1	1
AT1TE46930	0	0	0	1	1
AT1TE46935	0	0	0	1	1
AT1TE46940	0	0	0	1	1
AT1TE46945	0	0	0	1	1
AT1TE46950	0	0	0	1	1
AT1TE46955	0	0	0	1	1
AT1TE46960	0	0	0	1	1
AT1TE46965	0	0	0	1	1
AT1TE46970	0	0	0	1	1
AT1TE46975	0	0	0	1	1
AT1TE46980	0	0	0	1	1
AT1TE46985	0	0	0	1	1
AT1TE46990	0	0	0	1	1
AT1TE46995	0	0	0	1	1
AT1TE47000	0	0	0	1	1
AT1TE47005	0	0	0	1	1
AT1TE47010	0	0	0	1	1
AT1TE47015	0	0	0	1	1
AT1TE47020	0	0	0	1	1
AT1TE47025	0	0	0	1	1
AT1TE47030	0	0	0	1	1
AT1TE47035	0	0	0	1	1
AT1TE47040	0	0	0	1	1
AT1TE47045	0	0	0	1	1
AT1TE47050	0	0	0	1	1
AT1TE47070	0	0	0	1	1
AT1TE47075	0	0	0	1	1
AT1TE47080	0	0	0	1	1
AT1TE47085	0	0	0	1	1
AT1TE47090	0	0	0	1	1
AT1TE47095	0	0	0	1	1
AT1TE47100	0	0	0	1	1
AT1TE47105	0	0	0	1	1
AT1TE47110	0	0	0	1	1
AT1TE47115	0	0	0	1	1
AT1TE47120	0	0	0	1	1
AT1TE47125	0	0	0	1	1
AT1TE47130	0	0	0	1	1
AT1TE47135	0	0	0	1	1
AT1TE47140	0	0	0	1	1
AT1TE47145	0	0	0	1	1
AT1TE47150	0	0	0	1	1
AT1TE47155	0	0	0	1	1
AT1TE47160	0	0	0	1	1
AT1TE47165	0	0	0	1	1
AT1TE47170	0	0	0	1	1
AT1TE47175	0	0	0	1	1
AT1TE47180	0	0	0	1	1
AT1TE47185	0	0	0	1	1
AT1TE47190	0	0	0	1	1
AT1TE47195	0	0	0	1	1
AT1TE47200	0	0	0	1	1
AT1TE47205	0	0	0	1	1
AT1TE47210	0	0	0	1	1
AT1TE47215	0	0	0	1	1
AT1TE47220	0	0	0	1	1
AT1TE47225	0	0	0	1	1
AT1TE47230	0	0	0	1	1
AT1TE47235	0	0	0	1	1
AT1TE47240	0	0	0	1	1
AT1TE47245	0	0	0	1	1
AT1TE47250	0	0	0	1	1
AT1TE47255	0	0	0	1	1
AT1TE47260	0	0	0	1	1
AT1TE47265	0	0	0	1	1
AT1TE47270	0	0	0	1	1
AT1TE47275	0	0	0	1	1
AT1TE47280	0	0	0	1	1
AT1TE47285	0	0	0	1	1
AT1TE47290	0	0	0	1	1
AT1TE47295	0	0	0	1	1
AT1TE47300	0	0	0	1	1
AT1TE47305	0	0	0	1	1
AT1TE47310	0	0	0	1	1
AT1TE47315	0	0	0	1	1
AT1TE47320	0	0	0	1	1
AT1TE47325	0	0	0	1	1
AT1TE47330	0	0	0	1	1
AT1TE47335	0	0	0	1	1
AT1TE47340	0	0	0	1	1
AT1TE47345	0	0	0	1	1
AT1TE47350	0	0	0	1	1
AT1TE47355	0	0	0	1	1
AT1TE47360	0	0	0	1	1
AT1TE47365	0	0	0	1	1
AT1TE47370	0	0	0	1	1
AT1TE47375	0	0	0	1	1
AT1TE47380	0	0	0	1	1
AT1TE47385	0	0	0	1	1
AT1TE47390	0	0	0	1	1
AT1TE47395	0	0	0	1	1
AT1TE47400	0	0	0	1	1
AT1TE47405	0	0	0	1	1
AT1TE47410	0	0	0	1	1
AT1TE47415	0	0	0	1	1
AT1TE47420	0	0	0	1	1
AT1TE47425	0	0	0	1	1
AT1TE47430	0	0	0	1	1
AT1TE47435	0	0	0	1	1
AT1TE47440	0	0	0	1	1
AT1TE47445	0	0	0	1	1
AT1TE47450	0	0	0	1	1
AT1TE47455	0	0	0	1	1
AT1TE47460	0	0	0	1	1
AT1TE47465	0	0	0	1	1
AT1TE47470	0	0	0	1	1
AT1TE47475	0	0	0	1	1
AT1TE47480	0	0	0	1	1
AT1TE47485	0	0	0	1	1
AT1TE47490	0	0	0	1	1
AT1TE47495	0	0	0	1	1
AT1TE47500	0	0	0	1	1
AT1TE47505	0	0	0	1	1
AT1TE47510	0	0	0	1	1
AT1TE47515	0	0	0	1	1
AT1TE47520	0	0	0	1	1
AT1TE47525	0	0	0	1	1
AT1TE47530	0	0	0	1	1
AT1TE47535	0	0	0	1	1
AT1TE47540	0	0	0	1	1
AT1TE47545	0	0	0	1	1
AT1TE47550	0	0	0	1	1
AT1TE47555	0	0	0	1	1
AT1TE47570	0	0	0	1	1
AT1TE47575	0	0	0	1	1
AT1TE47580	0	0	0	1	1
AT1TE47585	0	0	0	1	1
AT1TE47590	0	0	0	1	1
AT1TE47595	0	0	0	1	1
AT1TE47600	0	0	0	1	1
AT1TE47605	0	0	0	1	1
AT1TE47610	0	0	0	1	1
AT1TE47615	0	0	0	1	1
AT1TE47620	0	0	0	1	1
AT1TE47625	0	0	0	1	1
AT1TE47630	0	0	0	1	1
AT1TE47635	0	0	0	1	1
AT1TE47640	0	0	0	1	1
AT1TE47645	0	0	0	1	1
AT1TE47650	0	0	0	1	1
AT1TE47655	0	0	0	1	1
AT1TE47660	0	0	0	1	1
AT1TE47670	0	0	0	1	1
AT1TE47675	0	0	0	1	1
AT1TE47680	0	0	0	1	1
AT1TE47685	0	0	0	1	1
AT1TE47690	0	0	0	1	1
AT1TE47695	0	0	0	1	1
AT1TE47700	0	0	0	1	1
AT1TE47705	0	0	0	1	1
AT1TE47710	0	0	0	1	1
AT1TE47715	0	0	0	1	1
AT1TE47720	0	0	0	1	1
AT1TE47725	0	0	0	1	1
AT1TE47730	0	0	0	1	1
AT1TE47735	0	0	0	1	1
AT1TE47740	0	0	0	1	1
AT1TE47745	0	0	0	1	1
AT1TE47750	0	0	0	1	1
AT1TE47755	0	0	0	1	1
AT1TE47760	0	0	0	1	1
AT1TE47765	0	0	0	1	1
AT1TE47770	0	0	0	1	1
AT1TE47775	0	0	0	1	1
AT1TE47780	0	0	0	1	1
AT1TE47880	0	0	0	1	1
AT1TE47885	0	0	0	1	1
AT1TE48020	0	0	0	1	1
AT1TE48025	0	0	0	1	1
AT1TE48030	0	0	0	1	1
AT1TE48035	0	3.14388904321218	-4.12533542028398	0.131224764472121	1
AT1TE48040	0	0	0	1	1
AT1TE48045	0	0	0	1	1
AT1TE48050	1.11343846844706	0	2.29417294489886	1	1
AT1TE48210	0	0	0	1	1
AT1TE48220	0	0	0	1	1
AT1TE48225	0	0	0	1	1
AT1TE48230	0	0	0	1	1
AT1TE48240	0	0	0	1	1
AT1TE48370	0	0	0	1	1
AT1TE48375	0	0	0	1	1
AT1TE48380	0	0	0	1	1
AT1TE48470	0	0	0	1	1
AT1TE48475	0	0	0	1	1
AT1TE48480	0	0	0	1	1
AT1TE48660	0	0	0	1	1
AT1TE48665	0	0	0	1	1
AT1TE48670	0	0	0	1	1
AT1TE48675	0	0	0	1	1
AT1TE48690	0	0	0	1	1
AT1TE48695	0	0	0	1	1
AT1TE48700	0	0	0	1	1
AT1TE48705	0	0	0	1	1
AT1TE48710	0	0	0	1	1
AT1TE48715	0	0	0	1	1
AT1TE48720	0	0	0	1	1
AT1TE48725	0	0	0	1	1
AT1TE48730	0	0	0	1	1
AT1TE48735	0	0	0	1	1
AT1TE48740	0	0	0	1	1
AT1TE48745	0	0	0	1	1
AT1TE48750	0	0	0	1	1
AT1TE48755	0	0	0	1	1
AT1TE48760	0	0	0	1	1
AT1TE48765	0	0	0	1	1
AT1TE48770	0	0	0	1	1
AT1TE48775	0	0	0	1	1
AT1TE48780	0	0	0	1	1
AT1TE48785	0	0	0	1	1
AT1TE48830	0	0	0	1	1
AT1TE48835	0	0	0	1	1
AT1TE48840	0	0	0	1	1
AT1TE48845	0	0	0	1	1
AT1TE48850	0	0	0	1	1
AT1TE48855	0	0	0	1	1
AT1TE48860	0	0	0	1	1
AT1TE48870	0	0	0	1	1
AT1TE48875	0	0	0	1	1
AT1TE48880	0	0	0	1	1
AT1TE48885	0	0	0	1	1
AT1TE48895	0	0	0	1	1
AT1TE48900	0	0	0	1	1
AT1TE48905	0	0	0	1	1
AT1TE49140	0	0	0	1	1
AT1TE49145	0	0	0	1	1
AT1TE49155	0	0	0	1	1
AT1TE49160	0	0	0	1	1
AT1TE49165	0	0	0	1	1
AT1TE49170	0	0	0	1	1
AT1TE49260	0	0	0	1	1
AT1TE49265	0	0	0	1	1
AT1TE49270	0	0	0	1	1
AT1TE49275	0	0	0	1	1
AT1TE49280	0	0	0	1	1
AT1TE49285	0	0	0	1	1
AT1TE49290	0	0	0	1	1
AT1TE49295	0	0	0	1	1
AT1TE49300	0	0	0	1	1
AT1TE49305	0	0	0	1	1
AT1TE49315	0	0	0	1	1
AT1TE49320	0	0	0	1	1
AT1TE49325	0	0	0	1	1
AT1TE49330	0	0	0	1	1
AT1TE49335	0	0	0	1	1
AT1TE49340	0	0	0	1	1
AT1TE49345	0	0	0	1	1
AT1TE49350	0	0	0	1	1
AT1TE49360	0	0	0	1	1
AT1TE49365	0	0	0	1	1
AT1TE49370	0	0	0	1	1
AT1TE49375	0	0	0	1	1
AT1TE49380	0	0	0	1	1
AT1TE49385	0	0	0	1	1
AT1TE49390	0	0	0	1	1
AT1TE49395	0	0	0	1	1
AT1TE49400	0	0	0	1	1
AT1TE49405	4.82312844923966	0	2.29417294488704	0.999999999999996	1
AT1TE49410	0	0	0	1	1
AT1TE49415	0	0	0	1	1
AT1TE49420	0	0	0	1	1
AT1TE49425	0	0	0	1	1
AT1TE49430	0	0	0	1	1
AT1TE49435	0	0	0	1	1
AT1TE49440	0	0	0	1	1
AT1TE49445	0	0	0	1	1
AT1TE49450	0	4.69796660204914	-2.34990269912876	0.999999999999995	1
AT1TE49455	0	0	0	1	1
AT1TE49460	0	0	0	1	1
AT1TE49465	0	0	0	1	1
AT1TE49470	0	0	0	1	1
AT1TE49475	0	0	0	1	1
AT1TE49480	0	0	0	1	1
AT1TE49485	0	0	0	1	1
AT1TE49490	0	0	0	1	1
AT1TE49495	0	0	0	1	1
AT1TE49500	0	0	0	1	1
AT1TE49505	0	0	0	1	1
AT1TE49510	0	0	0	1	1
AT1TE49515	0	0	0	1	1
AT1TE49520	0	0	0	1	1
AT1TE49525	0	0	0	1	1
AT1TE49530	0	0	0	1	1
AT1TE49535	0	0	0	1	1
AT1TE49540	0	0	0	1	1
AT1TE49545	0	0	0	1	1
AT1TE49550	0	0	0	1	1
AT1TE49555	0	0	0	1	1
AT1TE49560	0	0	0	1	1
AT1TE49565	0	0	0	1	1
AT1TE49570	0	0	0	1	1
AT1TE49575	0	0	0	1	1
AT1TE49580	0	0	0	1	1
AT1TE49585	0	0	0	1	1
AT1TE49590	0	0	0	1	1
AT1TE49595	0	0	0	1	1
AT1TE49600	0	0	0	1	1
AT1TE49605	0	0	0	1	1
AT1TE49610	0	0	0	1	1
AT1TE49615	0	0	0	1	1
AT1TE49620	0	0	0	1	1
AT1TE49625	0	0	0	1	1
AT1TE49630	0	0	0	1	1
AT1TE49635	0	0	0	1	1
AT1TE49640	0	0	0	1	1
AT1TE49645	0	0	0	1	1
AT1TE49650	0	0	0	1	1
AT1TE49655	0	0	0	1	1
AT1TE49660	0	0	0	1	1
AT1TE49665	0	0	0	1	1
AT1TE49670	0	0	0	1	1
AT1TE49675	0	0	0	1	1
AT1TE49680	0	0	0	1	1
AT1TE49685	0	0	0	1	1
AT1TE49690	0	0	0	1	1
AT1TE49695	0	0	0	1	1
AT1TE49700	0	0	0	1	1
AT1TE49705	0	0	0	1	1
AT1TE49710	0	0	0	1	1
AT1TE49715	0	0	0	1	1
AT1TE49720	0	0	0	1	1
AT1TE49725	0	0	0	1	1
AT1TE49730	0	0	0	1	1
AT1TE49735	0	0	0	1	1
AT1TE49740	0	0	0	1	1
AT1TE49745	0	0	0	1	1
AT1TE49750	0	0	0	1	1
AT1TE49755	0	0	0	1	1
AT1TE49760	0	0	0	1	1
AT1TE49765	0	0	0	1	1
AT1TE49770	0	0	0	1	1
AT1TE49775	0	0	0	1	1
AT1TE49780	0	0	0	1	1
AT1TE49785	0	0	0	1	1
AT1TE49790	0	0	0	1	1
AT1TE49795	0	0	0	1	1
AT1TE49800	0	0	0	1	1
AT1TE49805	0	0	0	1	1
AT1TE49810	0	0	0	1	1
AT1TE49815	0	0	0	1	1
AT1TE49820	0	0	0	1	1
AT1TE49825	0	0	0	1	1
AT1TE49830	0	0	0	1	1
AT1TE49835	0	0	0	1	1
AT1TE49840	0	0	0	1	1
AT1TE49845	0	0	0	1	1
AT1TE49850	0	0	0	1	1
AT1TE49855	0	0	0	1	1
AT1TE49860	0	0	0	1	1
AT1TE49865	0	0	0	1	1
AT1TE49870	0	0	0	1	1
AT1TE49875	0	0	0	1	1
AT1TE49880	0	0	0	1	1
AT1TE49885	0	0	0	1	1
AT1TE49890	0	0	0	1	1
AT1TE49895	0	0	0	1	1
AT1TE49900	0	0	0	1	1
AT1TE49905	0	0	0	1	1
AT1TE49910	0	0	0	1	1
AT1TE49915	0	0	0	1	1
AT1TE49920	0	0	0	1	1
AT1TE49925	0	0	0	1	1
AT1TE49930	0	0	0	1	1
AT1TE49935	0	0	0	1	1
AT1TE49940	0	0	0	1	1
AT1TE49945	0	0	0	1	1
AT1TE49950	0	0	0	1	1
AT1TE49955	0	0	0	1	1
AT1TE49960	0	0	0	1	1
AT1TE49965	0	0	0	1	1
AT1TE49970	0	0	0	1	1
AT1TE49975	0	0	0	1	1
AT1TE49980	0	0	0	1	1
AT1TE49985	0	0	0	1	1
AT1TE49990	0	0	0	1	1
AT1TE49995	0	0	0	1	1
AT1TE50000	0	0	0	1	1
AT1TE50005	0	0	0	1	1
AT1TE50010	0	0	0	1	1
AT1TE50015	0	0	0	1	1
AT1TE50020	0	0	0	1	1
AT1TE50025	0	0	0	1	1
AT1TE50030	0	0	0	1	1
AT1TE50035	0	0	0	1	1
AT1TE50040	0	0	0	1	1
AT1TE50045	0	0	0	1	1
AT1TE50050	0	0	0	1	1
AT1TE50055	0	0	0	1	1
AT1TE50060	0	0	0	1	1
AT1TE50065	0	0	0	1	1
AT1TE50070	0	0	0	1	1
AT1TE50075	0	0	0	1	1
AT1TE50080	0	0	0	1	1
AT1TE50085	0	0	0	1	1
AT1TE50090	0	0	0	1	1
AT1TE50095	0	0	0	1	1
AT1TE50100	0	0	0	1	1
AT1TE50105	0	0	0	1	1
AT1TE50110	0	0	0	1	1
AT1TE50115	0	0	0	1	1
AT1TE50120	0	0	0	1	1
AT1TE50125	0	0	0	1	1
AT1TE50130	0	0	0	1	1
AT1TE50135	0	0	0	1	1
AT1TE50140	0	0	0	1	1
AT1TE50145	0	0	0	1	1
AT1TE50150	0	0	0	1	1
AT1TE50155	0	0	0	1	1
AT1TE50160	0	0	0	1	1
AT1TE50165	0	0	0	1	1
AT1TE50170	0	0	0	1	1
AT1TE50175	0	0	0	1	1
AT1TE50180	0	0	0	1	1
AT1TE50185	0	0	0	1	1
AT1TE50190	0	0	0	1	1
AT1TE50195	0	0	0	1	1
AT1TE50200	0	0	0	1	1
AT1TE50205	0	0	0	1	1
AT1TE50210	0	0	0	1	1
AT1TE50215	0	0	0	1	1
AT1TE50220	0	0	0	1	1
AT1TE50225	0	0	0	1	1
AT1TE50230	0	0	0	1	1
AT1TE50235	0	0	0	1	1
AT1TE50240	0	0	0	1	1
AT1TE50245	0	0	0	1	1
AT1TE50250	0	0	0	1	1
AT1TE50255	0	0	0	1	1
AT1TE50260	0	0	0	1	1
AT1TE50265	0	0	0	1	1
AT1TE50270	0	1.82448712709731	-2.35098263247336	1	1
AT1TE50275	0	0	0	1	1
AT1TE50280	0	0	0	1	1
AT1TE50285	0	0	0	1	1
AT1TE50290	0	0	0	1	1
AT1TE50295	0	0	0	1	1
AT1TE50300	0	0	0	1	1
AT1TE50305	0	0	0	1	1
AT1TE50310	0	0	0	1	1
AT1TE50315	0	0	0	1	1
AT1TE50320	0	0	0	1	1
AT1TE50330	0	0	0	1	1
AT1TE50335	0	0	0	1	1
AT1TE50340	0	0	0	1	1
AT1TE50345	0	0	0	1	1
AT1TE50350	0	0	0	1	1
AT1TE50355	0	0	0	1	1
AT1TE50360	0	0	0	1	1
AT1TE50365	0	0	0	1	1
AT1TE50370	0	0	0	1	1
AT1TE50375	0	0	0	1	1
AT1TE50380	0	0	0	1	1
AT1TE50385	0	0	0	1	1
AT1TE50390	0	0	0	1	1
AT1TE50395	0	0	0	1	1
AT1TE50400	0	0	0	1	1
AT1TE50405	0	0	0	1	1
AT1TE50410	0	0	0	1	1
AT1TE50415	0	0	0	1	1
AT1TE50420	0	0	0	1	1
AT1TE50425	0	0	0	1	1
AT1TE50430	0	0	0	1	1
AT1TE50435	0	0	0	1	1
AT1TE50440	0	0	0	1	1
AT1TE50445	0	0	0	1	1
AT1TE50450	0	0	0	1	1
AT1TE50455	0	0	0	1	1
AT1TE50460	0	0	0	1	1
AT1TE50465	0	0	0	1	1
AT1TE50470	0	0	0	1	1
AT1TE50475	0	0	0	1	1
AT1TE50480	0	0	0	1	1
AT1TE50485	0	0	0	1	1
AT1TE50490	0	0	0	1	1
AT1TE50495	0	0	0	1	1
AT1TE50500	0	0	0	1	1
AT1TE50505	0	0	0	1	1
AT1TE50510	0	0	0	1	1
AT1TE50515	0	0	0	1	1
AT1TE50520	0	0	0	1	1
AT1TE50525	0	0	0	1	1
AT1TE50530	0	0	0	1	1
AT1TE50535	0	0	0	1	1
AT1TE50540	0	0	0	1	1
AT1TE50545	0	0	0	1	1
AT1TE50550	0	0	0	1	1
AT1TE50555	0	0	0	1	1
AT1TE50560	0	0	0	1	1
AT1TE50565	0	0	0	1	1
AT1TE50570	0	0	0	1	1
AT1TE50575	0	0	0	1	1
AT1TE50580	0	0	0	1	1
AT1TE50585	0	0	0	1	1
AT1TE50590	0	0	0	1	1
AT1TE50595	0	0	0	1	1
AT1TE50600	0	0	0	1	1
AT1TE50605	0	0	0	1	1
AT1TE50610	0	0	0	1	1
AT1TE50615	0	0	0	1	1
AT1TE50620	0	0	0	1	1
AT1TE50625	0	0	0	1	1
AT1TE50630	0	0	0	1	1
AT1TE50635	0	0	0	1	1
AT1TE50640	0	0	0	1	1
AT1TE50645	0	0	0	1	1
AT1TE50650	0	0	0	1	1
AT1TE50655	0	0	0	1	1
AT1TE50660	0	0	0	1	1
AT1TE50665	0	0	0	1	1
AT1TE50670	0	0	0	1	1
AT1TE50675	0	0	0	1	1
AT1TE50680	0	0	0	1	1
AT1TE50685	0	0	0	1	1
AT1TE50690	0	0	0	1	1
AT1TE50695	0	0	0	1	1
AT1TE50700	0	0	0	1	1
AT1TE50705	0	0	0	1	1
AT1TE50710	0	0	0	1	1
AT1TE50715	0	0	0	1	1
AT1TE50720	0	0	0	1	1
AT1TE50725	0	0	0	1	1
AT1TE50730	0	0	0	1	1
AT1TE50735	0	0	0	1	1
AT1TE50740	0	0	0	1	1
AT1TE50745	0	0	0	1	1
AT1TE50750	0	0	0	1	1
AT1TE50755	0	0	0	1	1
AT1TE50760	0	0	0	1	1
AT1TE50765	0	0	0	1	1
AT1TE50770	0	0	0	1	1
AT1TE50775	0	0	0	1	1
AT1TE50780	0	0	0	1	1
AT1TE50790	0	0	0	1	1
AT1TE50795	0	0	0	1	1
AT1TE50800	0	0	0	1	1
AT1TE50805	0	0	0	1	1
AT1TE50810	0	0	0	1	1
AT1TE50815	0	0	0	1	1
AT1TE50820	0	0	0	1	1
AT1TE50825	0	0	0	1	1
AT1TE50830	0	0	0	1	1
AT1TE50835	0	0	0	1	1
AT1TE50840	0	0	0	1	1
AT1TE50845	0	0	0	1	1
AT1TE50850	0	0	0	1	1
AT1TE50855	0	0	0	1	1
AT1TE50860	0	0	0	1	1
AT1TE50865	0	0	0	1	1
AT1TE50870	0	0	0	1	1
AT1TE50875	0	0	0	1	1
AT1TE50880	0	0	0	1	1
AT1TE50885	6.79417666374822	0	2.2943477802162	0.999999999999994	1
AT1TE50890	0	0	0	1	1
AT1TE50895	0	0	0	1	1
AT1TE50900	0	0	0	1	1
AT1TE50905	0	0	0	1	1
AT1TE50910	0	0	0	1	1
AT1TE50915	0	0	0	1	1
AT1TE50920	0	0	0	1	1
AT1TE50925	0	0	0	1	1
AT1TE50930	0	0	0	1	1
AT1TE50935	0	0	0	1	1
AT1TE50940	0	0	0	1	1
AT1TE50945	0	0	0	1	1
AT1TE50950	0	0	0	1	1
AT1TE50955	0	0	0	1	1
AT1TE50960	0	0	0	1	1
AT1TE50965	0	0	0	1	1
AT1TE50970	0	0	0	1	1
AT1TE50975	0	0	0	1	1
AT1TE50980	0	0	0	1	1
AT1TE50985	0	0	0	1	1
AT1TE50990	0	0	0	1	1
AT1TE50995	0	0	0	1	1
AT1TE51000	0	0	0	1	1
AT1TE51005	0	0	0	1	1
AT1TE51010	0	0	0	1	1
AT1TE51015	0	0	0	1	1
AT1TE51020	0	0	0	1	1
AT1TE51025	0	0	0	1	1
AT1TE51030	0	0	0	1	1
AT1TE51035	0	0	0	1	1
AT1TE51040	0	0	0	1	1
AT1TE51045	0	0	0	1	1
AT1TE51050	0	0	0	1	1
AT1TE51055	0	0	0	1	1
AT1TE51060	0	0	0	1	1
AT1TE51065	0	0	0	1	1
AT1TE51070	0	0	0	1	1
AT1TE51075	0	0	0	1	1
AT1TE51080	0	0	0	1	1
AT1TE51085	0	0	0	1	1
AT1TE51090	0	0	0	1	1
AT1TE51095	0	0	0	1	1
AT1TE51100	0	0	0	1	1
AT1TE51105	0	0	0	1	1
AT1TE51110	0	0	0	1	1
AT1TE51120	0	0	0	1	1
AT1TE51125	0	0	0	1	1
AT1TE51130	0	0	0	1	1
AT1TE51135	0	0	0	1	1
AT1TE51140	0	0	0	1	1
AT1TE51145	0	0	0	1	1
AT1TE51150	0	0	0	1	1
AT1TE51155	0.600978634089438	0	2.29417294487522	1	1
AT1TE51160	0	0	0	1	1
AT1TE51165	0	0	0	1	1
AT1TE51170	0	0	0	1	1
AT1TE51175	0	0	0	1	1
AT1TE51180	0	0	0	1	1
AT1TE51185	0	0	0	1	1
AT1TE51190	0	0	0	1	1
AT1TE51195	0	0	0	1	1
AT1TE51200	0	0	0	1	1
AT1TE51205	0	0	0	1	1
AT1TE51210	0	0	0	1	1
AT1TE51215	0	0	0	1	1
AT1TE51220	0	0	0	1	1
AT1TE51225	0	0	0	1	1
AT1TE51230	0	0	0	1	1
AT1TE51235	0	0	0	1	1
AT1TE51240	0	0	0	1	1
AT1TE51245	0	0	0	1	1
AT1TE51250	0	0	0	1	1
AT1TE51255	0	0	0	1	1
AT1TE51260	0	0	0	1	1
AT1TE51265	0	0	0	1	1
AT1TE51270	0	0	0	1	1
AT1TE51275	0	0	0	1	1
AT1TE51280	0	0	0	1	1
AT1TE51285	0	0	0	1	1
AT1TE51290	0	0	0	1	1
AT1TE51295	0	0	0	1	1
AT1TE51300	0	0	0	1	1
AT1TE51305	0	0	0	1	1
AT1TE51310	0	0	0	1	1
AT1TE51315	0	0	0	1	1
AT1TE51320	0	0	0	1	1
AT1TE51330	0	0	0	1	1
AT1TE51340	0	0	0	1	1
AT1TE51345	0	0	0	1	1
AT1TE51350	0	0	0	1	1
AT1TE51355	0	0	0	1	1
AT1TE51360	1.28884507063566	2.69155296771502	-0.907248760208413	1	1
AT1TE51365	0	0	0	1	1
AT1TE51370	0	0	0	1	1
AT1TE51375	0	0	0	1	1
AT1TE51380	0	0	0	1	1
AT1TE51385	0	0	0	1	1
AT1TE51390	0	0	0	1	1
AT1TE51395	0	0	0	1	1
AT1TE51400	0	0	0	1	1
AT1TE51405	0	0	0	1	1
AT1TE51410	0	0	0	1	1
AT1TE51415	0	0	0	1	1
AT1TE51420	0	0	0	1	1
AT1TE51425	0	0	0	1	1
AT1TE51430	0	0	0	1	1
AT1TE51435	0	0	0	1	1
AT1TE51440	0	0	0	1	1
AT1TE51445	0	0	0	1	1
AT1TE51450	0	0	0	1	1
AT1TE51455	0	0	0	1	1
AT1TE51460	0	0	0	1	1
AT1TE51465	0	3.2179380797393	-2.35098263228198	1	1
AT1TE51470	0	0	0	1	1
AT1TE51475	2.45142336015766	0	2.29434778022268	1	1
AT1TE51480	0	0	0	1	1
AT1TE51485	0	0	0	1	1
AT1TE51490	0	0	0	1	1
AT1TE51495	0	0	0	1	1
AT1TE51500	0	0	0	1	1
AT1TE51505	0	0	0	1	1
AT1TE51510	0	0	0	1	1
AT1TE51515	0	7.05315358986884	-2.35098263209061	1	1
AT1TE51520	0	0	0	1	1
AT1TE51525	0	0	0	1	1
AT1TE51530	0	0	0	1	1
AT1TE51535	0	0	0	1	1
AT1TE51540	0	0	0	1	1
AT1TE51545	0	0	0	1	1
AT1TE51550	0	0	0	1	1
AT1TE51555	0	0	0	1	1
AT1TE51560	0	0	0	1	1
AT1TE51570	0	0	0	1	1
AT1TE51575	0	0	0	1	1
AT1TE51580	0	0	0	1	1
AT1TE51585	0	0	0	1	1
AT1TE51590	0	0	0	1	1
AT1TE51595	0	0	0	1	1
AT1TE51600	0	0	0	1	1
AT1TE51605	0	0	0	1	1
AT1TE51610	0	0	0	1	1
AT1TE51615	0	0	0	1	1
AT1TE51620	0	0	0	1	1
AT1TE51625	0	0	0	1	1
AT1TE51630	0	0	0	1	1
AT1TE51635	0	0	0	1	1
AT1TE51640	0	0	0	1	1
AT1TE51645	0	0	0	1	1
AT1TE51650	0	0	0	1	1
AT1TE51655	0	0	0	1	1
AT1TE51660	0	0	0	1	1
AT1TE51665	0	0	0	1	1
AT1TE51670	0	0	0	1	1
AT1TE51675	0	3.94218046915835	-2.34990269900907	1	1
AT1TE51680	0	0	0	1	1
AT1TE51685	0	0	0	1	1
AT1TE51690	0	0	0	1	1
AT1TE51695	0	0	0	1	1
AT1TE51700	0	0	0	1	1
AT1TE51705	0	0	0	1	1
AT1TE51710	0	0	0	1	1
AT1TE51715	0	0	0	1	1
AT1TE51720	0	0	0	1	1
AT1TE51725	0	0	0	1	1
AT1TE51730	0	0	0	1	1
AT1TE51735	0	0	0	1	1
AT1TE51740	0	0	0	1	1
AT1TE51745	0	0	0	1	1
AT1TE51750	0	0	0	1	1
AT1TE51755	0	0	0	1	1
AT1TE51760	0	0	0	1	1
AT1TE51765	0	0	0	1	1
AT1TE51770	0	0	0	1	1
AT1TE51775	0	0	0	1	1
AT1TE51780	0	0	0	1	1
AT1TE51785	0	0	0	1	1
AT1TE51790	0	0	0	1	1
AT1TE51795	0	0	0	1	1
AT1TE51800	0	0	0	1	1
AT1TE51805	0	0	0	1	1
AT1TE51810	0	0	0	1	1
AT1TE51815	0	0	0	1	1
AT1TE51820	0	0	0	1	1
AT1TE51825	0	0	0	1	1
AT1TE51830	0	0	0	1	1
AT1TE51835	0	0	0	1	1
AT1TE51840	0	0	0	1	1
AT1TE51845	0	0	0	1	1
AT1TE51850	0	0	0	1	1
AT1TE51855	0	0	0	1	1
AT1TE51860	0	0	0	1	1
AT1TE51865	0	0	0	1	1
AT1TE51870	0	0	0	1	1
AT1TE51875	0	0	0	1	1
AT1TE51880	0	0	0	1	1
AT1TE51885	0	0	0	1	1
AT1TE51890	0	0	0	1	1
AT1TE51895	0	0	0	1	1
AT1TE51900	0	0	0	1	1
AT1TE51905	0	0	0	1	1
AT1TE51910	0	0	0	1	1
AT1TE51915	0	0	0	1	1
AT1TE51920	0	0	0	1	1
AT1TE51925	0	0	0	1	1
AT1TE51930	0	0	0	1	1
AT1TE51935	0	0	0	1	1
AT1TE51940	0	0	0	1	1
AT1TE51945	0	0	0	1	1
AT1TE51950	0	0	0	1	1
AT1TE51955	0	0	0	1	1
AT1TE51960	0	0	0	1	1
AT1TE51965	0	0	0	1	1
AT1TE51970	0	0	0	1	1
AT1TE51975	0	0	0	1	1
AT1TE51980	0	0	0	1	1
AT1TE51985	0	0	0	1	1
AT1TE51990	0	0	0	1	1
AT1TE52000	0	0	0	1	1
AT1TE52005	0	0	0	1	1
AT1TE52010	0	0	0	1	1
AT1TE52015	0	0	0	1	1
AT1TE52020	0	0	0	1	1
AT1TE52025	0	0	0	1	1
AT1TE52030	0	0	0	1	1
AT1TE52035	0	0	0	1	1
AT1TE52040	0	0	0	1	1
AT1TE52045	0	0	0	1	1
AT1TE52050	0	0	0	1	1
AT1TE52055	0	0	0	1	1
AT1TE52060	0	0	0	1	1
AT1TE52065	0	0	0	1	1
AT1TE52070	0	0	0	1	1
AT1TE52075	0	0	0	1	1
AT1TE52080	0	0	0	1	1
AT1TE52085	0	0	0	1	1
AT1TE52090	0	0	0	1	1
AT1TE52095	0	0	0	1	1
AT1TE52100	0	0	0	1	1
AT1TE52105	0	0	0	1	1
AT1TE52110	0	0	0	1	1
AT1TE52115	0	0	0	1	1
AT1TE52120	0	0	0	1	1
AT1TE52125	0	0	0	1	1
AT1TE52130	0	0	0	1	1
AT1TE52135	0	0	0	1	1
AT1TE52160	0	0	0	1	1
AT1TE52165	0	0	0	1	1
AT1TE52170	0	0	0	1	1
AT1TE52175	0	0	0	1	1
AT1TE52180	0	0	0	1	1
AT1TE52185	0	0	0	1	1
AT1TE52190	0	0	0	1	1
AT1TE52195	0	0	0	1	1
AT1TE52200	0	0	0	1	1
AT1TE52205	0	0	0	1	1
AT1TE52210	0	0	0	1	1
AT1TE52215	0	0	0	1	1
AT1TE52220	0	0	0	1	1
AT1TE52225	0	0	0	1	1
AT1TE52235	0	0	0	1	1
AT1TE52240	0	0	0	1	1
AT1TE52245	0	0	0	1	1
AT1TE52250	0	0	0	1	1
AT1TE52255	0	0	0	1	1
AT1TE52260	0	0	0	1	1
AT1TE52265	0	0	0	1	1
AT1TE52270	0	0	0	1	1
AT1TE52275	0	0	0	1	1
AT1TE52280	0	0	0	1	1
AT1TE52285	0	0	0	1	1
AT1TE52290	0	0	0	1	1
AT1TE52295	0	0	0	1	1
AT1TE52300	0	0	0	1	1
AT1TE52305	0	0	0	1	1
AT1TE52310	0	0	0	1	1
AT1TE52315	0	0	0	1	1
AT1TE52320	0	0	0	1	1
AT1TE52350	0	0	0	1	1
AT1TE52355	0	0	0	1	1
AT1TE52360	0	0	0	1	1
AT1TE52365	0	0	0	1	1
AT1TE52370	0	0	0	1	1
AT1TE52375	0	0	0	1	1
AT1TE52380	0	0	0	1	1
AT1TE52385	0	0	0	1	1
AT1TE52390	0	0	0	1	1
AT1TE52395	0	0	0	1	1
AT1TE52400	0	16.9230620140113	-3.20045122359214	0.502151481292075	1
AT1TE52405	0	0	0	1	1
AT1TE52410	0	0	0	1	1
AT1TE52415	0	0	0	1	1
AT1TE52420	0	0	0	1	1
AT1TE52425	0	0	0	1	1
AT1TE52435	0	0	0	1	1
AT1TE52440	0	0	0	1	1
AT1TE52445	0	0	0	1	1
AT1TE52450	0	0	0	1	1
AT1TE52455	0	0	0	1	1
AT1TE52460	0	0	0	1	1
AT1TE52465	0	0	0	1	1
AT1TE52470	0	0	0	1	1
AT1TE52475	0	0	0	1	1
AT1TE52480	0	0	0	1	1
AT1TE52485	0	0	0	1	1
AT1TE52490	0	0	0	1	1
AT1TE52495	453.334958356897	215.674377239973	1.04823757791202	0.393700750866516	1
AT1TE52520	0	0	0	1	1
AT1TE52530	0	0	0	1	1
AT1TE52535	0	0	0	1	1
AT1TE52540	0	0	0	1	1
AT1TE52545	0	0	0	1	1
AT1TE52550	0	0	0	1	1
AT1TE52555	0	0	0	1	1
AT1TE52560	0	0	0	1	1
AT1TE52565	0	0	0	1	1
AT1TE52570	0	0	0	1	1
AT1TE52575	0	0	0	1	1
AT1TE52580	0	0	0	1	1
AT1TE52585	0	0	0	1	1
AT1TE52590	0	0	0	1	1
AT1TE52595	0	0	0	1	1
AT1TE52600	0	0	0	1	1
AT1TE52605	0	0	0	1	1
AT1TE52610	0	1.94358998403665	-2.35098263189923	1	1
AT1TE52615	0	0	0	1	1
AT1TE52620	0	0	0	1	1
AT1TE52625	0	0	0	1	1
AT1TE52630	0	0	0	1	1
AT1TE52635	0	0	0	1	1
AT1TE52640	0	0	0	1	1
AT1TE52645	0	0	0	1	1
AT1TE52650	47.7334598118256	31.6893651086415	0.623132248172052	0.733150373231302	1
AT1TE52670	602.221413278258	1367.56400575946	-1.1363217961639	0.12954032003466	1
AT1TE52675	0	0	0	1	1
AT1TE52685	0	0	0	1	1
AT1TE52690	0	0	0	1	1
AT1TE52695	0	0	0	1	1
AT1TE52700	0	0	0	1	1
AT1TE52705	0	0	0	1	1
AT1TE52710	0	0	0	1	1
AT1TE52715	0	0	0	1	1
AT1TE52720	0	0	0	1	1
AT1TE52725	0	0	0	1	1
AT1TE52730	0	0	0	1	1
AT1TE52735	0	0	0	1	1
AT1TE52740	0	0	0	1	1
AT1TE52745	0	0	0	1	1
AT1TE52750	0	0	0	1	1
AT1TE52755	0	0	0	1	1
AT1TE52760	0	0	0	1	1
AT1TE52765	0	0	0	1	1
AT1TE52770	0	0	0	1	1
AT1TE52775	0	0	0	1	1
AT1TE52780	0	0	0	1	1
AT1TE52785	0	0	0	1	1
AT1TE52790	0	0	0	1	1
AT1TE52795	0	0	0	1	1
AT1TE52800	0	0	0	1	1
AT1TE52805	0	0	0	1	1
AT1TE52810	0	0	0	1	1
AT1TE52815	0	0	0	1	1
AT1TE52820	0	0	0	1	1
AT1TE52825	0	0	0	1	1
AT1TE52830	0	0	0	1	1
AT1TE52835	0	0	0	1	1
AT1TE52840	0	0	0	1	1
AT1TE52845	0	0	0	1	1
AT1TE52850	0	0	0	1	1
AT1TE52855	0	0	0	1	1
AT1TE52860	0.957909128128834	0	2.29434778022916	1	1
AT1TE52865	0	0	0	1	1
AT1TE52870	0	0	0	1	1
AT1TE52875	0	0	0	1	1
AT1TE52880	0	0	0	1	1
AT1TE52885	0	0	0	1	1
AT1TE52890	0	0	0	1	1
AT1TE52895	0	0	0	1	1
AT1TE52900	0	0	0	1	1
AT1TE52910	0	0	0	1	1
AT1TE52915	0	0	0	1	1
AT1TE52920	0	0	0	1	1
AT1TE52925	109.523295153849	168.013199385547	-0.619855578336464	0.0114435867878781	1
AT1TE52930	0	0	0	1	1
AT1TE52935	0	0	0	1	1
AT1TE52940	0	0	0	1	1
AT1TE52945	0	0	0	1	1
AT1TE52950	0	0	0	1	1
AT1TE52955	0	0	0	1	1
AT1TE52960	0	0	0	1	1
AT1TE52965	0	0	0	1	1
AT1TE52970	0	0	0	1	1
AT1TE52975	0	0	0	1	1
AT1TE52980	0	0	0	1	1
AT1TE52985	0	0	0	1	1
AT1TE52990	0	0	0	1	1
AT1TE52995	0	0	0	1	1
AT1TE53000	0	0	0	1	1
AT1TE53005	0	0	0	1	1
AT1TE53015	0	0	0	1	1
AT1TE53020	0	0	0	1	1
AT1TE53025	0	0	0	1	1
AT1TE53030	0	0	0	1	1
AT1TE53035	0	0	0	1	1
AT1TE53040	0	0	0	1	1
AT1TE53045	0	0	0	1	1
AT1TE53050	0	0	0	1	1
AT1TE53055	0	0	0	1	1
AT1TE53060	0	0	0	1	1
AT1TE53065	0	0	0	1	1
AT1TE53070	393.953539670777	200.857230975609	0.912187367965375	0.596115067648069	1
AT1TE53075	0	0	0	1	1
AT1TE53080	0	0	0	1	1
AT1TE53085	0	0	0	1	1
AT1TE53090	0	0	0	1	1
AT1TE53095	0	0	0	1	1
AT1TE53100	0	0	0	1	1
AT1TE53105	0	0	0	1	1
AT1TE53115	0	0	0	1	1
AT1TE53125	0	0	0	1	1
AT1TE53130	0	0	0	1	1
AT1TE53135	0	0	0	1	1
AT1TE53140	0	0	0	1	1
AT1TE53145	0	0	0	1	1
AT1TE53150	0	0	0	1	1
AT1TE53155	0	0	0	1	1
AT1TE53160	0	0	0	1	1
AT1TE53165	0	0	0	1	1
AT1TE53170	0	0	0	1	1
AT1TE53175	0	0	0	1	1
AT1TE53180	0	0	0	1	1
AT1TE53185	0	0	0	1	1
AT1TE53190	0	0	0	1	1
AT1TE53195	0	0	0	1	1
AT1TE53200	0	0	0	1	1
AT1TE53205	0	0	0	1	1
AT1TE53210	0	0	0	1	1
AT1TE53215	0	0	0	1	1
AT1TE53230	1162.19187980321	922.357280003624	0.326500981851932	0.569931753771005	1
AT1TE53235	0	0	0	1	1
AT1TE53240	0	0	0	1	1
AT1TE53245	0	0	0	1	1
AT1TE53250	0	0	0	1	1
AT1TE53255	0	0	0	1	1
AT1TE53260	0	0	0	1	1
AT1TE53265	0	0	0	1	1
AT1TE53270	0	0	0	1	1
AT1TE53275	0	0	0	1	1
AT1TE53280	0	0	0	1	1
AT1TE53285	0	0	0	1	1
AT1TE53290	0	0	0	1	1
AT1TE53295	0	0	0	1	1
AT1TE53300	0	0	0	1	1
AT1TE53305	0	0	0	1	1
AT1TE53310	0	0	0	1	1
AT1TE53315	0	0	0	1	1
AT1TE53320	0	0	0	1	1
AT1TE53325	0	0	0	1	1
AT1TE53330	0	0	0	1	1
AT1TE53335	0	0	0	1	1
AT1TE53340	0	0	0	1	1
AT1TE53345	0	0	0	1	1
AT1TE53350	71.5413936753486	92.9597315964164	-0.382879336430673	0.580620386773712	1
AT1TE53355	0	0	0	1	1
AT1TE53365	0	0	0	1	1
AT1TE53370	0	0	0	1	1
AT1TE53375	0	0	0	1	1
AT1TE53380	0	0	0	1	1
AT1TE53385	0	0	0	1	1
AT1TE53390	1.49695616313438	0	2.2941729448634	1	1
AT1TE53395	0	0	0	1	1
AT1TE53405	0	0	0	1	1
AT1TE53410	0	0	0	1	1
AT1TE53415	0	0	0	1	1
AT1TE53420	0	0	0	1	1
AT1TE53425	0	0	0	1	1
AT1TE53430	0	0	0	1	1
AT1TE53435	0	0	0	1	1
AT1TE53450	0	0	0	1	1
AT1TE53460	0	0	0	1	1
AT1TE53465	0	0	0	1	1
AT1TE53470	0	0	0	1	1
AT1TE53475	0	0	0	1	1
AT1TE53480	0	0	0	1	1
AT1TE53485	0	0	0	1	1
AT1TE53490	0	0	0	1	1
AT1TE53495	0	0	0	1	1
AT1TE53500	0	0	0	1	1
AT1TE53505	0	0	0	1	1
AT1TE53510	0	0	0	1	1
AT1TE53515	0	0	0	1	1
AT1TE53520	0	0	0	1	1
AT1TE53525	0	0	0	1	1
AT1TE53530	0	0	0	1	1
AT1TE53535	0	0	0	1	1
AT1TE53540	0	0	0	1	1
AT1TE53545	0	0	0	1	1
AT1TE53550	0	0	0	1	1
AT1TE53555	0	0	0	1	1
AT1TE53560	0	0	0	1	1
AT1TE53565	0	0	0	1	1
AT1TE53570	48.501379685554	0	2.29417294485159	0.999999999999998	1
AT1TE53575	0	0	0	1	1
AT1TE53600	183.238389053293	192.858414583235	-0.0696851147077115	1	1
AT1TE53610	340.941874334642	292.35860025863	0.237358110950546	1	1
AT1TE53615	0	0	0	1	1
AT1TE53620	0	0	0	1	1
AT1TE53625	0	0	0	1	1
AT1TE53630	0	0	0	1	1
AT1TE53635	0.644085388443642	0	2.29434778023564	1	1
AT1TE53640	0	0	0	1	1
AT1TE53645	0	0	0	1	1
AT1TE53650	0	0	0	1	1
AT1TE53655	0	0	0	1	1
AT1TE53660	0	0	0	1	1
AT1TE53665	0	0	0	1	1
AT1TE53670	0	0	0	1	1
AT1TE53675	0	0	0	1	1
AT1TE53680	0	0	0	1	1
AT1TE53685	0	0	0	1	1
AT1TE53690	0	0	0	1	1
AT1TE53695	0	0	0	1	1
AT1TE53700	0	0	0	1	1
AT1TE53710	4.59849323223566	3.57188660573561	0.321981042377438	0.999999999999998	1
AT1TE53715	0	0	0	1	1
AT1TE53720	0	0	0	1	1
AT1TE53725	0	0	0	1	1
AT1TE53730	0	0	0	1	1
AT1TE53735	0	0	0	1	1
AT1TE53740	0	0	0	1	1
AT1TE53745	0	0	0	1	1
AT1TE53750	0	0	0	1	1
AT1TE53755	0	0	0	1	1
AT1TE53760	0	0	0	1	1
AT1TE53765	0	0	0	1	1
AT1TE53770	0	0	0	1	1
AT1TE53775	0	0	0	1	1
AT1TE53780	0	0	0	1	1
AT1TE53785	0	0	0	1	1
AT1TE53790	0	0	0	1	1
AT1TE53795	0	0	0	1	1
AT1TE53800	0	0	0	1	1
AT1TE53805	0	0	0	1	1
AT1TE53810	0	0	0	1	1
AT1TE53815	0	0	0	1	1
AT1TE53820	0	0	0	1	1
AT1TE53825	0	0	0	1	1
AT1TE53830	0	0	0	1	1
AT1TE53835	0	0	0	1	1
AT1TE53840	0	0	0	1	1
AT1TE53845	0	0	0	1	1
AT1TE53850	0	0	0	1	1
AT1TE53855	0	0	0	1	1
AT1TE53860	0	0	0	1	1
AT1TE53865	0	0	0	1	1
AT1TE53870	0	0	0	1	1
AT1TE53875	0	0	0	1	1
AT1TE53880	0	0	0	1	1
AT1TE53885	0	0	0	1	1
AT1TE53890	0	0	0	1	1
AT1TE53895	0	0	0	1	1
AT1TE53900	0	0	0	1	1
AT1TE53905	0	0	0	1	1
AT1TE53915	0	0	0	1	1
AT1TE53920	0	0	0	1	1
AT1TE53925	0	0	0	1	1
AT1TE53930	0	0	0	1	1
AT1TE53935	0	0	0	1	1
AT1TE53940	0	0	0	1	1
AT1TE53945	0	0	0	1	1
AT1TE53955	0	0	0	1	1
AT1TE53960	0	0	0	1	1
AT1TE53965	0	0	0	1	1
AT1TE53970	0	0	0	1	1
AT1TE53975	0	0	0	1	1
AT1TE53980	0	0	0	1	1
AT1TE53985	0	0	0	1	1
AT1TE53990	0	0	0	1	1
AT1TE53995	0	0	0	1	1
AT1TE54000	0	0	0	1	1
AT1TE54005	0	0	0	1	1
AT1TE54010	0	0	0	1	1
AT1TE54015	0	0	0	1	1
AT1TE54020	0	0	0	1	1
AT1TE54025	0	0	0	1	1
AT1TE54030	0	0	0	1	1
AT1TE54035	0	0	0	1	1
AT1TE54040	0	0	0	1	1
AT1TE54045	0	0	0	1	1
AT1TE54050	0	0	0	1	1
AT1TE54055	0	0	0	1	1
AT1TE54060	0	0	0	1	1
AT1TE54065	0	0	0	1	1
AT1TE54070	0	0	0	1	1
AT1TE54075	0	0	0	1	1
AT1TE54085	21.9448272989515	0	3.1393373224412	0.502159713822544	1
AT1TE54090	0	0	0	1	1
AT1TE54095	0	0	0	1	1
AT1TE54100	0	0	0	1	1
AT1TE54110	0	0	0	1	1
AT1TE54115	0	0	0	1	1
AT1TE54120	0	0	0	1	1
AT1TE54125	0	0	0	1	1
AT1TE54130	0	0	0	1	1
AT1TE54135	0	0	0	1	1
AT1TE54140	0	0	0	1	1
AT1TE54145	0	0	0	1	1
AT1TE54160	0	0	0	1	1
AT1TE54165	0	0	0	1	1
AT1TE54170	0	0	0	1	1
AT1TE54175	0	0	0	1	1
AT1TE54180	0	0	0	1	1
AT1TE54185	0	0	0	1	1
AT1TE54190	0	0	0	1	1
AT1TE54200	0	0	0	1	1
AT1TE54205	0	0	0	1	1
AT1TE54210	0	0	0	1	1
AT1TE54220	0	0	0	1	1
AT1TE54225	0	0	0	1	1
AT1TE54230	0	0	0	1	1
AT1TE54235	0	0	0	1	1
AT1TE54240	0	0	0	1	1
AT1TE54245	0	0	0	1	1
AT1TE54250	0	0	0	1	1
AT1TE54255	0	0	0	1	1
AT1TE54260	0	0	0	1	1
AT1TE54265	0	0	0	1	1
AT1TE54270	0	0	0	1	1
AT1TE54275	0	0	0	1	1
AT1TE54280	0	0	0	1	1
AT1TE54285	0	0	0	1	1
AT1TE54290	0	0	0	1	1
AT1TE54295	0	0	0	1	1
AT1TE54300	0	0	0	1	1
AT1TE54305	0	0	0	1	1
AT1TE54310	0	0	0	1	1
AT1TE54315	0	0	0	1	1
AT1TE54320	0	20.8372396226941	-2.34990269888938	1	1
AT1TE54330	130.474705493414	136.753797593691	-0.0679231448025714	1	1
AT1TE54340	0	0	0	1	1
AT1TE54345	0	0	0	1	1
AT1TE54350	0	0	0	1	1
AT1TE54355	0	0	0	1	1
AT1TE54360	0	0	0	1	1
AT1TE54365	0	0	0	1	1
AT1TE54370	0	0	0	1	1
AT1TE54375	1911.67241696371	1487.94704290873	0.356702551074028	0.264509940197629	1
AT1TE54385	0	0	0	1	1
AT1TE54390	0	0	0	1	1
AT1TE54400	0	0	0	1	1
AT1TE54405	0	0	0	1	1
AT1TE54410	0	0	0	1	1
AT1TE54415	0	0	0	1	1
AT1TE54420	0	0	0	1	1
AT1TE54425	0	0	0	1	1
AT1TE54430	0	0	0	1	1
AT1TE54435	0	0	0	1	1
AT1TE54440	0	0	0	1	1
AT1TE54445	0	0	0	1	1
AT1TE54450	0	0	0	1	1
AT1TE54455	0	0	0	1	1
AT1TE54460	0	0	0	1	1
AT1TE54465	0	0	0	1	1
AT1TE54470	0	0	0	1	1
AT1TE54475	0	0	0	1	1
AT1TE54480	0.322481352543791	0.352509876610167	-0.0566342472304108	1	1
AT1TE54485	0	0	0	1	1
AT1TE54490	0	0	0	1	1
AT1TE54495	0	0	0	1	1
AT1TE54500	0	0	0	1	1
AT1TE54505	0	0	0	1	1
AT1TE54510	0	0	0	1	1
AT1TE54515	0	0	0	1	1
AT1TE54525	15.3504340582441	15.2771781772371	-0.0555552253944646	1	1
AT1TE54530	0	0	0	1	1
AT1TE54535	0	0	0	1	1
AT1TE54545	0	0	0	1	1
AT1TE54550	0	0	0	1	1
AT1TE54555	0	0	0	1	1
AT1TE54560	0	0	0	1	1
AT1TE54565	0	0	0	1	1
AT1TE54570	0	0	0	1	1
AT1TE54580	0	0	0	1	1
AT1TE54585	0	0	0	1	1
AT1TE54590	0	0	0	1	1
AT1TE54595	0	0	0	1	1
AT1TE54600	0	7.33774103024523	-2.35098263170786	1	1
AT1TE54605	0	0	0	1	1
AT1TE54610	0	0	0	1	1
AT1TE54615	0	0	0	1	1
AT1TE54625	0	0	0	1	1
AT1TE54630	0	0	0	1	1
AT1TE54640	0	0	0	1	1
AT1TE54645	0	0	0	1	1
AT1TE54650	0	0	0	1	1
AT1TE54655	0	2.96680270050039	-2.35098263151649	1	1
AT1TE54660	0	0	0	1	1
AT1TE54665	0	0	0	1	1
AT1TE54670	0	0	0	1	1
AT1TE54675	0	0	0	1	1
AT1TE54680	0	0	0	1	1
AT1TE54685	0	0	0	1	1
AT1TE54690	0	0	0	1	1
AT1TE54695	0	0	0	1	1
AT1TE54700	0	0	0	1	1
AT1TE54705	0	0	0	1	1
AT1TE54710	0	0	0	1	1
AT1TE54715	0	0	0	1	1
AT1TE54720	0	6.2187694313631	-2.35098263132511	0.999999999999997	1
AT1TE54725	0	0	0	1	1
AT1TE54730	0	0	0	1	1
AT1TE54735	0	0	0	1	1
AT1TE54740	0	0	0	1	1
AT1TE54750	0	0	0	1	1
AT1TE54755	0	0	0	1	1
AT1TE54760	0	0	0	1	1
AT1TE54765	0	0	0	1	1
AT1TE54770	0	0	0	1	1
AT1TE54780	4636.88099920366	3518.92732802537	0.400188790455414	0.101122522746513	1
AT1TE54790	630.207568606821	1069.98684684988	-0.764811729317845	0.294365158253326	1
AT1TE54795	0	0	0	1	1
AT1TE54800	0	0	0	1	1
AT1TE54805	3.80677060089158	0.547124091191576	2.4743844622453	0.0749044728882874	1
AT1TE54810	0	0	0	1	1
AT1TE54815	0	0	0	1	1
AT1TE54820	116.252344231099	0	4.05502976930124	0.128018115080495	1
AT1TE54825	101.044541011571	188.721997692316	-0.838674966007796	0.559571657595338	1
AT1TE54830	0	0	0	1	1
AT1TE54835	111.394606109054	169.781129842733	-0.600610958157188	0.115178204856327	1
AT1TE54840	0	0	0	1	1
AT1TE54845	60.6393418330232	105.068852794343	-0.757291154487935	0.730174347484406	1
AT1TE54850	46.3980035257213	34.3301455343616	0.465016889041105	1	1
AT1TE54880	0	0	0	1	1
AT1TE54885	0	0	0	1	1
AT1TE54890	0	0	0	1	1
AT1TE54895	0	0	0	1	1
AT1TE54900	0	0	0	1	1
AT1TE54905	0	0	0	1	1
AT1TE54915	0	0	0	1	1
AT1TE54920	0	0	0	1	1
AT1TE54925	0	0	0	1	1
AT1TE54930	0	0	0	1	1
AT1TE54935	0	0	0	1	1
AT1TE54940	0	0	0	1	1
AT1TE54945	0	0	0	1	1
AT1TE54950	0	0	0	1	1
AT1TE54960	0	0	0	1	1
AT1TE54965	0	0	0	1	1
AT1TE54970	0	0	0	1	1
AT1TE54975	0	0	0	1	1
AT1TE54980	0	0	0	1	1
AT1TE54985	0	0	0	1	1
AT1TE54990	0	0	0	1	1
AT1TE54995	0	0	0	1	1
AT1TE55000	0	0	0	1	1
AT1TE55005	0	0	0	1	1
AT1TE55010	0	0	0	1	1
AT1TE55015	0	0	0	1	1
AT1TE55020	0	0	0	1	1
AT1TE55025	0	0	0	1	1
AT1TE55030	89.1569479513861	0	2.29417294483977	0.999999999999992	1
AT1TE55035	0	0	0	1	1
AT1TE55040	0	0	0	1	1
AT1TE55045	0	0	0	1	1
AT1TE55050	0	0	0	1	1
AT1TE55055	0	0	0	1	1
AT1TE55060	0	0	0	1	1
AT1TE55065	0	0	0	1	1
AT1TE55070	0	0	0	1	1
AT1TE55075	0	0	0	1	1
AT1TE55080	0	0	0	1	1
AT1TE55085	0	0	0	1	1
AT1TE55090	0	0	0	1	1
AT1TE55095	0	0	0	1	1
AT1TE55100	0	0	0	1	1
AT1TE55105	0	0	0	1	1
AT1TE55110	0	0	0	1	1
AT1TE55115	0	0	0	1	1
AT1TE55120	0	0	0	1	1
AT1TE55125	0	0	0	1	1
AT1TE55130	0	0	0	1	1
AT1TE55135	0	0	0	1	1
AT1TE55140	0	0	0	1	1
AT1TE55145	0	0	0	1	1
AT1TE55150	0	0	0	1	1
AT1TE55155	0	0	0	1	1
AT1TE55160	0	0	0	1	1
AT1TE55165	0	0	0	1	1
AT1TE55170	0	0	0	1	1
AT1TE55175	0	0	0	1	1
AT1TE55180	0	0	0	1	1
AT1TE55185	0	0	0	1	1
AT1TE55190	0	0	0	1	1
AT1TE55195	0	0	0	1	1
AT1TE55200	6.73630273410473	0	2.29417294482795	1	1
AT1TE55205	0	0	0	1	1
AT1TE55210	0	0	0	1	1
AT1TE55230	0	0	0	1	1
AT1TE55235	0	0	0	1	1
AT1TE55240	0	0	0	1	1
AT1TE55245	0	0	0	1	1
AT1TE55250	0	0	0	1	1
AT1TE55255	0	0	0	1	1
AT1TE55260	0	0	0	1	1
AT1TE55290	0	0	0	1	1
AT1TE55295	0	0	0	1	1
AT1TE55305	0	0	0	1	1
AT1TE55310	0	0	0	1	1
AT1TE55315	0	0	0	1	1
AT1TE55320	0	0.769610948728683	-2.35098263113374	1	1
AT1TE55325	0	0	0	1	1
AT1TE55330	0	0	0	1	1
AT1TE55335	0	0	0	1	1
AT1TE55340	0	0	0	1	1
AT1TE55345	0	0	0	1	1
AT1TE55350	0	0	0	1	1
AT1TE55355	0	0	0	1	1
AT1TE55360	0	0	0	1	1
AT1TE55365	0	0	0	1	1
AT1TE55370	0	0	0	1	1
AT1TE55375	0	0	0	1	1
AT1TE55380	0	0	0	1	1
AT1TE55385	0	0	0	1	1
AT1TE55395	500.845725445052	0	4.6104359793051	0.0330250693007831	1
AT1TE55400	11.7696444691317	0	3.13933732042317	0.50215969029291	1
AT1TE55405	0	0	0	1	1
AT1TE55410	0	0	0	1	1
AT1TE55415	0	0	0	1	1
AT1TE55425	0	0	0	1	1
AT1TE55430	0	0	0	1	1
AT1TE55435	0	0	0	1	1
AT1TE55440	0	0	0	1	1
AT1TE55450	0	0	0	1	1
AT1TE55455	0	0	0	1	1
AT1TE55460	0	0	0	1	1
AT1TE55490	0	0	0	1	1
AT1TE55495	0	0	0	1	1
AT1TE55500	0	0	0	1	1
AT1TE55505	0	0	0	1	1
AT1TE55510	0	0	0	1	1
AT1TE55515	0	0	0	1	1
AT1TE55520	0	0	0	1	1
AT1TE55525	0	0	0	1	1
AT1TE55530	0	0	0	1	1
AT1TE55535	0	0	0	1	1
AT1TE55540	0	0	0	1	1
AT1TE55550	3057.86525796474	5530.74442004808	-0.837076785315553	0.125173007682639	1
AT1TE55555	51.6281169773381	55.229650447435	-0.0694971552676243	1	1
AT1TE55560	0	0	0	1	1
AT1TE55565	0	0	0	1	1
AT1TE55570	0	0	0	1	1
AT1TE55575	0	0	0	1	1
AT1TE55580	0	0	0	1	1
AT1TE55585	0	0	0	1	1
AT1TE55590	0	0	0	1	1
AT1TE55595	0	0	0	1	1
AT1TE55600	217.353048566417	114.775508694705	0.853108405046178	0.690967624055977	1
AT1TE55620	0	0	0	1	1
AT1TE55630	0	0	0	1	1
AT1TE55635	0	0	0	1	1
AT1TE55640	0	0	0	1	1
AT1TE55645	0	0	0	1	1
AT1TE55650	0	0	0	1	1
AT1TE55655	0	0	0	1	1
AT1TE55660	0	0	0	1	1
AT1TE55665	0	0	0	1	1
AT1TE55670	0	0	0	1	1
AT1TE55675	0	0	0	1	1
AT1TE55680	0	0	0	1	1
AT1TE55685	0	0	0	1	1
AT1TE55690	0	0	0	1	1
AT1TE55695	0	0	0	1	1
AT1TE55700	54.3093251152528	11.9092186278493	2.00854833410291	0.225194171031914	1
AT1TE55710	0	0	0	1	1
AT1TE55715	0	0	0	1	1
AT1TE55720	0	0	0	1	1
AT1TE55725	0	0	0	1	1
AT1TE55730	0	0	0	1	1
AT1TE55735	0	0	0	1	1
AT1TE55740	0	0	0	1	1
AT1TE55745	0	0	0	1	1
AT1TE55750	0	0	0	1	1
AT1TE55755	0	0	0	1	1
AT1TE55760	0	0	0	1	1
AT1TE55765	0	0	0	1	1
AT1TE55770	0	0	0	1	1
AT1TE55790	0	0	0	1	1
AT1TE55795	2.57383674833125	13.5155433651819	-2.25255206575134	0.0424940382717516	1
AT1TE55800	0	0	0	1	1
AT1TE55805	0	0	0	1	1
AT1TE55810	0	0	0	1	1
AT1TE55815	0	0	0	1	1
AT1TE55820	0	0	0	1	1
AT1TE55825	0	0	0	1	1
AT1TE55830	0	0	0	1	1
AT1TE55835	0	0	0	1	1
AT1TE55840	0	0	0	1	1
AT1TE55845	3.64124472113769	0	2.29417294481613	1	1
AT1TE55850	0	0	0	1	1
AT1TE55855	5.05644075120455	5.61193371537521	-0.0568092754322942	1	1
AT1TE55865	0	176.428518004881	-3.73383312185916	0.252838748449923	1
AT1TE55875	0	0	0	1	1
AT1TE55880	0	0	0	1	1
AT1TE55885	0	0	0	1	1
AT1TE55890	0	0	0	1	1
AT1TE55895	0	0	0	1	1
AT1TE55900	0	0	0	1	1
AT1TE55905	0	0	0	1	1
AT1TE55910	0	0	0	1	1
AT1TE55915	41.056472645785	0	3.66814590206505	0.253793611822662	1
AT1TE55920	784.973549881619	982.801142021376	-0.328068758466963	0.155146847536291	1
AT1TE55925	0	0	0	1	1
AT1TE55930	0	0	0	1	1
AT1TE55935	0	0	0	1	1
AT1TE55940	0	0	0	1	1
AT1TE55945	137.79698266624	163.196452054013	-0.246318227069176	0.865729391903432	1
AT1TE55950	509.091521585423	1862.11330710387	-1.75286498534635	0.185942073849544	1
AT1TE55955	0	0	0	1	1
AT1TE55960	738.159636646276	574.045039536765	0.357482275831876	0.530103586570451	1
AT1TE55980	0	0	0	1	1
AT1TE55985	0	0	0	1	1
AT1TE56030	0	0	0	1	1
AT1TE56035	0	0	0	1	1
AT1TE56040	293.832019085926	223.661195958307	0.401341033615008	0.445377008328162	1
AT1TE56045	0	0	0	1	1
AT1TE56050	0	0	0	1	1
AT1TE56055	0	0	0	1	1
AT1TE56060	0	0	0	1	1
AT1TE56065	0	0	0	1	1
AT1TE56070	0	0	0	1	1
AT1TE56075	0	0	0	1	1
AT1TE56080	0	0	0	1	1
AT1TE56085	0	0	0	1	1
AT1TE56090	0	0	0	1	1
AT1TE56095	0	0	0	1	1
AT1TE56100	0	0	0	1	1
AT1TE56105	0	0	0	1	1
AT1TE56110	0	0	0	1	1
AT1TE56115	0	0	0	1	1
AT1TE56120	0	0	0	1	1
AT1TE56130	0	0	0	1	1
AT1TE56135	0.31803275935706	0.316515032243455	-0.0555552252102522	1	1
AT1TE56140	0	0	0	1	1
AT1TE56150	0	0	0	1	1
AT1TE56155	0	0	0	1	1
AT1TE56160	0	0	0	1	1
AT1TE56165	0	0	0	1	1
AT1TE56170	0	0	0	1	1
AT1TE56175	0	0	0	1	1
AT1TE56180	0	0	0	1	1
AT1TE56185	0	0	0	1	1
AT1TE56195	0	0	0	1	1
AT1TE56200	0	0	0	1	1
AT1TE56205	0	0	0	1	1
AT1TE56230	0	0	0	1	1
AT1TE56235	0	0	0	1	1
AT1TE56240	0	0	0	1	1
AT1TE56245	0	0	0	1	1
AT1TE56250	0	0	0	1	1
AT1TE56255	0	0	0	1	1
AT1TE56260	0	0	0	1	1
AT1TE56280	0	0	0	1	1
AT1TE56285	0	0	0	1	1
AT1TE56290	0	0	0	1	1
AT1TE56295	0	0	0	1	1
AT1TE56300	0	0	0	1	1
AT1TE56305	0	0	0	1	1
AT1TE56310	0	0	0	1	1
AT1TE56320	0	0	0	1	1
AT1TE56330	0	0	0	1	1
AT1TE56335	0	0	0	1	1
AT1TE56345	119.008407643346	230.529199330421	-0.916555073133162	0.34391952439282	1
AT1TE56355	0	0	0	1	1
AT1TE56360	0	0	0	1	1
AT1TE56365	0	0	0	1	1
AT1TE56370	0	0	0	1	1
AT1TE56375	1250.76755065484	816.304164017589	0.596391789924073	0.34623339081679	1
AT1TE56380	0	0	0	1	1
AT1TE56385	0	0	0	1	1
AT1TE56390	0	0	0	1	1
AT1TE56395	0	19.5601991998107	-2.35098263094236	1	1
AT1TE56400	0	0	0	1	1
AT1TE56405	14.3325590087335	31.8142247032382	-0.908597639651541	1	1
AT1TE56410	2296.71507192575	2473.05235713701	-0.0734358533770906	1	1
AT1TE56420	0	0	0	1	1
AT1TE56425	0	0	0	1	1
AT1TE56430	0	0	0	1	1
AT1TE56440	0	0	0	1	1
AT1TE56445	311.498338347463	353.296538147764	-0.181582633340206	0.263251095064185	1
AT1TE56450	0	0	0	1	1
AT1TE56455	0	0	0	1	1
AT1TE56460	0	0	0	1	1
AT1TE56465	0	0	0	1	1
AT1TE56470	0	0	0	1	1
AT1TE56475	0	0	0	1	1
AT1TE56480	0	0	0	1	1
AT1TE56485	0	875.164064153154	-4.11755348320722	0.130171070566545	1
AT1TE56495	0	0	0	1	1
AT1TE56500	0	0	0	1	1
AT1TE56505	1.9326338733485	1.95286848870643	-0.0557300368303917	1	1
AT1TE56510	0	0	0	1	1
AT1TE56515	15.1988248329775	0	2.29434778024212	0.999999999999998	1
AT1TE56525	28.1330508616903	0	3.13896423455023	0.502158454921459	1
AT1TE56530	0	31.2558594340412	-2.34990269876968	1	1
AT1TE56560	0	0	0	1	1
AT1TE56565	0	0	0	1	1
AT1TE56580	373.062064082175	389.541120418392	-0.062270486038114	1	1
AT1TE56585	2.94733712235987	6.24932278746084	-0.907412096266695	1	1
AT1TE56590	0	0	0	1	1
AT1TE56595	0	0	0	1	1
AT1TE56600	0	0	0	1	1
AT1TE56605	0	0	0	1	1
AT1TE56610	0	0	0	1	1
AT1TE56615	0	0	0	1	1
AT1TE56620	0	0	0	1	1
AT1TE56625	0	0	0	1	1
AT1TE56630	0	0	0	1	1
AT1TE56635	0	0	0	1	1
AT1TE56640	0	0	0	1	1
AT1TE56645	0	0	0	1	1
AT1TE56650	0	0	0	1	1
AT1TE56655	0	0	0	1	1
AT1TE56660	0	0	0	1	1
AT1TE56665	0	0	0	1	1
AT1TE56675	0	0	0	1	1
AT1TE56680	0	0	0	1	1
AT1TE56685	0	0	0	1	1
AT1TE56690	220.765142498272	123.511057440969	0.77084755311973	0.564149198706457	1
AT1TE56695	112.715891015116	205.843028167798	-0.875023400412492	0.174598840876231	1
AT1TE56700	4001.39959952488	3639.94182584849	0.134966243191491	0.647165073866837	1
AT1TE56705	0	52.5680353494912	-2.35098263075099	0.999999999999998	1
AT1TE56710	0	0	0	1	1
AT1TE56715	6.73470903430623	0	2.2943477802486	0.999999999999997	1
AT1TE56725	0	0	0	1	1
AT1TE56730	0	0	0	1	1
AT1TE56735	0	0	0	1	1
AT1TE56740	0	0	0	1	1
AT1TE56745	0	0	0	1	1
AT1TE56750	0	0	0	1	1
AT1TE56755	0	0	0	1	1
AT1TE56760	0	0	0	1	1
AT1TE56765	0	0	0	1	1
AT1TE56770	0	0	0	1	1
AT1TE56775	0	0	0	1	1
AT1TE56780	0	0	0	1	1
AT1TE56785	0	0	0	1	1
AT1TE56790	0	0	0	1	1
AT1TE56795	0	0	0	1	1
AT1TE56800	0	0	0	1	1
AT1TE56805	0	0	0	1	1
AT1TE56810	0	0	0	1	1
AT1TE56815	0	0	0	1	1
AT1TE56820	0	0	0	1	1
AT1TE56825	0	0	0	1	1
AT1TE56835	0	0	0	1	1
AT1TE56880	0	0	0	1	1
AT1TE56910	0	0	0	1	1
AT1TE56940	0	0	0	1	1
AT1TE56945	0	0	0	1	1
AT1TE56950	0	0	0	1	1
AT1TE56955	0	0	0	1	1
AT1TE56960	0	0	0	1	1
AT1TE56970	0	0	0	1	1
AT1TE56975	0	0	0	1	1
AT1TE56980	0	0	0	1	1
AT1TE56985	0	0	0	1	1
AT1TE56990	0	0	0	1	1
AT1TE56995	0	0	0	1	1
AT1TE57000	0	0	0	1	1
AT1TE57010	0	0	0	1	1
AT1TE57015	0	0	0	1	1
AT1TE57020	0	0	0	1	1
AT1TE57025	0	0	0	1	1
AT1TE57035	0	0	0	1	1
AT1TE57040	0	0	0	1	1
AT1TE57045	0	0	0	1	1
AT1TE57050	0	0	0	1	1
AT1TE57055	0	0	0	1	1
AT1TE57060	0	0	0	1	1
AT1TE57065	0	0	0	1	1
AT1TE57070	0	0	0	1	1
AT1TE57075	0	0	0	1	1
AT1TE57080	0	0	0	1	1
AT1TE57085	0	0	0	1	1
AT1TE57120	0	0	0	1	1
AT1TE57125	0	0	0	1	1
AT1TE57150	0	0	0	1	1
AT1TE57155	0	0	0	1	1
AT1TE57160	0	0	0	1	1
AT1TE57165	0	0	0	1	1
AT1TE57170	0	0	0	1	1
AT1TE57175	0	0	0	1	1
AT1TE57180	0	0	0	1	1
AT1TE57185	0	0	0	1	1
AT1TE57190	0	0	0	1	1
AT1TE57195	0	0	0	1	1
AT1TE57200	182.257073176987	184.694329669445	-0.0194707873490508	0.95659567187378	1
AT1TE57205	0	0	0	1	1
AT1TE57210	0	0	0	1	1
AT1TE57215	0	0	0	1	1
AT1TE57220	0	0	0	1	1
AT1TE57225	0	0	0	1	1
AT1TE57235	0	0	0	1	1
AT1TE57240	0	0	0	1	1
AT1TE57270	0	0	0	1	1
AT1TE57275	0	0	0	1	1
AT1TE57280	0	0	0	1	1
AT1TE57290	7.03326271542257	7.10690075298385	-0.0557300366731265	1	1
AT1TE57300	0	0	0	1	1
AT1TE57305	0	0	0	1	1
AT1TE57310	0	0	0	1	1
AT1TE57315	0	0	0	1	1
AT1TE57325	0	0	0	1	1
AT1TE57330	0	0	0	1	1
AT1TE57335	0	0	0	1	1
AT1TE57380	0	0	0	1	1
AT1TE57385	0	0	0	1	1
AT1TE57390	0	0	0	1	1
AT1TE57395	0	0	0	1	1
AT1TE57400	0	0	0	1	1
AT1TE57410	64156.1971058663	51139.8584633707	0.326921343221003	0.000176699112180099	0.501006237253192
AT1TE57420	0	0	0	1	1
AT1TE57430	0	0	0	1	1
AT1TE57435	0	0	0	1	1
AT1TE57440	0	0	0	1	1
AT1TE57445	0	0	0	1	1
AT1TE57460	0	0	0	1	1
AT1TE57470	0	0	0	1	1
AT1TE57475	0	0	0	1	1
AT1TE57480	0	0	0	1	1
AT1TE57485	0	0	0	1	1
AT1TE57490	0	0	0	1	1
AT1TE57495	27.1515478178892	0	3.13915052740496	0.501872197325189	1
AT1TE57500	0	0	0	1	1
AT1TE57530	0	0	0	1	1
AT1TE57540	0	0	0	1	1
AT1TE57560	0	0	0	1	1
AT1TE57565	0	0	0	1	1
AT1TE57570	0	0	0	1	1
AT1TE57575	0	0	0	1	1
AT1TE57585	25.7477027869639	0	3.66838838443427	0.252812915263084	1
AT1TE57590	0	0	0	1	1
AT1TE57600	0	0	0	1	1
AT1TE57605	0	0	0	1	1
AT1TE57610	0	0	0	1	1
AT1TE57615	0	0	0	1	1
AT1TE57620	0	0	0	1	1
AT1TE57630	0	0	0	1	1
AT1TE57635	0	0	0	1	1
AT1TE57640	0	0	0	1	1
AT1TE57645	0	0	0	1	1
AT1TE57650	0	0	0	1	1
AT1TE57655	0	0	0	1	1
AT1TE57660	0	0	0	1	1
AT1TE57665	0	0	0	1	1
AT1TE57670	0	0	0	1	1
AT1TE57675	0	0	0	1	1
AT1TE57680	0	0	0	1	1
AT1TE57685	0	0	0	1	1
AT1TE57690	0	0	0	1	1
AT1TE57695	0	0	0	1	1
AT1TE57700	0	0	0	1	1
AT1TE57705	0	0	0	1	1
AT1TE57710	0	0	0	1	1
AT1TE57715	0	0	0	1	1
AT1TE57725	0	0	0	1	1
AT1TE57730	0	0	0	1	1
AT1TE57750	0	0	0	1	1
AT1TE57755	0	0	0	1	1
AT1TE57760	0	0	0	1	1
AT1TE57765	0	0	0	1	1
AT1TE57770	0	0	0	1	1
AT1TE57775	0	0	0	1	1
AT1TE57790	0	0	0	1	1
AT1TE57795	0	0	0	1	1
AT1TE57805	0	0	0	1	1
AT1TE57810	0	0	0	1	1
AT1TE57815	0	0	0	1	1
AT1TE57820	0	4.12551105133959	-2.35098263055961	0.999999999999998	1
AT1TE57825	0	0	0	1	1
AT1TE57830	0	0	0	1	1
AT1TE57835	0	0	0	1	1
AT1TE57845	0	0	0	1	1
AT1TE57850	0	0	0	1	1
AT1TE57880	0	0	0	1	1
AT1TE57885	0	0	0	1	1
AT1TE57890	59.4379653009241	0	2.29417294480431	1	1
AT1TE57910	0	0	0	1	1
AT1TE57915	24.5950201245203	0	4.05427866517261	0.130256256309174	1
AT1TE57920	0	0	0	1	1
AT1TE57925	1656.19413609263	1744.58773215951	-0.070383684759774	0.915165724520251	1
AT1TE57960	0	0	0	1	1
AT1TE57980	0	0	0	1	1
AT1TE57985	0	102.102474151201	-2.34990269864999	1	1
AT1TE57990	0	0	0	1	1
AT1TE57995	0	0	0	1	1
AT1TE58000	0	0	0	1	1
AT1TE58005	0	0	0	1	1
AT1TE58030	0	0	0	1	1
AT1TE58035	0	0	0	1	1
AT1TE58040	0	0	0	1	1
AT1TE58045	0	0	0	1	1
AT1TE58050	0	0	0	1	1
AT1TE58055	0	0	0	1	1
AT1TE58060	0	0	0	1	1
AT1TE58065	0	0	0	1	1
AT1TE58075	0	0	0	1	1
AT1TE58080	0	0	0	1	1
AT1TE58100	0	0	0	1	1
AT1TE58105	0	0	0	1	1
AT1TE58120	0	0	0	1	1
AT1TE58125	0	0	0	1	1
AT1TE58130	0	0	0	1	1
AT1TE58135	0	0	0	1	1
AT1TE58140	0	0	0	1	1
AT1TE58145	0	0	0	1	1
AT1TE58150	0	0	0	1	1
AT1TE58155	0	0	0	1	1
AT1TE58160	0	0	0	1	1
AT1TE58165	84.8485869309038	93.4542850657621	-0.0635286182067274	1	1
AT1TE58170	0	0	0	1	1
AT1TE58175	0	0	0	1	1
AT1TE58180	0	0	0	1	1
AT1TE58185	0	0	0	1	1
AT1TE58190	0	0	0	1	1
AT1TE58195	0	0	0	1	1
AT1TE58200	0	0	0	1	1
AT1TE58205	0	0	0	1	1
AT1TE58210	0	0	0	1	1
AT1TE58215	0	0	0	1	1
AT1TE58220	0	0	0	1	1
AT1TE58225	0	0	0	1	1
AT1TE58230	0	0	0	1	1
AT1TE58235	0	0	0	1	1
AT1TE58240	0	0	0	1	1
AT1TE58245	0	0	0	1	1
AT1TE58250	0	0	0	1	1
AT1TE58255	0	0	0	1	1
AT1TE58260	0	0	0	1	1
AT1TE58265	0	841.088565591859	-4.93992371361078	0.0880064296080812	1
AT1TE58270	0	0	0	1	1
AT1TE58275	110.230408376259	222.769034511712	-0.906288604002496	1	1
AT1TE58285	0	0	0	1	1
AT1TE58290	0	0	0	1	1
AT1TE58295	0	0	0	1	1
AT1TE58300	0	0	0	1	1
AT1TE58305	0	0	0	1	1
AT1TE58310	0	0	0	1	1
AT1TE58315	5852.36176178539	7049.02823988723	-0.263285282071716	0.27483079204555	1
AT1TE58325	0	0	0	1	1
AT1TE58330	60.5560732324345	15.239175246448	1.70478330063817	0.379947021062642	1
AT1TE58335	0	0	0	1	1
AT1TE58340	0	0	0	1	1
AT1TE58345	0	0	0	1	1
AT1TE58350	0	0	0	1	1
AT1TE58355	0	0	0	1	1
AT1TE58360	0	0	0	1	1
AT1TE58365	0	0	0	1	1
AT1TE58390	7.15758611320452	0	2.29434778025508	1	1
AT1TE58395	0	0	0	1	1
AT1TE58400	0	0	0	1	1
AT1TE58405	0	0	0	1	1
AT1TE58410	0	0	0	1	1
AT1TE58420	0	0	0	1	1
AT1TE58425	0	0	0	1	1
AT1TE58430	6.91631916556842	0	2.29434778026156	0.999999999999995	1
AT1TE58435	0	0	0	1	1
AT1TE58440	0	0	0	1	1
AT1TE58445	0	0	0	1	1
AT1TE58450	0	0	0	1	1
AT1TE58455	1.55732660177094	0	2.2941729447925	1	1
AT1TE58460	52.7007028335653	18.5763829101257	1.40856226518455	0.299030870094384	1
AT1TE58465	27.0655020566708	87.4266316899188	-1.43965564008862	0.627824046825446	1
AT1TE58470	0	0	0	1	1
AT1TE58475	0	0	0	1	1
AT1TE58480	0	0	0	1	1
AT1TE58485	0	0	0	1	1
AT1TE58490	26.0200534793745	0	2.29417294478068	1	1
AT1TE58495	0	0	0	1	1
AT1TE58500	0	0	0	1	1
AT1TE58505	0	0	0	1	1
AT1TE58510	0	0	0	1	1
AT1TE58520	0	0	0	1	1
AT1TE58525	0	0	0	1	1
AT1TE58530	0	0	0	1	1
AT1TE58560	27.1168460676471	0	2.29434778026804	0.999999999999998	1
AT1TE58600	0	0	0	1	1
AT1TE58605	0	0	0	1	1
AT1TE58610	0	0	0	1	1
AT1TE58615	0	0	0	1	1
AT1TE58620	0	0	0	1	1
AT1TE58625	0	0	0	1	1
AT1TE58630	0	0	0	1	1
AT1TE58640	0	0	0	1	1
AT1TE58645	0	0	0	1	1
AT1TE58650	0	0	0	1	1
AT1TE58655	0	0	0	1	1
AT1TE58660	0	0	0	1	1
AT1TE58680	0	0	0	1	1
AT1TE58685	0	0	0	1	1
AT1TE58690	0	0	0	1	1
AT1TE58695	0	0	0	1	1
AT1TE58700	0	0	0	1	1
AT1TE58705	0	0	0	1	1
AT1TE58715	0	0	0	1	1
AT1TE58720	0	0	0	1	1
AT1TE58725	0	0	0	1	1
AT1TE58730	0	0	0	1	1
AT1TE58735	4873.60810197629	4356.27157529429	0.157628630430089	0.551126305167587	1
AT1TE58740	0	0	0	1	1
AT1TE58745	0	0	0	1	1
AT1TE58750	0	0	0	1	1
AT1TE58790	0	0	0	1	1
AT1TE58800	0	0	0	1	1
AT1TE58805	0	0	0	1	1
AT1TE58810	0	0	0	1	1
AT1TE58815	0	0	0	1	1
AT1TE58820	0	0	0	1	1
AT1TE58825	0	0	0	1	1
AT1TE58830	0	0	0	1	1
AT1TE58840	12360.8990980834	12584.0879815828	-0.0243697610200957	0.908713241518094	1
AT1TE58870	0	357.079360383526	-4.12100777746772	0.127662451709108	1
AT1TE58875	0	0	0	1	1
AT1TE58880	0	0	0	1	1
AT1TE58885	0	0	0	1	1
AT1TE58895	0	0	0	1	1
AT1TE58990	0	0	0	1	1
AT1TE59000	0	0	0	1	1
AT1TE59005	40.4444003954522	144.865940310532	-1.72659097251107	0.102691402656795	1
AT1TE59080	0	32.5858960057025	-2.3499026985303	1	1
AT1TE59085	0	0	0	1	1
AT1TE59130	0	0	0	1	1
AT1TE59135	0	0	0	1	1
AT1TE59145	0	0	0	1	1
AT1TE59150	0	0	0	1	1
AT1TE59155	0	0	0	1	1
AT1TE59160	0	0	0	1	1
AT1TE59165	0	0	0	1	1
AT1TE59170	0	0	0	1	1
AT1TE59175	0	0	0	1	1
AT1TE59180	0	0	0	1	1
AT1TE59190	0	0	0	1	1
AT1TE59195	0	0	0	1	1
AT1TE59210	0	0	0	1	1
AT1TE59215	0	0	0	1	1
AT1TE59220	0	0	0	1	1
AT1TE59225	0	0	0	1	1
AT1TE59230	0	0	0	1	1
AT1TE59235	0	0	0	1	1
AT1TE59240	0	0	0	1	1
AT1TE59245	45113.0214036954	67530.4303640156	-0.580890891158904	0.00303818880109513	1
AT1TE59280	0	0	0	1	1
AT1TE59290	57.172050068321	81.4621486788752	-0.453579819504198	1	1
AT1TE59310	0	0	0	1	1
AT1TE59315	0	0	0	1	1
AT1TE59320	0	0	0	1	1
AT1TE59350	252.611352528927	395.437612976646	-0.593831813170769	1	1
AT1TE59400	0	0	0	1	1
AT1TE59405	0	0	0	1	1
AT1TE59410	0	0	0	1	1
AT1TE59415	0	0	0	1	1
AT1TE59420	0	0	0	1	1
AT1TE59425	0	0	0	1	1
AT1TE59450	31.8939070329321	0	2.29434778027452	0.999999999999997	1
AT1TE59470	0	0	0	1	1
AT1TE59475	0	0	0	1	1
AT1TE59480	1702.14740729479	1537.24179844096	0.150665674586958	0.699275281850963	1
AT1TE59510	0	6.10174148313952	-2.34990269841061	1	1
AT1TE59515	0	0	0	1	1
AT1TE59530	1791.4923668679	255.256185378003	2.47636267398852	0.0814621574675444	1
AT1TE59535	0	0	0	1	1
AT1TE59540	0	0	0	1	1
AT1TE59545	0	0	0	1	1
AT1TE59555	0	0	0	1	1
AT1TE59620	0	0	0	1	1
AT1TE59660	0	0	0	1	1
AT1TE59665	0	0	0	1	1
AT1TE59670	0	0	0	1	1
AT1TE59675	0	0	0	1	1
AT1TE59730	0	0	0	1	1
AT1TE59735	8.71073629410094	27.2715595156308	-1.43865790647225	0.627776047636073	1
AT1TE59745	0	0	0	1	1
AT1TE59755	4.63424863191737	1.27606837184428	1.70393933141781	0.379440599691662	1
AT1TE59760	0	0	0	1	1
AT1TE59765	0	0	0	1	1
AT1TE59770	0	0	0	1	1
AT1TE59790	0	0	0	1	1
AT1TE59800	0	0	0	1	1
AT1TE59805	0	0	0	1	1
AT1TE59815	0	0	0	1	1
AT1TE59820	1253.09357801774	1208.94469688188	0.0460630390263122	0.93416334761254	1
AT1TE59850	0	0	0	1	1
AT1TE59860	17.8698621493103	0	3.66838838370697	0.252812941784718	1
AT1TE59865	0	0	0	1	1
AT1TE59870	0	0	0	1	1
AT1TE59875	0	25.2958967095296	-2.35098263036824	0.999999999999994	1
AT1TE59880	0	0	0	1	1
AT1TE59885	0	0	0	1	1
AT1TE59910	0	0	0	1	1
AT1TE59930	24.004315359627	36.1069653186959	-0.59239274325935	1	1
AT1TE59950	0	52.1374336091241	-3.20045123456305	0.502151459358602	1
AT1TE59955	64.5684341680688	0	3.66879446568743	0.253807245039863	1
AT1TE59960	0	0	0	1	1
AT1TE59965	0	0	0	1	1
AT1TE59970	0	0	0	1	1
AT1TE59980	0	0	0	1	1
AT1TE59985	0	0	0	1	1
AT1TE59990	0	0	0	1	1
AT1TE60000	0	0	0	1	1
AT1TE60030	0	0	0	1	1
AT1TE60080	0	0	0	1	1
AT1TE60120	0	0	0	1	1
AT1TE60160	0	0	0	1	1
AT1TE60165	0	0	0	1	1
AT1TE60170	0	240.311018740531	-3.2027679385657	0.502193390374278	1
AT1TE60180	1.36956815159771	0.748549173960938	0.788314070943926	1	1
AT1TE60185	0	0	0	1	1
AT1TE60190	0	0	0	1	1
AT1TE60195	0	0	0	1	1
AT1TE60200	0	0	0	1	1
AT1TE60220	0	0	0	1	1
AT1TE60270	0	7.88828666440196	-2.35098263017686	1	1
AT1TE60280	0	0	0	1	1
AT1TE60340	0	0	0	1	1
AT1TE60345	0	0	0	1	1
AT1TE60380	0	0	0	1	1
AT1TE60385	0	0	0	1	1
AT1TE60395	0	0	0	1	1
AT1TE60400	0	0	0	1	1
AT1TE60405	0	0	0	1	1
AT1TE60410	433.048032906732	0	3.13896423646375	0.502158432263486	1
AT1TE60420	0	0	0	1	1
AT1TE60425	0	0	0	1	1
AT1TE60430	0	0	0	1	1
AT1TE60435	15.569662858677	9.04343823529985	0.778860781059505	0.35589632774773	1
AT1TE60440	0	0	0	1	1
AT1TE60445	0	0	0	1	1
AT1TE60450	0	0	0	1	1
AT1TE60455	0	0	0	1	1
AT1TE60530	0	0	0	1	1
AT1TE60535	0	0	0	1	1
AT1TE60540	0	0	0	1	1
AT1TE60545	0	0	0	1	1
AT1TE60550	0	0	0	1	1
AT1TE60580	0	0	0	1	1
AT1TE60585	5.61358561175394	0	2.29417294476886	1	1
AT1TE60595	0	0	0	1	1
AT1TE60600	0	0	0	1	1
AT1TE60605	0	0	0	1	1
AT1TE60610	0	0	0	1	1
AT1TE60630	0	0	0	1	1
AT1TE60635	0	0	0	1	1
AT1TE60640	0	0	0	1	1
AT1TE60645	0	0	0	1	1
AT1TE60650	0	0	0	1	1
AT1TE60655	0	0	0	1	1
AT1TE60660	0	0	0	1	1
AT1TE60665	0	0	0	1	1
AT1TE60675	0	0	0	1	1
AT1TE60700	0	0	0	1	1
AT1TE60705	16.3563541071622	0	3.13915052741614	0.501872214548133	1
AT1TE60710	619.090753838329	390.07005940492	0.700634622714726	0.560314669098658	1
AT1TE60715	615.278595887611	423.824594321201	0.529864730066669	0.234405043669924	1
AT1TE60720	0	0	0	1	1
AT1TE60725	12.1410730914317	25.3547474828539	-0.907248759862176	1	1
AT1TE60730	0	0	0	1	1
AT1TE60735	0	0	0	1	1
AT1TE60740	0	0	0	1	1
AT1TE60745	0	0	0	1	1
AT1TE60780	0	0	0	1	1
AT1TE60785	0	152.925193743974	-3.20276792209831	0.502193360428368	1
AT1TE60800	0	0	0	1	1
AT1TE60810	0	9.68159499961852	-2.35098262998549	0.999999999999995	1
AT1TE60815	1484.45378256684	1796.45135076114	-0.274048408830593	0.524669794346413	1
AT1TE60840	0	0	0	1	1
AT1TE60920	0	0	0	1	1
AT1TE60925	0	0	0	1	1
AT1TE60935	189.659107985273	156.984357233679	0.266723108895806	0.738087540287813	1
AT1TE60945	0	0	0	1	1
AT1TE60950	0	0	0	1	1
AT1TE60955	0	0	0	1	1
AT1TE60960	0	0	0	1	1
AT1TE60965	0	0	0	1	1
AT1TE60970	0	0	0	1	1
AT1TE61020	0	0	0	1	1
AT1TE61025	0	0	0	1	1
AT1TE61030	0	0	0	1	1
AT1TE61035	0	0	0	1	1
AT1TE61040	0	0	0	1	1
AT1TE61050	0	0	0	1	1
AT1TE61055	0	0	0	1	1
AT1TE61060	0	0	0	1	1
AT1TE61065	0	0	0	1	1
AT1TE61070	0	0	0	1	1
AT1TE61075	0	0	0	1	1
AT1TE61100	0	0	0	1	1
AT1TE61105	0	0	0	1	1
AT1TE61110	0	0	0	1	1
AT1TE61120	0	0	0	1	1
AT1TE61125	0	0	0	1	1
AT1TE61140	52.1654581131855	28.511476799724	0.788314075647069	0.999999999999999	1
AT1TE61145	0	5.26503014454998	-2.35098262979412	1	1
AT1TE61150	0	0	0	1	1
AT1TE61170	0	0	0	1	1
AT1TE61175	0	0	0	1	1
AT1TE61180	27.7275858439455	0	2.294347780281	1	1
AT1TE61210	4.36561989883397	0	2.29434778028748	0.999999999999992	1
AT1TE61240	0	0	0	1	1
AT1TE61290	0	0	0	1	1
AT1TE61295	0	0	0	1	1
AT1TE61305	0	0	0	1	1
AT1TE61330	0	0	0	1	1
AT1TE61335	0	0	0	1	1
AT1TE61450	0	0	0	1	1
AT1TE61460	4946.77092414778	6261.33355528487	-0.32595049646163	0.651627077069653	1
AT1TE61465	16.8407568352618	0	3.13896423837722	0.502158409606106	1
AT1TE61470	1756.56953828006	2513.75788648734	-0.51620802351353	0.256512414474459	1
AT1TE61475	0	0	0	1	1
AT1TE61480	0	0	0	1	1
AT1TE61485	0	0	0	1	1
AT1TE61495	0	0	0	1	1
AT1TE61560	0	0	0	1	1
AT1TE61565	0	0	0	1	1
AT1TE61570	0	0	0	1	1
AT1TE61575	0	0	0	1	1
AT1TE61630	0	0	0	1	1
AT1TE61635	0	0	0	1	1
AT1TE61640	0	0	0	1	1
AT1TE61645	0	0	0	1	1
AT1TE61650	0	0	0	1	1
AT1TE61660	0	0	0	1	1
AT1TE61730	0	0	0	1	1
AT1TE61735	0	0	0	1	1
AT1TE61740	0	0	0	1	1
AT1TE61750	0	0	0	1	1
AT1TE61755	0	0	0	1	1
AT1TE61760	0	0	0	1	1
AT1TE61790	0	0	0	1	1
AT1TE61795	0	0	0	1	1
AT1TE61800	0	0	0	1	1
AT1TE61805	0	0	0	1	1
AT1TE61870	23.2582183423643	8.19825062105035	1.40856228634834	0.299030416415676	1
AT1TE61875	0	0	0	1	1
AT1TE61930	0	0	0	1	1
AT1TE61935	0	0	0	1	1
AT1TE61940	103.406071525378	107.948597513268	-0.0674470733347332	1	1
AT1TE61945	118.875930601848	84.018673031418	0.466576808633561	1	1
AT1TE62080	0	0	0	1	1
AT1TE62110	0	0	0	1	1
AT1TE62115	0	0	0	1	1
AT1TE62120	0	0	0	1	1
AT1TE62125	0	0	0	1	1
AT1TE62130	0	0	0	1	1
AT1TE62135	0	0	0	1	1
AT1TE62140	0	0	0	1	1
AT1TE62145	0	0	0	1	1
AT1TE62180	0	0	0	1	1
AT1TE62190	0	0	0	1	1
AT1TE62195	0	0	0	1	1
AT1TE62200	0	0	0	1	1
AT1TE62205	0	0	0	1	1
AT1TE62210	0	0	0	1	1
AT1TE62215	0	6.09484467820188	-2.35098262960274	1	1
AT1TE62220	0	0	0	1	1
AT1TE62225	0	0	0	1	1
AT1TE62280	81.928006225598	0	2.29417294475704	1	1
AT1TE62285	0	0	0	1	1
AT1TE62290	0	0	0	1	1
AT1TE62295	0	0	0	1	1
AT1TE62300	0	0	0	1	1
AT1TE62305	0	0	0	1	1
AT1TE62330	0	0	0	1	1
AT1TE62335	0	0	0	1	1
AT1TE62340	0	0	0	1	1
AT1TE62345	0	0	0	1	1
AT1TE62350	0	0	0	1	1
AT1TE62355	0	0	0	1	1
AT1TE62360	0	0	0	1	1
AT1TE62390	0	0	0	1	1
AT1TE62395	0	0	0	1	1
AT1TE62400	0	0	0	1	1
AT1TE62405	0	0	0	1	1
AT1TE62410	0	0	0	1	1
AT1TE62415	0	0	0	1	1
AT1TE62440	1.2950818551138	1.41567610450976	-0.0566342471044239	1	1
AT1TE62450	1341.10033980142	1112.51014806698	0.265955860803908	0.507667508942837	1
AT1TE62470	0.723583408646513	0	2.29434778029396	0.999999999999999	1
AT1TE62475	0	0	0	1	1
AT1TE62480	0	0	0	1	1
AT1TE62485	0	0	0	1	1
AT1TE62530	0	0	0	1	1
AT1TE62560	0	0	0	1	1
AT1TE62565	0	0	0	1	1
AT1TE62575	0	0	0	1	1
AT1TE62580	0	0	0	1	1
AT1TE62585	0	0	0	1	1
AT1TE62590	0	0	0	1	1
AT1TE62595	0	0	0	1	1
AT1TE62605	0	0	0	1	1
AT1TE62610	0	0	0	1	1
AT1TE62615	0	0	0	1	1
AT1TE62620	0	0	0	1	1
AT1TE62625	0	0	0	1	1
AT1TE62630	0	0	0	1	1
AT1TE62635	0	0	0	1	1
AT1TE62690	0	0	0	1	1
AT1TE62700	293.197668756479	419.876713137394	-0.482020338107953	0.701410525558561	1
AT1TE62705	0	0	0	1	1
AT1TE62710	0	0	0	1	1
AT1TE62715	0	0	0	1	1
AT1TE62790	0	0	0	1	1
AT1TE62810	0	0	0	1	1
AT1TE62820	0	0	0	1	1
AT1TE62825	0	0	0	1	1
AT1TE62830	0	0	0	1	1
AT1TE62835	0	0	0	1	1
AT1TE62860	154.660715418356	77.5461828996465	0.789215299730791	0.999999999999999	1
AT1TE62865	0	0	0	1	1
AT1TE62870	0	0	0	1	1
AT1TE62875	0	0	0	1	1
AT1TE62885	0	0	0	1	1
AT1TE62890	0	0	0	1	1
AT1TE62895	0	0	0	1	1
AT1TE62900	0	0	0	1	1
AT1TE62905	0	0	0	1	1
AT1TE62915	0	0	0	1	1
AT1TE62920	0	0	0	1	1
AT1TE62925	0	0	0	1	1
AT1TE62930	0	0	0	1	1
AT1TE62935	0	0	0	1	1
AT1TE62940	0	0	0	1	1
AT1TE62945	0	0	0	1	1
AT1TE62950	0	0	0	1	1
AT1TE62955	0	0	0	1	1
AT1TE62960	0	0	0	1	1
AT1TE62970	0	0	0	1	1
AT1TE62980	0	0	0	1	1
AT1TE62985	0	0	0	1	1
AT1TE62995	0	0	0	1	1
AT1TE63010	0	0	0	1	1
AT1TE63015	0	0	0	1	1
AT1TE63020	0	0	0	1	1
AT1TE63025	0	0	0	1	1
AT1TE63030	0	0	0	1	1
AT1TE63035	0	0	0	1	1
AT1TE63040	0	0	0	1	1
AT1TE63045	58.0709816731688	9.06834032983137	2.46623833941303	0.218060829887934	1
AT1TE63050	0	0	0	1	1
AT1TE63055	0	0	0	1	1
AT1TE63060	360.396892422279	349.648093800137	0.037522794289187	0.929177210326164	1
AT1TE63070	0	0	0	1	1
AT1TE63130	0	0	0	1	1
AT1TE63135	0	0	0	1	1
AT1TE63140	0	0	0	1	1
AT1TE63145	0	0	0	1	1
AT1TE63150	0	0	0	1	1
AT1TE63155	0	0	0	1	1
AT1TE63165	0	0	0	1	1
AT1TE63170	23.8784150327904	20.9981568118063	0.168145837583378	0.84395427968676	1
AT1TE63175	0	0	0	1	1
AT1TE63180	0	0	0	1	1
AT1TE63190	0	0	0	1	1
AT1TE63195	0	0	0	1	1
AT1TE63200	0	0	0	1	1
AT1TE63230	0	0	0	1	1
AT1TE63235	0	0	0	1	1
AT1TE63240	0	0	0	1	1
AT1TE63245	0	0	0	1	1
AT1TE63250	0	0	0	1	1
AT1TE63255	7.95287345911614	0	2.29434778030044	0.999999999999998	1
AT1TE63440	0	0	0	1	1
AT1TE63445	0	0	0	1	1
AT1TE63450	0	0	0	1	1
AT1TE63455	0	0	0	1	1
AT1TE63460	0	0	0	1	1
AT1TE63480	20.1417689724062	0	2.29417294474522	0.999999999999999	1
AT1TE63490	0	0	0	1	1
AT1TE63495	0	0	0	1	1
AT1TE63520	0	0	0	1	1
AT1TE63525	0	0	0	1	1
AT1TE63530	0	0	0	1	1
AT1TE63535	0	0	0	1	1
AT1TE63540	0	0	0	1	1
AT1TE63560	11.4841866741714	0	2.29434778030692	1	1
AT1TE63610	28.6041523049228	6.32992335346649	2.11575954664777	0.0598967549733192	1
AT1TE63615	0	0	0	1	1
AT1TE63660	0	0	0	1	1
AT1TE63665	0	0	0	1	1
AT1TE63675	0	0	0	1	1
AT1TE63680	0	0	0	1	1
AT1TE63690	0	0	0	1	1
AT1TE63710	0	0	0	1	1
AT1TE63715	0	0	0	1	1
AT1TE63720	0	0	0	1	1
AT1TE63725	0	0	0	1	1
AT1TE63730	0	0	0	1	1
AT1TE63735	0	0	0	1	1
AT1TE63740	0	0	0	1	1
AT1TE63745	0	0	0	1	1
AT1TE63755	0	0	0	1	1
AT1TE63760	0	0	0	1	1
AT1TE63765	0	0	0	1	1
AT1TE63775	0	0	0	1	1
AT1TE63780	0	0	0	1	1
AT1TE63785	0	0	0	1	1
AT1TE63790	0	0	0	1	1
AT1TE63795	1018.77824571355	839.479551543081	0.299662820801833	0.690234297942947	1
AT1TE63800	10.4685783288365	0	2.2943477803134	1	1
AT1TE63805	43.9503471872307	0	3.13915052742732	0.501872231771452	1
AT1TE63810	46.9887332622587	24.5321697973415	0.85374121439769	0.692972503920451	1
AT1TE63860	0	0	0	1	1
AT1TE63865	0	0	0	1	1
AT1TE63870	0	0	0	1	1
AT1TE63875	0	0	0	1	1
AT1TE63880	0	0	0	1	1
AT1TE63885	0	0	0	1	1
AT1TE63910	0	0	0	1	1
AT1TE63920	0	0	0	1	1
AT1TE63925	0	0	0	1	1
AT1TE63935	0	0	0	1	1
AT1TE63940	0	0	0	1	1
AT1TE63945	0	0	0	1	1
AT1TE63950	0	0	0	1	1
AT1TE63955	0	0	0	1	1
AT1TE63970	0	0	0	1	1
AT1TE63975	0	0	0	1	1
AT1TE63980	0	0	0	1	1
AT1TE63990	0	0	0	1	1
AT1TE64010	0	0	0	1	1
AT1TE64015	0	0	0	1	1
AT1TE64020	0	0	0	1	1
AT1TE64025	0	0	0	1	1
AT1TE64050	2897.46065285867	2207.22933519923	0.395201797197068	0.215477362279414	1
AT1TE64055	0	0	0	1	1
AT1TE64060	0	0	0	1	1
AT1TE64065	0	0	0	1	1
AT1TE64070	0	0	0	1	1
AT1TE64080	0	0	0	1	1
AT1TE64100	0	0	0	1	1
AT1TE64105	0	0	0	1	1
AT1TE64110	0	0	0	1	1
AT1TE64140	0	0	0	1	1
AT1TE64145	0	0	0	1	1
AT1TE64170	0	0	0	1	1
AT1TE64175	0	0	0	1	1
AT1TE64180	0	0	0	1	1
AT1TE64185	0	0	0	1	1
AT1TE64190	0	0	0	1	1
AT1TE64195	0	0	0	1	1
AT1TE64200	0	0	0	1	1
AT1TE64205	0	0	0	1	1
AT1TE64210	0	0	0	1	1
AT1TE64215	0	0	0	1	1
AT1TE64220	0	0	0	1	1
AT1TE64225	0	0	0	1	1
AT1TE64230	0	0	0	1	1
AT1TE64235	0	0	0	1	1
AT1TE64240	0	0	0	1	1
AT1TE64245	0	0	0	1	1
AT1TE64250	0	0	0	1	1
AT1TE64255	0	0	0	1	1
AT1TE64265	0	0	0	1	1
AT1TE64270	0	0	0	1	1
AT1TE64275	0	0	0	1	1
AT1TE64280	7.92216738398441	0	2.29434778031988	0.999999999999991	1
AT1TE64310	0	0	0	1	1
AT1TE64320	0	0	0	1	1
AT1TE64325	138.562856410053	233.371079706026	-0.738765802893228	0.171164169884602	1
AT1TE64335	0	0	0	1	1
AT1TE64340	11.6141963346338	0	2.29434778032636	1	1
AT1TE64345	0	0	0	1	1
AT1TE64350	0	0	0	1	1
AT1TE64355	0	0	0	1	1
AT1TE64380	0	0	0	1	1
AT1TE64390	0	0	0	1	1
AT1TE64430	0	0	0	1	1
AT1TE64435	0	0	0	1	1
AT1TE64440	0	0	0	1	1
AT1TE64445	0	2.45045937962883	-2.34990269829092	1	1
AT1TE64450	0	0	0	1	1
AT1TE64455	0	0	0	1	1
AT1TE64465	0	0	0	1	1
AT1TE64470	0	0	0	1	1
AT1TE64480	0	0	0	1	1
AT1TE64490	12.3604900750118	25.8129658108573	-0.907248759515929	1	1
AT1TE64495	0	0	0	1	1
AT1TE64500	0	41.0287105166761	-3.20276790563149	0.502193330483492	1
AT1TE64505	1752.93005389855	1743.25501090575	0.00420679704145142	1	1
AT1TE64590	0	0	0	1	1
AT1TE64630	6.65462060254691	0	2.29434778033284	0.999999999999993	1
AT1TE64640	140.992382806843	78.2407967992427	0.787942936859594	1	1
AT1TE64645	0	0	0	1	1
AT1TE64660	144.83586017308	295.378280846484	-0.980598053728806	0.691361934652572	1
AT1TE64665	0	0	0	1	1
AT1TE64710	4074.27969929441	3843.62546652982	0.0776047377044103	0.83592838862401	1
AT1TE64750	57.6955709049951	139.408916261615	-1.23374835042284	0.103906895372109	1
AT1TE64755	0	24.9030424759028	-2.34990269817122	1	1
AT1TE64760	0	0	0	1	1
AT1TE64810	0	0	0	1	1
AT1TE64815	0	0	0	1	1
AT1TE64820	0	7.87904979477151	-2.35098262941137	1	1
AT1TE64825	0	6.37144924500476	-3.20045124553368	0.502151437425687	1
AT1TE64830	0	0	0	1	1
AT1TE64890	0	0	0	1	1
AT1TE64900	0	0	0	1	1
AT1TE64905	0	0	0	1	1
AT1TE64910	0	0	0	1	1
AT1TE64915	0	0	0	1	1
AT1TE64920	0	0	0	1	1
AT1TE64925	0	0	0	1	1
AT1TE64930	0	0	0	1	1
AT1TE64940	7.69863169611969	0	3.13896424029064	0.502158386949325	1
AT1TE64945	0	0	0	1	1
AT1TE64950	0	0	0	1	1
AT1TE64990	0	0	0	1	1
AT1TE64995	19.0350783695267	10.5631217028805	0.787942945346175	0.999999999999995	1
AT1TE65005	0	0	0	1	1
AT1TE65010	0	0	0	1	1
AT1TE65030	0	0	0	1	1
AT1TE65060	0	0	0	1	1
AT1TE65065	0	0	0	1	1
AT1TE65075	38.9590130212398	0	2.29434778033932	0.999999999999999	1
AT1TE65080	0	0	0	1	1
AT1TE65085	0	0	0	1	1
AT1TE65100	0	0	0	1	1
AT1TE65105	0	0	0	1	1
AT1TE65110	0	0	0	1	1
AT1TE65115	0	0	0	1	1
AT1TE65120	75.8285441166968	181.559997007911	-1.25685764491605	0.0817392253665945	1
AT1TE65150	0	0	0	1	1
AT1TE65155	0	0	0	1	1
AT1TE65160	0	0	0	1	1
AT1TE65165	0	0	0	1	1
AT1TE65170	0	0	0	1	1
AT1TE65175	0	0	0	1	1
AT1TE65185	0	0	0	1	1
AT1TE65190	0	0	0	1	1
AT1TE65195	0	0	0	1	1
AT1TE65200	0	0	0	1	1
AT1TE65205	0	0.73425453128927	-2.35098262922	1	1
AT1TE65210	0	0	0	1	1
AT1TE65215	0	0	0	1	1
AT1TE65220	0	0	0	1	1
AT1TE65225	0	0	0	1	1
AT1TE65230	0	0	0	1	1
AT1TE65235	0	0	0	1	1
AT1TE65240	0	0	0	1	1
AT1TE65250	0	0	0	1	1
AT1TE65255	0	0	0	1	1
AT1TE65260	0	0	0	1	1
AT1TE65265	0	0	0	1	1
AT1TE65275	0	0	0	1	1
AT1TE65280	0	0	0	1	1
AT1TE65290	0	0	0	1	1
AT1TE65295	0	0	0	1	1
AT1TE65320	1443.22649832193	3092.14192082239	-1.0553199412404	0.121883854786214	1
AT1TE65325	0	0	0	1	1
AT1TE65330	0	0	0	1	1
AT1TE65335	0	0	0	1	1
AT1TE65345	0	0	0	1	1
AT1TE65350	0	0	0	1	1
AT1TE65355	0	0	0	1	1
AT1TE65360	0	0	0	1	1
AT1TE65365	0	0	0	1	1
AT1TE65370	0	0	0	1	1
AT1TE65375	0	0	0	1	1
AT1TE65380	0	0	0	1	1
AT1TE65385	3819.84447611677	3645.69183803926	0.0654181711006666	0.688737051754308	1
AT1TE65395	0	0	0	1	1
AT1TE65400	0	8.64054788303537	-2.34990269805153	1	1
AT1TE65500	0	0	0	1	1
AT1TE65505	578.110374605891	569.672112896751	0.0555439207574715	1	1
AT1TE65530	0	0	0	1	1
AT1TE65535	2.81331081231988	0	2.2943477803458	0.999999999999996	1
AT1TE65640	182.491485756825	124.378968893817	0.564141274037007	0.496820398190292	1
AT1TE65680	0	0	0	1	1
AT1TE65685	0	0	0	1	1
AT1TE65690	0	0	0	1	1
AT1TE65700	0	0	0	1	1
AT1TE65705	0	0	0	1	1
AT1TE65710	0	0	0	1	1
AT1TE65715	0	0	0	1	1
AT1TE65740	0	0	0	1	1
AT1TE65780	0	0	0	1	1
AT1TE65785	0	0	0	1	1
AT1TE65790	0	0	0	1	1
AT1TE65810	0	0	0	1	1
AT1TE65815	0	0	0	1	1
AT1TE65820	0	0	0	1	1
AT1TE65840	0	0	0	1	1
AT1TE65845	407.273217268338	408.409896604805	-0.0613787599594886	1	1
AT1TE65855	60.2623749348959	86.0639620745303	-0.514868360589042	0.656684557333421	1
AT1TE65860	0	0	0	1	1
AT1TE65880	0	0	0	1	1
AT1TE65885	0	0	0	1	1
AT1TE65890	0	0	0	1	1
AT1TE65895	0	0	0	1	1
AT1TE65900	0	0	0	1	1
AT1TE65920	0	0	0	1	1
AT1TE65925	0	0	0	1	1
AT1TE65930	0	0	0	1	1
AT1TE65935	0	0	0	1	1
AT1TE65980	119.179367192246	106.007916576303	0.183264892067435	1	1
AT1TE66060	0	0	0	1	1
AT1TE66080	0	49.8422853684065	-2.35098262902863	0.999999999999992	1
AT1TE66085	0	0	0	1	1
AT1TE66090	0	0	0	1	1
AT1TE66095	0	0	0	1	1
AT1TE66120	43.9680289811135	43.7582032076577	-0.0555552250260372	1	1
AT1TE66125	25.8312822791758	28.4511988360883	-0.0635286160625536	1	1
AT1TE66150	0	0	0	1	1
AT1TE66155	0	0	0	1	1
AT1TE66160	0	0	0	1	1
AT1TE66165	0	0	0	1	1
AT1TE66240	0	0	0	1	1
AT1TE66245	0	0	0	1	1
AT1TE66250	0	0	0	1	1
AT1TE66380	0	0	0	1	1
AT1TE66385	0	0	0	1	1
AT1TE66390	0	0	0	1	1
AT1TE66400	306.228676256767	158.175045190659	0.877886887875777	0.514696011687762	1
AT1TE66405	0	0	0	1	1
AT1TE66410	0	0	0	1	1
AT1TE66480	0	0	0	1	1
AT1TE66485	0	0	0	1	1
AT1TE66510	0	0	0	1	1
AT1TE66515	0	0	0	1	1
AT1TE66570	0	0	0	1	1
AT1TE66575	0	0	0	1	1
AT1TE66580	0	0	0	1	1
AT1TE66585	0	0	0	1	1
AT1TE66600	0	0	0	1	1
AT1TE66605	0	0	0	1	1
AT1TE66610	0	0	0	1	1
AT1TE66615	0	0	0	1	1
AT1TE66620	0	0	0	1	1
AT1TE66625	0	0	0	1	1
AT1TE66630	488.727860722006	245.045937962883	0.789215304254044	1	1
AT1TE66640	0	0	0	1	1
AT1TE66645	0	0	0	1	1
AT1TE66650	0	0	0	1	1
AT1TE66655	0	0	0	1	1
AT1TE66660	0	0	0	1	1
AT1TE66665	0	0	0	1	1
AT1TE66670	0	0	0	1	1
AT1TE66675	0	0	0	1	1
AT1TE66680	0	0	0	1	1
AT1TE66685	0	0	0	1	1
AT1TE66690	0	0	0	1	1
AT1TE66710	6395.47971014261	7509.22529600284	-0.226803397142761	0.397007643046756	1
AT1TE66715	0	0	0	1	1
AT1TE66725	26.9452109364189	0	3.13896424220401	0.502158364293138	1
AT1TE66730	0	0	0	1	1
AT1TE66735	901.391342965704	1262.0970894515	-0.478927415057072	0.172127594288217	1
AT1TE66760	0	22.8091814397792	-2.35098262883725	0.999999999999997	1
AT1TE66765	0	0	0	1	1
AT1TE66770	0	9.26819356024087	-2.35098262864588	1	1
AT1TE66775	0	0	0	1	1
AT1TE66780	0	0	0	1	1
AT1TE66850	0	0	0	1	1
AT1TE66860	0	0	0	1	1
AT1TE66870	0	0	0	1	1
AT1TE66890	997.562513917049	1004.28520781848	0.0130944152735544	1	1
AT1TE66980	0	0	0	1	1
AT1TE66985	0	0	0	1	1
AT1TE66995	0	0	0	1	1
AT1TE67000	0	0	0	1	1
AT1TE67005	0	0	0	1	1
AT1TE67010	0	0	0	1	1
AT1TE67015	395.133775815184	276.448537071117	0.489732323895867	0.758009184489787	1
AT1TE67070	0	0	0	1	1
AT1TE67100	0	0	0	1	1
AT1TE67110	0	0	0	1	1
AT1TE67115	22.5477071698018	0	2.29434778035228	0.999999999999994	1
AT1TE67120	0	0	0	1	1
AT1TE67125	0	0	0	1	1
AT1TE67130	0	0	0	1	1
AT1TE67135	0	0	0	1	1
AT1TE67140	0	0	0	1	1
AT1TE67145	0	0	0	1	1
AT1TE67150	0	0	0	1	1
AT1TE67155	0	0	0	1	1
AT1TE67160	0	0	0	1	1
AT1TE67165	0	0	0	1	1
AT1TE67170	9.42872855473445	0	2.2941729447334	0.999999999999994	1
AT1TE67180	0	0	0	1	1
AT1TE67185	0	0	0	1	1
AT1TE67190	0	0	0	1	1
AT1TE67195	0	0	0	1	1
AT1TE67200	0	0	0	1	1
AT1TE67210	464.31799290339	584.641868716284	-0.325566130998974	0.564984209474428	1
AT1TE67280	0	0	0	1	1
AT1TE67290	16.7015770267059	16.876442008463	-0.0557300365158639	1	1
AT1TE67295	0	0	0	1	1
AT1TE67340	0	15.7890423945157	-2.34990269793184	1	1
AT1TE67345	0	0	0	1	1
AT1TE67360	8302.82617414942	7792.42876350359	0.0930666627677669	0.41010131680188	1
AT1TE67365	0	0	0	1	1
AT1TE67370	0	0	0	1	1
AT1TE67375	0	0	0	1	1
AT1TE67380	17007.9770176087	16324.5020110475	0.0609213144394859	0.614791140680624	1
AT1TE67385	0	0	0	1	1
AT1TE67400	0	0	0	1	1
AT1TE67405	0	0	0	1	1
AT1TE67410	0	0	0	1	1
AT1TE67415	0	17.6606522958921	-2.35098262845451	1	1
AT1TE67440	261.143444857523	281.808482408978	-0.0956044486256739	1	1
AT1TE67445	0	0	0	1	1
AT1TE67450	0	0	0	1	1
AT1TE67460	148.961663157856	199.073737577841	-0.413919328633285	0.347601343478694	1
AT1TE67465	0	0	0	1	1
AT1TE67470	57.6683563998246	59.8769887157067	-0.0644659760711671	1	1
AT1TE67475	23.7751861203696	24.0241115649885	-0.0557300363586013	1	1
AT1TE67480	0	0	0	1	1
AT1TE67485	15.0812747778464	0	2.29417294472158	1	1
AT1TE67495	20.6761278111653	3.24275109625777	2.47377471220606	0.0750092982383651	1
AT1TE67500	0	0	0	1	1
AT1TE67505	0	0	0	1	1
AT1TE67530	0	0	0	1	1
AT1TE67570	0	0	0	1	1
AT1TE67575	0	0	0	1	1
AT1TE67585	0	0	0	1	1
AT1TE67590	0	0	0	1	1
AT1TE67595	0	0	0	1	1
AT1TE67600	0	0	0	1	1
AT1TE67605	0	0	0	1	1
AT1TE67610	0	0	0	1	1
AT1TE67615	0	0	0	1	1
AT1TE67620	0	0	0	1	1
AT1TE67625	0	0	0	1	1
AT1TE67635	0	0	0	1	1
AT1TE67640	0	0	0	1	1
AT1TE67645	0	0	0	1	1
AT1TE67650	0	0	0	1	1
AT1TE67660	0	0	0	1	1
AT1TE67665	0	26.869072145053	-2.34990269781215	0.999999999999996	1
AT1TE67670	3.87627459531227	3.85777610143078	-0.0555552248418248	1	1
AT1TE67675	0	0	0	1	1
AT1TE67680	905.05159392964	1428.31744153411	-0.623230672540018	0.757655774881157	1
AT1TE67685	0	0	0	1	1
AT1TE67690	0	0	0	1	1
AT1TE67695	0	0	0	1	1
AT1TE67700	0	0	0	1	1
AT1TE67705	0	0	0	1	1
AT1TE67710	0	0	0	1	1
AT1TE67715	0	0	0	1	1
AT1TE67720	13.2376861448514	0	2.29434778035876	0.999999999999998	1
AT1TE67750	0	0	0	1	1
AT1TE67755	0	0	0	1	1
AT1TE67760	0	0	0	1	1
AT1TE67765	0	0	0	1	1
AT1TE67775	5594.74642506052	4836.35356487235	0.204178283305434	0.564902205175579	1
AT1TE67780	132.806483891849	0	3.13915052743851	0.501872248995147	1
AT1TE67785	0	0	0	1	1
AT1TE67790	0	185.640862093093	-2.34990269769245	1	1
AT1TE67800	0	0	0	1	1
AT1TE67805	0	0	0	1	1
AT1TE67810	0	0	0	1	1
AT1TE67820	0	37.8017332850274	-3.20276788916523	0.502193300539649	1
AT1TE67830	0	17.8480332221084	-2.35098262826313	0.999999999999994	1
AT1TE67860	0	0	0	1	1
AT1TE67865	0	0	0	1	1
AT1TE67880	0	0	0	1	1
AT1TE67885	0	0	0	1	1
AT1TE67890	0	0	0	1	1
AT1TE67900	3118.55764437716	3764.96588728095	-0.274405897864551	0.297674520426293	1
AT1TE67905	1696.97173861808	2890.11044282726	-0.735631478683897	0.348182884315303	1
AT1TE67915	0	0	0	1	1
AT1TE67920	15.1613893038322	22.6335533832712	-0.591832318720219	1	1
AT1TE68040	0	0	0	1	1
AT1TE68045	0	0	0	1	1
AT1TE68070	0	0	0	1	1
AT1TE68100	9.67849694552813	19.2646177643776	-0.906101815713138	1	1
AT1TE68105	0	0	0	1	1
AT1TE68115	0	0	0	1	1
AT1TE68120	0	0	0	1	1
AT1TE68210	0	0	0	1	1
AT1TE68215	0	0	0	1	1
AT1TE68260	0	0	0	1	1
AT1TE68265	0	0	0	1	1
AT1TE68270	0	0	0	1	1
AT1TE68310	0	2.66589085766041	-2.35098262807176	1	1
AT1TE68315	0	0	0	1	1
AT1TE68320	0	0	0	1	1
AT1TE68325	0	0	0	1	1
AT1TE68330	67.3630273410473	71.4158720767053	-0.0626153684159411	1	1
AT1TE68335	128.537466779228	84.8156536731287	0.624316430095712	0.731311281325201	1
AT1TE68345	0	0	0	1	1
AT1TE68350	0	0	0	1	1
AT1TE68355	0	0	0	1	1
AT1TE68360	626.320659973255	379.722539933508	0.718757680063469	0.320888302716697	1
AT1TE68365	0	0	0	1	1
AT1TE68390	2647.9915403573	3124.47220650539	-0.24002729581313	0.206002048342412	1
AT1TE68395	0	0	0	1	1
AT1TE68510	0	0	0	1	1
AT1TE68515	0	0	0	1	1
AT1TE68520	0	0	0	1	1
AT1TE68600	0	0	0	1	1
AT1TE68605	0	0	0	1	1
AT1TE68660	20.7625769201858	0	2.29417294470977	0.999999999999992	1
AT1TE68670	0	0	0	1	1
AT1TE68675	0	0	0	1	1
AT1TE68740	0	0	0	1	1
AT1TE68745	0	0	0	1	1
AT1TE68750	0	0	0	1	1
AT1TE68755	0	0	0	1	1
AT1TE68760	0	0	0	1	1
AT1TE68765	0	0	0	1	1
AT1TE68770	0	0	0	1	1
AT1TE68775	0	0	0	1	1
AT1TE68780	0	0	0	1	1
AT1TE68785	0	0	0	1	1
AT1TE68790	0	0	0	1	1
AT1TE68810	63.9191223033021	44.9470523559684	0.466804343824763	1	1
AT1TE68940	2464.99261464549	2288.33683966002	0.107962579703262	0.928337146816229	1
AT1TE69000	0	0	0	1	1
AT1TE69070	0	0	0	1	1
AT1TE69075	0	0	0	1	1
AT1TE69220	0	0	0	1	1
AT1TE69260	0	0	0	1	1
AT1TE69265	0	0	0	1	1
AT1TE69270	0	8.70767696689276	-3.7338331265884	0.252838772395435	1
AT1TE69275	246.220962294236	514.194278952278	-0.907248759169677	0.999999999999996	1
AT1TE69285	4.36871828059325	0	2.29434778036524	1	1
AT1TE69295	17435.105873846	17437.8858455432	-0.00111598002426385	1	1
AT1TE69400	0	0	0	1	1
AT1TE69405	0	0	0	1	1
AT1TE69440	0	0	0	1	1
AT1TE69450	0	0	0	1	1
AT1TE69455	0	0	0	1	1
AT1TE69460	0	0	0	1	1
AT1TE69465	0	0	0	1	1
AT1TE69470	0	0	0	1	1
AT1TE69475	0	0	0	1	1
AT1TE69480	0	0	0	1	1
AT1TE69485	0	0	0	1	1
AT1TE69490	0	0	0	1	1
AT1TE69495	0	0	0	1	1
AT1TE69520	0	10.8427406178267	-2.34990269757276	1	1
AT1TE69525	0	0	0	1	1
AT1TE69535	0	0	0	1	1
AT1TE69560	0	0	0	1	1
AT1TE69565	0	0	0	1	1
AT1TE69570	0	0	0	1	1
AT1TE69575	0	0	0	1	1
AT1TE69580	0	0	0	1	1
AT1TE69585	0	0	0	1	1
AT1TE69610	0	0	0	1	1
AT1TE69615	0	0	0	1	1
AT1TE69620	0	0	0	1	1
AT1TE69650	10.5254730220386	0	2.29417294469795	0.999999999999997	1
AT1TE69680	654.546242038401	579.257544149085	0.183914624666952	1	1
AT1TE69685	0	0	0	1	1
AT1TE69695	0	0	0	1	1
AT1TE69700	0	0	0	1	1
AT1TE69705	0	0	0	1	1
AT1TE69710	0	0	0	1	1
AT1TE69715	0	0	0	1	1
AT1TE69720	0	0	0	1	1
AT1TE69725	0	0	0	1	1
AT1TE69730	0	0	0	1	1
AT1TE69735	0	0	0	1	1
AT1TE69740	0	0	0	1	1
AT1TE69745	0	0	0	1	1
AT1TE69780	0	0	0	1	1
AT1TE69785	0	0	0	1	1
AT1TE69790	0	0	0	1	1
AT1TE69795	0	0	0	1	1
AT1TE69800	0	0	0	1	1
AT1TE69805	0	0	0	1	1
AT1TE69810	0	0	0	1	1
AT1TE69815	0	0	0	1	1
AT1TE69820	0	0	0	1	1
AT1TE69825	0	0	0	1	1
AT1TE69830	0	0	0	1	1
AT1TE69835	0	0	0	1	1
AT1TE69840	0	0	0	1	1
AT1TE69845	0	0	0	1	1
AT1TE69850	89.71236684298	37.6975277824251	1.15780653145567	0.458630853143678	1
AT1TE69855	0	0	0	1	1
AT1TE69860	0	0	0	1	1
AT1TE69865	0	0	0	1	1
AT1TE69870	0	0	0	1	1
AT1TE69875	0	0	0	1	1
AT1TE69900	0	0	0	1	1
AT1TE69920	0	0	0	1	1
AT1TE69925	0	0	0	1	1
AT1TE69930	0	0	0	1	1
AT1TE69935	0	0	0	1	1
AT1TE69940	0	0	0	1	1
AT1TE69970	0	0	0	1	1
AT1TE69975	0	0	0	1	1
AT1TE69980	0	0	0	1	1
AT1TE69990	0	0	0	1	1
AT1TE69995	0	0	0	1	1
AT1TE70010	0	0	0	1	1
AT1TE70050	0	0	0	1	1
AT1TE70070	0	0	0	1	1
AT1TE70100	0	0	0	1	1
AT1TE70105	18.320012075464	0	2.29434778037172	1	1
AT1TE70115	0	0	0	1	1
AT1TE70120	0	0	0	1	1
AT1TE70140	61.8640047009618	0	2.29417294468613	1	1
AT1TE70150	0	0	0	1	1
AT1TE70160	0	0	0	1	1
AT1TE70170	0	0	0	1	1
AT1TE70175	3558.17788890349	2206.02774435624	0.688768404491267	0.0618727395851418	1
AT1TE70185	0	0	0	1	1
AT1TE70190	10.0318864308261	2.63365231997684	1.80934760802321	0.115371334241881	1
AT1TE70195	0	0	0	1	1
AT1TE70200	0	0	0	1	1
AT1TE70205	0	0	0	1	1
AT1TE70210	0	0	0	1	1
AT1TE70230	0	0	0	1	1
AT1TE70390	57.1950232140967	89.5330444475426	-0.593831812507982	1	1
AT1TE70420	0	0	0	1	1
AT1TE70430	15.8294320122565	0	2.29417294467431	1	1
AT1TE70460	0	0	0	1	1
AT1TE70465	0	0	0	1	1
AT1TE70470	0	0	0	1	1
AT1TE70480	0	0	0	1	1
AT1TE70490	0	0	0	1	1
AT1TE70520	0	0	0	1	1
AT1TE70530	3281.50878453456	2301.08553813817	0.517966437400211	0.174425540304883	1
AT1TE70535	0	0	0	1	1
AT1TE70545	0	0	0	1	1
AT1TE70550	1167.48595046573	1056.68331456959	0.141439011393856	0.635973559207404	1
AT1TE70555	0	0	0	1	1
AT1TE70590	0	0	0	1	1
AT1TE70595	0	0	0	1	1
AT1TE70600	0	0	0	1	1
AT1TE70605	0	0	0	1	1
AT1TE70610	0	0	0	1	1
AT1TE70615	0	0	0	1	1
AT1TE70620	0	0	0	1	1
AT1TE70625	0	0	0	1	1
AT1TE70630	0	0	0	1	1
AT1TE70640	0	0	0	1	1
AT1TE70645	0	0	0	1	1
AT1TE70650	0	0	0	1	1
AT1TE70655	0	0	0	1	1
AT1TE70660	0	0	0	1	1
AT1TE70665	0	0	0	1	1
AT1TE70670	0	25.7804924319344	-2.35098262788039	1	1
AT1TE70675	0	9.99808101743666	-2.35098262768902	0.999999999999999	1
AT1TE70690	0	0	0	1	1
AT1TE70700	0	0	0	1	1
AT1TE70720	0	0	0	1	1
AT1TE70725	0	0	0	1	1
AT1TE70730	0	0	0	1	1
AT1TE70735	0	0	0	1	1
AT1TE70740	0	0	0	1	1
AT1TE70745	0	0	0	1	1
AT1TE70770	0	0	0	1	1
AT1TE70780	0	0	0	1	1
AT1TE70785	0	0	0	1	1
AT1TE70795	0	0	0	1	1
AT1TE70800	0	0	0	1	1
AT1TE70805	0	0	0	1	1
AT1TE70810	78.9169750943063	0	2.2943477803782	0.999999999999997	1
AT1TE70815	23344.4057964112	34768.5744303227	-0.574289202338927	0.000781488820992061	1
AT1TE70850	0	0	0	1	1
AT1TE70855	0	0	0	1	1
AT1TE70860	0	0	0	1	1
AT1TE70865	0	0	0	1	1
AT1TE70875	0	0	0	1	1
AT1TE70880	0	0	0	1	1
AT1TE70885	0	0	0	1	1
AT1TE70960	0	0	0	1	1
AT1TE70965	0	0	0	1	1
AT1TE70970	0	0	0	1	1
AT1TE70975	0	0	0	1	1
AT1TE70985	0	0	0	1	1
AT1TE70990	0	0	0	1	1
AT1TE70995	0	0	0	1	1
AT1TE71005	0	0	0	1	1
AT1TE71030	0	0	0	1	1
AT1TE71035	0	0	0	1	1
AT1TE71040	0	0	0	1	1
AT1TE71045	5.01308513991735	4.15694513472089	0.319253386184832	1	1
AT1TE71050	0	0	0	1	1
AT1TE71055	0	0	0	1	1
AT1TE71060	0	0	0	1	1
AT1TE71080	74.2371061255336	33.9285863134474	1.05551877021694	0.276796994226176	1
AT1TE71085	0	0	0	1	1
AT1TE71160	0	0	0	1	1
AT1TE71210	0	0	0	1	1
AT1TE71215	0	0	0	1	1
AT1TE71270	0	0	0	1	1
AT1TE71275	0	0	0	1	1
AT1TE71280	0	0	0	1	1
AT1TE71285	0	0	0	1	1
AT1TE71290	0	0	0	1	1
AT1TE71300	0	0	0	1	1
AT1TE71305	0	0	0	1	1
AT1TE71310	0	0	0	1	1
AT1TE71315	0	0	0	1	1
AT1TE71325	0	0	0	1	1
AT1TE71330	0	0	0	1	1
AT1TE71335	0	0	0	1	1
AT1TE71350	0	0	0	1	1
AT1TE71355	56.6604902868622	114.507447646207	-0.906288613782378	1	1
AT1TE71360	0	0	0	1	1
AT1TE71365	0	0	0	1	1
AT1TE71370	0	0	0	1	1
AT1TE71400	0	0	0	1	1
AT1TE71405	0	0	0	1	1
AT1TE71410	0	0	0	1	1
AT1TE71415	0	26.9148340989395	-2.35098262749765	0.999999999999999	1
AT1TE71440	0	0	0	1	1
AT1TE71445	0	0	0	1	1
AT1TE71450	0	0	0	1	1
AT1TE71455	0	0	0	1	1
AT1TE71465	0	0	0	1	1
AT1TE71470	0	0	0	1	1
AT1TE71475	0	0	0	1	1
AT1TE71480	0	0	0	1	1
AT1TE71485	0	0	0	1	1
AT1TE71490	0	0	0	1	1
AT1TE71500	0	0	0	1	1
AT1TE71505	0	0	0	1	1
AT1TE71515	0	0	0	1	1
AT1TE71520	0	0	0	1	1
AT1TE71525	84.2436358467484	28.2310988436501	1.31845338832872	0.627799572551292	1
AT1TE71535	0	0	0	1	1
AT1TE71540	0	0	0	1	1
AT1TE71545	0	0	0	1	1
AT1TE71550	0	0	0	1	1
AT1TE71610	0	0	0	1	1
AT1TE71620	0	0	0	1	1
AT1TE71625	0	0	0	1	1
AT1TE71635	0	0	0	1	1
AT1TE71640	0	0	0	1	1
AT1TE71645	0	0	0	1	1
AT1TE71670	0	0	0	1	1
AT1TE71680	0	0	0	1	1
AT1TE71685	0	0	0	1	1
AT1TE71690	0	0	0	1	1
AT1TE71695	0	0	0	1	1
AT1TE71705	0	0	0	1	1
AT1TE71720	60.936229929148	126.540036152527	-1.00880586363862	0.514531915183423	1
AT1TE71725	0	0	0	1	1
AT1TE71730	0	0	0	1	1
AT1TE71735	0	0	0	1	1
AT1TE71740	0	0	0	1	1
AT1TE71745	0	0	0	1	1
AT1TE71750	0	0	0	1	1
AT1TE71755	0	0	0	1	1
AT1TE71760	0	0	0	1	1
AT1TE71765	0	0	0	1	1
AT1TE71770	0	0	0	1	1
AT1TE71775	0	0	0	1	1
AT1TE71780	0	0	0	1	1
AT1TE71785	0	0	0	1	1
AT1TE71790	0	0	0	1	1
AT1TE71795	0	0	0	1	1
AT1TE71800	0	0	0	1	1
AT1TE71805	0	0	0	1	1
AT1TE71810	0	0	0	1	1
AT1TE71815	0	0	0	1	1
AT1TE71820	0	0	0	1	1
AT1TE71825	0	0	0	1	1
AT1TE71830	0	0	0	1	1
AT1TE71840	209.057671058423	536.080702886238	-1.29288622875862	0.165787617648394	1
AT1TE71880	0	0	0	1	1
AT1TE71885	0	0	0	1	1
AT1TE71890	0	0	0	1	1
AT1TE71895	0	0	0	1	1
AT1TE71905	0	0	0	1	1
AT1TE71910	0	0	0	1	1
AT1TE71915	0	0	0	1	1
AT1TE71920	0	0	0	1	1
AT1TE71925	0	0	0	1	1
AT1TE71930	0	0	0	1	1
AT1TE71935	0	0	0	1	1
AT1TE71940	0	0	0	1	1
AT1TE71950	0	0	0	1	1
AT1TE71955	0	0	0	1	1
AT1TE71990	0	0	0	1	1
AT1TE71995	0	0	0	1	1
AT1TE72000	0	0	0	1	1
AT1TE72010	0	0	0	1	1
AT1TE72015	0	0	0	1	1
AT1TE72020	0	0	0	1	1
AT1TE72025	0	0	0	1	1
AT1TE72030	0	0	0	1	1
AT1TE72035	0	0	0	1	1
AT1TE72040	0	0	0	1	1
AT1TE72045	0	0	0	1	1
AT1TE72050	0	0	0	1	1
AT1TE72060	0	0	0	1	1
AT1TE72065	0	0	0	1	1
AT1TE72110	0	0	0	1	1
AT1TE72115	0	0	0	1	1
AT1TE72120	0	0	0	1	1
AT1TE72125	0	0	0	1	1
AT1TE72135	1323.89502467592	1627.7915598469	-0.294911778160717	0.263937870895741	1
AT1TE72160	0	0	0	1	1
AT1TE72165	0	0	0	1	1
AT1TE72170	0	0	0	1	1
AT1TE72175	0	0	0	1	1
AT1TE72185	0	38.0153023996321	-2.35098262730628	1	1
AT1TE72230	4827.57066692954	2710.01493246421	0.820766029119931	0.00361342677935158	1
AT1TE72300	0	0	0	1	1
AT1TE72305	0	0	0	1	1
AT1TE72310	0	0	0	1	1
AT1TE72320	0	0	0	1	1
AT1TE72325	0	0	0	1	1
AT1TE72330	0	0	0	1	1
AT1TE72360	0	0	0	1	1
AT1TE72365	11.5041223163079	12.7679478647721	-0.0568092753014304	1	1
AT1TE72370	0	0	0	1	1
AT1TE72375	0	0	0	1	1
AT1TE72400	0	0	0	1	1
AT1TE72405	0	0	0	1	1
AT1TE72410	0	0	0	1	1
AT1TE72415	0	0	0	1	1
AT1TE72420	0	0	0	1	1
AT1TE72425	0	0	0	1	1
AT1TE72430	0	0	0	1	1
AT1TE72435	0	0	0	1	1
AT1TE72440	0	0	0	1	1
AT1TE72445	0	0	0	1	1
AT1TE72450	0	0	0	1	1
AT1TE72455	0	0	0	1	1
AT1TE72460	0	0	0	1	1
AT1TE72465	0	0	0	1	1
AT1TE72470	0	0	0	1	1
AT1TE72490	0	0	0	1	1
AT1TE72495	0	0	0	1	1
AT1TE72500	0	0	0	1	1
AT1TE72505	0	0	0	1	1
AT1TE72510	0	0	0	1	1
AT1TE72550	0	0	0	1	1
AT1TE72560	0	0	0	1	1
AT1TE72600	0	0	0	1	1
AT1TE72605	0	0	0	1	1
AT1TE72610	0	0	0	1	1
AT1TE72615	0	0	0	1	1
AT1TE72620	0	0	0	1	1
AT1TE72625	0	0	0	1	1
AT1TE72630	0	0	0	1	1
AT1TE72650	0	59.5460931392467	-2.35098262711491	1	1
AT1TE72655	0	0	0	1	1
AT1TE72660	0	0	0	1	1
AT1TE72665	0	0	0	1	1
AT1TE72720	0	0	0	1	1
AT1TE72725	0	0	0	1	1
AT1TE72730	0	0	0	1	1
AT1TE72735	0	0	0	1	1
AT1TE72780	0	0	0	1	1
AT1TE72785	0	0	0	1	1
AT1TE72790	0	0	0	1	1
AT1TE72840	0	0	0	1	1
AT1TE72845	0	0	0	1	1
AT1TE72850	0	0	0	1	1
AT1TE72855	0	0	0	1	1
AT1TE72860	0	0	0	1	1
AT1TE72865	0	0	0	1	1
AT1TE72875	0	0	0	1	1
AT1TE72880	0	110.354682691157	-3.73283742475263	0.252788926588792	1
AT1TE72920	210.876587116236	168.826591361115	0.310994581689239	0.367382904736586	1
AT1TE72925	0	0	0	1	1
AT1TE72930	0	0	0	1	1
AT1TE72970	1748.5342440059	1793.41631431633	-0.0351082056174443	0.687887238389463	1
AT1TE72975	0	0	0	1	1
AT1TE72980	0	0	0	1	1
AT1TE72985	0	0	0	1	1
AT1TE72990	0	0	0	1	1
AT1TE72995	0	0	0	1	1
AT1TE73000	0	0	0	1	1
AT1TE73005	0	0	0	1	1
AT1TE73010	15.2712152662324	8.47444398581218	0.787942953832529	1	1
AT1TE73015	0	0	0	1	1
AT1TE73020	0	0	0	1	1
AT1TE73025	0	0	0	1	1
AT1TE73060	0	0	0	1	1
AT1TE73065	0	0	0	1	1
AT1TE73075	0	0	0	1	1
AT1TE73080	0	0	0	1	1
AT1TE73085	0	0	0	1	1
AT1TE73140	0	0	0	1	1
AT1TE73160	0	0	0	1	1
AT1TE73165	0	0	0	1	1
AT1TE73170	0	0	0	1	1
AT1TE73175	0	0	0	1	1
AT1TE73180	0	0	0	1	1
AT1TE73185	0	0	0	1	1
AT1TE73190	0	0	0	1	1
AT1TE73195	0	0	0	1	1
AT1TE73200	0	0	0	1	1
AT1TE73205	0	0	0	1	1
AT1TE73215	0	0	0	1	1
AT1TE73220	0	0	0	1	1
AT1TE73250	0	0	0	1	1
AT1TE73255	0	0	0	1	1
AT1TE73260	0	0	0	1	1
AT1TE73290	0	0	0	1	1
AT1TE73295	0	0	0	1	1
AT1TE73300	22.9948037468483	41.5609843371215	-0.759667689758555	0.731344887527829	1
AT1TE73305	0	0	0	1	1
AT1TE73330	5523.39084611767	5842.28901240836	-0.0788752516124706	0.519246015434462	1
AT1TE73340	87.7149827320803	30.606802318588	1.40942110971572	0.299301312168539	1
AT1TE73345	22.4010358481739	11.6590942400977	0.877486331945631	0.517543939792612	1
AT1TE73350	0	0	0	1	1
AT1TE73400	0	0	0	1	1
AT1TE73405	0	0	0	1	1
AT1TE73415	0	0	0	1	1
AT1TE73420	0	0	0	1	1
AT1TE73425	0	0	0	1	1
AT1TE73435	0	0	0	1	1
AT1TE73480	0	0	0	1	1
AT1TE73485	0	0	0	1	1
AT1TE73490	0	0	0	1	1
AT1TE73500	0	0	0	1	1
AT1TE73540	0	0	0	1	1
AT1TE73545	0	0	0	1	1
AT1TE73560	0	0	0	1	1
AT1TE73565	0	0	0	1	1
AT1TE73570	0	0	0	1	1
AT1TE73590	0	0	0	1	1
AT1TE73680	0	0	0	1	1
AT1TE73685	0	0	0	1	1
AT1TE73690	0	0	0	1	1
AT1TE73830	0	0	0	1	1
AT1TE73835	0	0	0	1	1
AT1TE73860	0	0	0	1	1
AT1TE73865	0	0	0	1	1
AT1TE73870	0	0	0	1	1
AT1TE73940	1300.49428565467	1051.44366173774	0.296355057553802	0.434574306625489	1
AT1TE73990	0	0	0	1	1
AT1TE73995	0	0	0	1	1
AT1TE74005	4978.46002224877	4613.29255589825	0.105302462404863	0.780330352728239	1
AT1TE74015	0	0	0	1	1
AT1TE74080	0	0	0	1	1
AT1TE74085	0	0	0	1	1
AT1TE74090	5.73674189874734	0	2.29434778038469	0.999999999999994	1
AT1TE74095	0	0	0	1	1
AT1TE74100	0	0	0	1	1
AT1TE74105	0	0	0	1	1
AT1TE74180	0	0	0	1	1
AT1TE74200	28.980631822407	83.954429214852	-1.42743728802747	0.296961718557443	1
AT1TE74220	0	0	0	1	1
AT1TE74230	0	0	0	1	1
AT1TE74235	0	0	0	1	1
AT1TE74260	0	0	0	1	1
AT1TE74265	0	0	0	1	1
AT1TE74280	0	0	0	1	1
AT1TE74285	0	0	0	1	1
AT1TE74290	0	0	0	1	1
AT1TE74295	0	0	0	1	1
AT1TE74300	0	0	0	1	1
AT1TE74360	0	0	0	1	1
AT1TE74370	0	0	0	1	1
AT1TE74375	0	0	0	1	1
AT1TE74385	104.080213917498	86.6357320781314	0.294769920544958	1	1
AT1TE74420	0	0	0	1	1
AT1TE74425	0	0	0	1	1
AT1TE74430	0	0	0	1	1
AT1TE74435	0	0	0	1	1
AT1TE74480	0	0	0	1	1
AT1TE74485	0	0	0	1	1
AT1TE74530	27.1028450389094	58.0683928792938	-1.04168970659194	0.256988703500847	1
AT1TE74540	0	0	0	1	1
AT1TE74570	0	0	0	1	1
AT1TE74575	0	12.6648837180364	-3.20159066003014	0.501869450398541	1
AT1TE74600	0	0	0	1	1
AT1TE74610	0	0	0	1	1
AT1TE74615	0	0.944518724802972	-2.34990269745307	1	1
AT1TE74620	0	0	0	1	1
AT1TE74630	0	0	0	1	1
AT1TE74635	0	0	0	1	1
AT1TE74640	0	0	0	1	1
AT1TE74670	0	12.4836892852224	-2.35098262692353	1	1
AT1TE74860	18.1304346684776	19.335435038428	-0.0718056692750799	0.999999999999998	1
AT1TE74900	0	0	0	1	1
AT1TE74960	0	0	0	1	1
AT1TE74970	10.9831022838664	11.0980950164349	-0.0557300362013387	1	1
AT1TE74975	0	0	0	1	1
AT1TE74980	0	0	0	1	1
AT1TE74985	0	0	0	1	1
AT1TE75000	0	0	0	1	1
AT1TE75005	0	0	0	1	1
AT1TE75010	0	0	0	1	1
AT1TE75040	0	0	0	1	1
AT1TE75045	0	0	0	1	1
AT1TE75050	0	0	0	1	1
AT1TE75055	226.815996299922	218.141388255736	0.0591121782765692	0.860666387884978	1
AT1TE75065	0	0	0	1	1
AT1TE75070	0	0	0	1	1
AT1TE75075	0	0	0	1	1
AT1TE75080	0	0	0	1	1
AT1TE75085	0	0	0	1	1
AT1TE75090	0	0	0	1	1
AT1TE75095	0	0	0	1	1
AT1TE75100	0	0	0	1	1
AT1TE75105	0	0	0	1	1
AT1TE75110	0	0	0	1	1
AT1TE75115	0	0	0	1	1
AT1TE75170	0	0	0	1	1
AT1TE75180	18.4275758683716	20.4520015949388	-0.0639054536549525	1	1
AT1TE75185	0	0	0	1	1
AT1TE75190	215.815993604629	214.849843409761	0.00400661578936836	1	1
AT1TE75210	197.631015986426	33.1143159409301	2.260499763164	0.129912419760235	1
AT1TE75215	0	0	0	1	1
AT1TE75240	0	0	0	1	1
AT1TE75245	0	0	0	1	1
AT1TE75250	0	0	0	1	1
AT1TE75260	37.506490264162	39.311489216535	-0.065997481837052	1	1
AT1TE75270	0	0	0	1	1
AT1TE75275	0	0	0	1	1
AT1TE75285	0	0	0	1	1
AT1TE75290	0	0	0	1	1
AT1TE75295	0	0	0	1	1
AT1TE75300	0	0	0	1	1
AT1TE75305	185.607773330053	154.272372815963	0.266196462277265	0.281730522450976	1
AT1TE75310	0	0	0	1	1
AT1TE75315	0	0	0	1	1
AT1TE75320	0	0	0	1	1
AT1TE75325	0	0	0	1	1
AT1TE75330	0	0	0	1	1
AT1TE75335	0	0	0	1	1
AT1TE75340	0	0	0	1	1
AT1TE75345	0	0	0	1	1
AT1TE75350	15.3097789411471	15.4700718410911	-0.0557300360440735	1	1
AT1TE75400	0	0	0	1	1
AT1TE75405	0	0	0	1	1
AT1TE75410	0	0	0	1	1
AT1TE75415	0	0	0	1	1
AT1TE75420	0	0	0	1	1
AT1TE75440	43.9680289811135	87.5164064153154	-0.906101827427487	0.999999999999999	1
AT1TE75445	0	0	0	1	1
AT1TE75455	221.197364083502	108.16548862452	1.03734873880078	0.07134033064715	1
AT1TE75460	0	0	0	1	1
AT1TE75540	196.627212419902	111.000031712743	0.793276179972531	0.138852367245582	1
AT1TE75580	87.9125386383064	92.2597390464614	-0.0687185599854665	1	1
AT1TE75620	0	0	0	1	1
AT1TE75650	0	0	0	1	1
AT1TE75770	0	0	0	1	1
AT1TE75775	0	0	0	1	1
AT1TE75780	0	0	0	1	1
AT1TE75785	0	0	0	1	1
AT1TE75790	212.98563985824	94.4328628003932	1.12166052429264	0.126091151633101	1
AT1TE75870	0	0	0	1	1
AT1TE75875	0	0	0	1	1
AT1TE75910	163.734634433216	57.1326976613642	1.40942109131602	0.299300782652107	1
AT1TE76020	0	0	0	1	1
AT1TE76025	0	0	0	1	1
AT1TE76030	0	0	0	1	1
AT1TE76035	0	0	0	1	1
AT1TE76045	0	0	0	1	1
AT1TE76050	0	0	0	1	1
AT1TE76055	0	0	0	1	1
AT1TE76070	0	0	0	1	1
AT1TE76100	0	0	0	1	1
AT1TE76110	0	0	0	1	1
AT1TE76115	0	0	0	1	1
AT1TE76120	0	0	0	1	1
AT1TE76125	0	0	0	1	1
AT1TE76130	0	0	0	1	1
AT1TE76135	0	0	0	1	1
AT1TE76140	0	0	0	1	1
AT1TE76200	1513.9631573914	1812.15240429538	-0.252077875641225	0.771963088481679	1
AT1TE76210	0	0	0	1	1
AT1TE76215	0	0	0	1	1
AT1TE76220	0	0	0	1	1
AT1TE76225	0	0	0	1	1
AT1TE76230	0	0	0	1	1
AT1TE76235	0	0	0	1	1
AT1TE76240	0	0	0	1	1
AT1TE76245	0	0	0	1	1
AT1TE76280	28.1074157870132	30.7246964599766	-0.0566342469784396	1	1
AT1TE76285	0	0	0	1	1
AT1TE76290	0	0	0	1	1
AT1TE76310	0	0	0	1	1
AT1TE76315	0	0	0	1	1
AT1TE76320	0	0	0	1	1
AT1TE76325	0	0	0	1	1
AT1TE76335	0	0	0	1	1
AT1TE76345	0	0	0	1	1
AT1TE76350	49.8116320946714	121.773077303795	-1.22361530690578	0.351511853624634	1
AT1TE76360	0	0	0	1	1
AT1TE76390	0	0	0	1	1
AT1TE76395	0	0	0	1	1
AT1TE76400	0	0	0	1	1
AT1TE76405	0	0	0	1	1
AT1TE76410	0	0	0	1	1
AT1TE76460	7.88383935070774	15.9327657973266	-0.906288623562016	1	1
AT1TE76470	0	0	0	1	1
AT1TE76475	0	0	0	1	1
AT1TE76480	31.4128106771723	31.7417018086636	-0.0557300358868109	1	1
AT1TE76510	833.762274690249	1252.31409418562	-0.586127450274809	0.536165138495983	1
AT1TE76520	0	0	0	1	1
AT1TE76525	681.367906465609	680.683161008009	-0.0625806877200185	1	1
AT1TE76530	8.98764453232271	0	3.66838838297965	0.25281296830694	1
AT1TE76535	0	0	0	1	1
AT1TE76540	0	55.4563889401226	-3.73545670432078	0.253986927823925	1
AT1TE76550	0	0	0	1	1
AT1TE76610	0	0	0	1	1
AT1TE76615	0	0	0	1	1
AT1TE76620	0	0	0	1	1
AT1TE76630	0	0	0	1	1
AT1TE76640	0	0	0	1	1
AT1TE76730	0	0	0	1	1
AT1TE76735	0	0	0	1	1
AT1TE76745	58.6240386414847	0	2.29434778039117	0.999999999999997	1
AT1TE76750	0	0	0	1	1
AT1TE76755	0	0	0	1	1
AT1TE76770	0	0	0	1	1
AT1TE76775	36.6350079734357	0	3.66838838225232	0.252812994829752	1
AT1TE76780	0	0	0	1	1
AT1TE76785	0	0	0	1	1
AT1TE76830	0	0	0	1	1
AT1TE76835	0	0	0	1	1
AT1TE76850	0	0	0	1	1
AT1TE76860	0	0	0	1	1
AT1TE76900	0	0	0	1	1
AT1TE76905	0	0	0	1	1
AT1TE76910	0	0	0	1	1
AT1TE76920	0	0	0	1	1
AT1TE76970	0	0	0	1	1
AT1TE76975	0	0	0	1	1
AT1TE76985	0	0	0	1	1
AT1TE77010	54.1905482458855	228.003248082318	-2.05326521681772	8.14793126724192e-06	0.0847086094313361
AT1TE77015	0	0	0	1	1
AT1TE77020	0	0	0	1	1
AT1TE77025	59.2700663722775	212.195758252231	-1.78403316277415	0.0422630790722569	1
AT1TE77050	0	0	0	1	1
AT1TE77055	0	0	0	1	1
AT1TE77060	0	0	0	1	1
AT1TE77065	0	0	0	1	1
AT1TE77075	0	0	0	1	1
AT1TE77090	40.964003112799	0	3.13896424411733	0.50215834163755	1
AT1TE77095	0	0	0	1	1
AT1TE77130	0	0	0	1	1
AT1TE77135	6.24292500746034	13.648495993377	-0.908407525906105	1	1
AT1TE77140	0	0	0	1	1
AT1TE77150	0	0	0	1	1
AT1TE77155	0	0	0	1	1
AT1TE77165	0	0	0	1	1
AT1TE77200	0	0	0	1	1
AT1TE77205	0	0	0	1	1
AT1TE77220	0	0	0	1	1
AT1TE77225	0	0	0	1	1
AT1TE77230	0	0	0	1	1
AT1TE77410	0	0	0	1	1
AT1TE77415	0	33.6601563135828	-2.34990269733338	1	1
AT1TE77440	143.451442611942	269.198526741484	-0.883451564460919	0.0613003977699174	1
AT1TE77445	0	0	0	1	1
AT1TE77450	0	0	0	1	1
AT1TE77455	0	0	0	1	1
AT1TE77500	566.967650419121	734.099195591201	-0.371693015586327	0.284061531759072	1
AT1TE77505	0	0	0	1	1
AT1TE77510	690.422003539516	819.394215687655	-0.251277930112728	0.535201365455122	1
AT1TE77515	389.353089408919	265.684167957155	0.508635872174378	0.553271484793574	1
AT1TE77520	0	0	0	1	1
AT1TE77550	0	0	0	1	1
AT1TE77555	0	0	0	1	1
AT1TE77560	0	0	0	1	1
AT1TE77565	0	0	0	1	1
AT1TE77600	0	0	0	1	1
AT1TE77630	0	0	0	1	1
AT1TE77670	0	0	0	1	1
AT1TE77710	0	0	0	1	1
AT1TE77760	0	0	0	1	1
AT1TE77765	0	0	0	1	1
AT1TE77790	43.7405603271485	23.3694099027945	0.876836921995629	0.514149854327293	1
AT1TE77795	0	0	0	1	1
AT1TE77800	68.0107487577881	31.383919068176	1.0760898677111	0.504138713551668	1
AT1TE77810	54.9600362263919	0	2.29434778039765	1	1
AT1TE77880	15.1988248329775	64.9685778352511	-1.82774813467269	0.380094608622618	1
AT1TE77940	0	0	0	1	1
AT1TE78010	15.8294320122565	0	2.2941729446625	1	1
AT1TE78020	0	0	0	1	1
AT1TE78070	0	0	0	1	1
AT1TE78075	0	0	0	1	1
AT1TE78110	0	0	0	1	1
AT1TE78115	0	0	0	1	1
AT1TE78160	26511.849475591	30333.3282010753	-0.191809834192436	0.0942357225603085	1
AT1TE78170	0	0	0	1	1
AT1TE78180	36.743469458753	0	2.29417294465068	0.999999999999998	1
AT1TE78190	0	0	0	1	1
AT1TE78195	0	0	0	1	1
AT1TE78200	0	0	0	1	1
AT1TE78205	0	0	0	1	1
AT1TE78210	0	0	0	1	1
AT1TE78215	0	0	0	1	1
AT1TE78225	0	0	0	1	1
AT1TE78230	0	0	0	1	1
AT1TE78250	0	19.9369141473626	-3.20276787269953	0.502193270596839	1
AT1TE78410	0	0	0	1	1
AT1TE78415	0	0	0	1	1
AT1TE78470	10.4607846901114	18.6154106246436	-0.833936955927672	0.561864653000291	1
AT1TE78475	41.4043265937633	26.9452919142497	0.596661572893578	0.3433734135296	1
AT1TE78490	1620.63195220637	2111.94979565511	-0.380873907629541	1.69079350024785e-05	0.131835396198076
AT1TE78495	3644.3180204736	3162.11833018474	0.197534646691286	0.553632570623781	1
AT1TE78500	0	0	0	1	1
AT1TE78505	0	0	0	1	1
AT1TE78515	0	0	0	1	1
AT1TE78550	4539.68284077353	3194.17574356676	0.506406996111254	0.00447101679262947	1
AT1TE78555	0	0	0	1	1
AT1TE78560	0	0	0	1	1
AT1TE78565	0	0	0	1	1
AT1TE78570	0	0	0	1	1
AT1TE78575	0	0	0	1	1
AT1TE78580	0	0	0	1	1
AT1TE78585	0	0	0	1	1
AT1TE78595	0	0	0	1	1
AT1TE78620	0	0	0	1	1
AT1TE78625	0	0	0	1	1
AT1TE78630	0	0	0	1	1
AT1TE78700	574.750794885425	422.0716529868	0.401095399793729	0.788482765415605	1
AT1TE78710	0	0	0	1	1
AT1TE78715	0	0	0	1	1
AT1TE78720	0	0	0	1	1
AT1TE78725	0	0	0	1	1
AT1TE78730	0	0	0	1	1
AT1TE78735	0	0	0	1	1
AT1TE78740	0	0	0	1	1
AT1TE78760	2508.67753182212	1722.73638652962	0.535690009681199	0.0941973714951757	1
AT1TE78765	0	0	0	1	1
AT1TE78780	0	0	0	1	1
AT1TE78970	0	0	0	1	1
AT1TE78975	0	0	0	1	1
AT1TE78990	0	0	0	1	1
AT1TE78995	0	0	0	1	1
AT1TE79030	0	0	0	1	1
AT1TE79035	0	0	0	1	1
AT1TE79050	0	0	0	1	1
AT1TE79060	71.4514416260242	236.09503595561	-1.57247060076902	0.410397372491493	1
AT1TE79065	0	0	0	1	1
AT1TE79070	0	0	0	1	1
AT1TE79075	0	0	0	1	1
AT1TE79080	0	0	0	1	1
AT1TE79090	0	0	0	1	1
AT1TE79095	0	0	0	1	1
AT1TE79120	0	0	0	1	1
AT1TE79125	0	0	0	1	1
AT1TE79130	0	0	0	1	1
AT1TE79200	0	0	0	1	1
AT1TE79205	0	0	0	1	1
AT1TE79215	0	0	0	1	1
AT1TE79220	0	0	0	1	1
AT1TE79250	0	0	0	1	1
AT1TE79255	0	0	0	1	1
AT1TE79260	0	0	0	1	1
AT1TE79265	0	0	0	1	1
AT1TE79270	0	0	0	1	1
AT1TE79280	12350.7244131917	9092.64904785026	0.440396127851631	0.0208303561809804	1
AT1TE79290	0	0	0	1	1
AT1TE79295	0	0	0	1	1
AT1TE79310	0	0	0	1	1
AT1TE79315	0	0	0	1	1
AT1TE79320	7.71332374134129	0	2.29417294463886	1	1
AT1TE79325	0	0	0	1	1
AT1TE79335	0	0	0	1	1
AT1TE79340	0	0	0	1	1
AT1TE79345	8.94199477978503	0	3.13896424603061	0.502158318982555	1
AT1TE79350	1314.91771478987	1535.96592145426	-0.194333961807403	1	1
AT1TE79500	0	0	0	1	1
AT1TE79505	0	0	0	1	1
AT1TE79550	0	0	0	1	1
AT1TE79555	0	0	0	1	1
AT1TE79630	0	0	0	1	1
AT1TE79660	0	0	0	1	1
AT1TE79720	0	0	0	1	1
AT1TE79760	823.971227618957	1084.99785007693	-0.377073962190254	0.529195767233531	1
AT1TE79765	0	0	0	1	1
AT1TE79770	0	0	0	1	1
AT1TE79790	0	0	0	1	1
AT1TE79800	0	0	0	1	1
AT1TE79810	0	0	0	1	1
AT1TE79815	0	0	0	1	1
AT1TE79825	0	0	0	1	1
AT1TE79830	0	0	0	1	1
AT1TE79835	0	0	0	1	1
AT1TE79845	342.480908892051	249.866418568185	0.399759463344728	0.779248419288891	1
AT1TE79870	0	0	0	1	1
AT1TE79930	821.789564868457	711.14254116964	0.236791899234266	1	1
AT1TE79935	0	0	0	1	1
AT1TE79940	0	0	0	1	1
AT1TE79945	0	0	0	1	1
AT1TE79980	0	0	0	1	1
AT1TE79985	0	0	0	1	1
AT1TE79995	0	0	0	1	1
AT1TE80020	12.1985361382178	0	2.29417294462704	1	1
AT1TE80025	0	56.5437691154191	-2.35098262673216	0.999999999999998	1
AT1TE80030	28.4632509891749	0	2.29417294461522	0.999999999999997	1
AT1TE80035	0	0	0	1	1
AT1TE80045	0	0	0	1	1
AT1TE80055	0	0	0	1	1
AT1TE80065	0	0	0	1	1
AT1TE80120	7.58782535756477	7.6672696484006	-0.0557300357295457	1	1
AT1TE80140	26.1631617088868	14.4083694319805	0.78820381116321	1	1
AT1TE80170	0	0	0	1	1
AT1TE80190	0	0	0	1	1
AT1TE80200	0	0	0	1	1
AT1TE80205	0	0	0	1	1
AT1TE80250	0	0	0	1	1
AT1TE80270	13.4107277938037	0	2.29434778040413	1	1
AT1TE80300	0	0	0	1	1
AT1TE80305	0	0	0	1	1
AT1TE80315	0	0	0	1	1
AT1TE80320	0	0	0	1	1
AT1TE80325	0	0	0	1	1
AT1TE80340	0	0	0	1	1
AT1TE80350	0	0	0	1	1
AT1TE80400	0	0	0	1	1
AT1TE80405	0	0	0	1	1
AT1TE80410	0	0	0	1	1
AT1TE80415	0	0	0	1	1
AT1TE80425	0	0	0	1	1
AT1TE80430	0	0	0	1	1
AT1TE80435	0	0	0	1	1
AT1TE80440	0	0	0	1	1
AT1TE80450	0	0	0	1	1
AT1TE80460	0	0	0	1	1
AT1TE80465	14.214941291194	0	3.13896424794383	0.502158296328158	1
AT1TE80470	105.027477232523	28.9199506793762	1.84601902652249	0.0399961372153567	1
AT1TE80475	0	0	0	1	1
AT1TE80485	0	0	0	1	1
AT1TE80490	0	0	0	1	1
AT1TE80510	0	0	0	1	1
AT1TE80515	0	0	0	1	1
AT1TE80520	0	0	0	1	1
AT1TE80570	0	0	0	1	1
AT1TE80575	0	0	0	1	1
AT1TE80580	0	0	0	1	1
AT1TE80585	0	0	0	1	1
AT1TE80590	0	0	0	1	1
AT1TE80595	0	0	0	1	1
AT1TE80620	0	0	0	1	1
AT1TE80625	0	0	0	1	1
AT1TE80630	0	0	0	1	1
AT1TE80635	0	0	0	1	1
AT1TE80645	0	0	0	1	1
AT1TE80650	0	0	0	1	1
AT1TE80655	0	0	0	1	1
AT1TE80680	278.871143060825	269.671415211728	0.0404741789303133	1	1
AT1TE80685	811.870811224153	866.779347634185	-0.102668514466589	0.819195072414423	1
AT1TE80690	155.690489418338	98.5337166096815	0.63817964554042	0.271038707315033	1
AT1TE80700	0	0	0	1	1
AT1TE80710	0	0	0	1	1
AT1TE80715	0	0	0	1	1
AT1TE80720	0	0	0	1	1
AT1TE80725	0	0	0	1	1
AT1TE80750	0	0	0	1	1
AT1TE80755	0	0	0	1	1
AT1TE80760	0	0	0	1	1
AT1TE80770	0	0	0	1	1
AT1TE80800	0	0	0	1	1
AT1TE80805	0	0	0	1	1
AT1TE80810	0	0	0	1	1
AT1TE80815	0	0	0	1	1
AT1TE80820	0	0	0	1	1
AT1TE80825	0	0	0	1	1
AT1TE80830	0	0	0	1	1
AT1TE80835	0	0	0	1	1
AT1TE80840	0	0	0	1	1
AT1TE80870	0	0	0	1	1
AT1TE80880	0	0	0	1	1
AT1TE80885	0	0	0	1	1
AT1TE80895	0	0	0	1	1
AT1TE80920	0	0	0	1	1
AT1TE80925	9.70027593711081	0	2.2941729446034	0.999999999999995	1
AT1TE80930	0	0	0	1	1
AT1TE80935	0	0	0	1	1
AT1TE80940	0	0	0	1	1
AT1TE80945	0	0	0	1	1
AT1TE80950	0	0	0	1	1
AT1TE80955	0	0	0	1	1
AT1TE80990	0	0	0	1	1
AT1TE80995	0	0	0	1	1
AT1TE81005	0	0	0	1	1
AT1TE81040	0	0	0	1	1
AT1TE81045	0	0	0	1	1
AT1TE81050	0	0	0	1	1
AT1TE81055	289.478949906772	438.66414714605	-0.545150403270626	0.803058427137698	1
AT1TE81060	0	0	0	1	1
AT1TE81065	0	0	0	1	1
AT1TE81075	5.50651449654337	5.56416752867582	-0.0557300355722831	1	1
AT1TE81080	0	0	0	1	1
AT1TE81085	0	0	0	1	1
AT1TE81090	0	0	0	1	1
AT1TE81100	0	0	0	1	1
AT1TE81140	0	0	0	1	1
AT1TE81145	0	0	0	1	1
AT1TE81150	0	0	0	1	1
AT1TE81155	11606.2718791821	7093.03758697972	0.711162766661622	1.64545934787947e-15	5.13202316010126e-11
AT1TE81160	46.2821357695932	0	2.29434778041061	1	1
AT1TE81190	0	0	0	1	1
AT1TE81195	0	0	0	1	1
AT1TE81200	0	0	0	1	1
AT1TE81205	0	0	0	1	1
AT1TE81210	0	19.5100269078729	-2.34990269721368	1	1
AT1TE81220	0	0	0	1	1
AT1TE81230	0	0	0	1	1
AT1TE81240	0	0	0	1	1
AT1TE81245	0	0	0	1	1
AT1TE81250	0	0	0	1	1
AT1TE81270	0	0	0	1	1
AT1TE81275	0	0	0	1	1
AT1TE81280	0	0	0	1	1
AT1TE81285	0	0	0	1	1
AT1TE81300	0	0	0	1	1
AT1TE81305	0	0	0	1	1
AT1TE81330	19.6840014957606	0	2.29417294459158	0.999999999999992	1
AT1TE81340	0	0	0	1	1
AT1TE81345	0	0	0	1	1
AT1TE81350	206.844992517911	0	4.35903575471389	0.0653538197758703	1
AT1TE81360	0	0	0	1	1
AT1TE81365	0	0	0	1	1
AT1TE81370	0	0	0	1	1
AT1TE81400	0	0	0	1	1
AT1TE81405	0	0	0	1	1
AT1TE81430	0	0	0	1	1
AT1TE81435	0	0	0	1	1
AT1TE81440	0	0	0	1	1
AT1TE81520	609.981309935891	257.097139476139	1.15766291512209	0.458610483427107	1
AT1TE81525	0	0	0	1	1
AT1TE81530	0	0	0	1	1
AT1TE81535	0	0	0	1	1
AT1TE81560	0	0	0	1	1
AT1TE81565	0	0	0	1	1
AT1TE81570	0	0	0	1	1
AT1TE81575	13.9581044384487	59.6650204609449	-1.82774813113216	0.380094591605833	1
AT1TE81580	0	6.67336432360793	-2.34990269709399	0.999999999999996	1
AT1TE81600	0	0	0	1	1
AT1TE81605	0	0	0	1	1
AT1TE81610	0	0	0	1	1
AT1TE81615	0	0	0	1	1
AT1TE81630	0	0	0	1	1
AT1TE81680	0	0	0	1	1
AT1TE81685	0	0	0	1	1
AT1TE81690	0	0	0	1	1
AT1TE81695	0	0	0	1	1
AT1TE81700	0	0	0	1	1
AT1TE81705	0	0	0	1	1
AT1TE81710	0	0	0	1	1
AT1TE81715	0	0	0	1	1
AT1TE81720	0	0	0	1	1
AT1TE81725	0	0	0	1	1
AT1TE81730	0	0	0	1	1
AT1TE81780	0	0	0	1	1
AT1TE81785	0	0	0	1	1
AT1TE81790	284.144105070934	1011.29300509691	-1.74922657303893	0.192876374947293	1
AT1TE81795	103.380639055826	143.019895352502	-0.425546880777215	0.818874720946527	1
AT1TE81800	0	0	0	1	1
AT1TE81805	0	0	0	1	1
AT1TE81810	0	0	0	1	1
AT1TE81815	0	0	0	1	1
AT1TE81825	0	0	0	1	1
AT1TE81850	0	0	0	1	1
AT1TE81855	0	0	0	1	1
AT1TE81865	0	0	0	1	1
AT1TE81880	748.729137660506	375.118684246621	0.967132720004721	0.046456130962518	1
AT1TE81900	0	0	0	1	1
AT1TE81905	0	0	0	1	1
AT1TE81910	0	0	0	1	1
AT1TE81915	0	0	0	1	1
AT1TE81920	0	0	0	1	1
AT1TE81930	52.1654581131855	57.0229535994481	-0.0566342468524526	1	1
AT1TE81935	0	0	0	1	1
AT1TE81940	0	0	0	1	1
AT1TE81945	0	0	0	1	1
AT1TE81950	0	0	0	1	1
AT1TE81980	0	0	0	1	1
AT1TE81985	0	0	0	1	1
AT1TE81990	0	0	0	1	1
AT1TE81995	581.818881811912	1487.30011052491	-1.28554582878243	0.459753301072649	1
AT1TE82020	0	0	0	1	1
AT1TE82040	0	0	0	1	1
AT1TE82045	0	0	0	1	1
AT1TE82050	0	0	0	1	1
AT1TE82090	0	0	0	1	1
AT1TE82095	0	0	0	1	1
AT1TE82100	0	0	0	1	1
AT1TE82105	0	0	0	1	1
AT1TE82180	0	0	0	1	1
AT1TE82200	93.4718637805815	82.8864865627905	0.147332031166786	1	1
AT1TE82210	0	13.5386489431285	-2.35098262654079	1	1
AT1TE82220	0	0	0	1	1
AT1TE82225	0	0	0	1	1
AT1TE82270	0	0	0	1	1
AT1TE82280	0	0	0	1	1
AT1TE82410	0	0	0	1	1
AT1TE82480	0	0	0	1	1
AT1TE82485	0	0	0	1	1
AT1TE82490	0	0	0	1	1
AT1TE82540	0	0	0	1	1
AT1TE82550	0	0	0	1	1
AT1TE82600	0	0	0	1	1
AT1TE82620	0	0	0	1	1
AT1TE82625	0	0	0	1	1
AT1TE82640	0	0	0	1	1
AT1TE82645	0	0	0	1	1
AT1TE82655	0	0	0	1	1
AT1TE82660	0	0	0	1	1
AT1TE82665	0	0	0	1	1
AT1TE82670	0	0	0	1	1
AT1TE82675	0	0	0	1	1
AT1TE82685	0	0	0	1	1
AT1TE82690	0	0	0	1	1
AT1TE82695	424.780270283348	601.525309404731	-0.501131805129954	0.074842720668079	1
AT1TE82740	0	0	0	1	1
AT1TE82780	0	0	0	1	1
AT1TE82785	0	0	0	1	1
AT1TE82790	0	0	0	1	1
AT1TE82840	0	0	0	1	1
AT1TE82845	49.8239692075834	92.7410688414285	-0.883524029919216	0.434829070054233	1
AT1TE82850	0	0	0	1	1
AT1TE82870	0	0	0	1	1
AT1TE82940	0	0	0	1	1
AT1TE82945	0	0	0	1	1
AT1TE82950	0	0	0	1	1
AT1TE83130	0	0	0	1	1
AT1TE83170	36.2089650432699	0	2.29434778041709	0.999999999999999	1
AT1TE83175	0	0	0	1	1
AT1TE83180	63.3067177101044	0	3.13915052744969	0.501872266219213	1
AT1TE83185	866.5387601454	851.150219761321	0.00638336915353944	1	1
AT1TE83210	0	0	0	1	1
AT1TE83215	0	0	0	1	1
AT1TE83220	0	0	0	1	1
AT1TE83225	0	0	0	1	1
AT1TE83300	0	0	0	1	1
AT1TE83330	0	0	0	1	1
AT1TE83335	0	0	0	1	1
AT1TE83340	0	0	0	1	1
AT1TE83345	0	0	0	1	1
AT1TE83355	0	0	0	1	1
AT1TE83380	0	0	0	1	1
AT1TE83420	0	0	0	1	1
AT1TE83425	0	0	0	1	1
AT1TE83435	29.6350331861388	10.8527556850562	1.31760186372341	0.62781847719107	1
AT1TE83480	0	0	0	1	1
AT1TE83485	0	0	0	1	1
AT1TE83495	0	0	0	1	1
AT1TE83580	3370.5788231886	2738.78336449088	0.294912289834308	0.0733421035255672	1
AT1TE83640	76.6223705464779	49.7546901821137	0.572798882547708	0.536972770561902	1
AT1TE83670	0	0	0	1	1
AT1TE83740	0	0	0	1	1
AT1TE83860	47.3501850565838	0	2.29434778042357	0.999999999999997	1
AT1TE83865	0	0	0	1	1
AT1TE83870	0	0	0	1	1
AT1TE83875	0	0	0	1	1
AT1TE83880	0	0	0	1	1
AT1TE83890	21.1981554569729	0	2.29417294457977	0.999999999999996	1
AT1TE83900	0	0	0	1	1
AT1TE83905	0	58.510508910738	-3.20276785623438	0.502193240655062	1
AT1TE83910	0	0	0	1	1
AT1TE83915	0	0	0	1	1
AT1TE83920	0	0	0	1	1
AT1TE83925	189.579354513	254.593742108763	-0.406020233856026	0.494626483096522	1
AT1TE83935	0	0	0	1	1
AT1TE83945	0	0	0	1	1
AT1TE83950	0	0	0	1	1
AT1TE83990	0	0	0	1	1
AT1TE84000	0	0	0	1	1
AT1TE84005	0	0	0	1	1
AT1TE84030	0	0	0	1	1
AT1TE84040	0	0	0	1	1
AT1TE84060	0	0	0	1	1
AT1TE84065	0	0	0	1	1
AT1TE84070	0	0	0	1	1
AT1TE84120	0	0	0	1	1
AT1TE84125	0	0	0	1	1
AT1TE84180	0	0	0	1	1
AT1TE84185	0	0	0	1	1
AT1TE84190	0	0	0	1	1
AT1TE84230	0	0	0	1	1
AT1TE84235	0	0	0	1	1
AT1TE84245	0	0	0	1	1
AT1TE84250	0	0	0	1	1
AT1TE84255	0	0	0	1	1
AT1TE84260	0	0	0	1	1
AT1TE84265	0	0	0	1	1
AT1TE84270	0	0	0	1	1
AT1TE84320	104.429030068805	172.530987813715	-0.596092759099358	1	1
AT1TE84325	0	0	0	1	1
AT1TE84330	0	0	0	1	1
AT1TE84335	0	0	0	1	1
AT1TE84340	0	27.9095601324468	-3.20045125650404	0.502151415493326	1
AT1TE84350	0	0	0	1	1
AT1TE84355	0	0	0	1	1
AT1TE84360	0	0	0	1	1
AT1TE84365	0	0	0	1	1
AT1TE84370	0	0	0	1	1
AT1TE84400	0	0	0	1	1
AT1TE84410	0	0	0	1	1
AT1TE84520	0	0	0	1	1
AT1TE84525	0	0	0	1	1
AT1TE84530	0	0	0	1	1
AT1TE84610	0	0	0	1	1
AT1TE84620	1409.79190592886	1692.09275355446	-0.26392384833708	0.286721839443547	1
AT1TE84625	0	0	0	1	1
AT1TE84650	0	0	0	1	1
AT1TE84655	0	0	0	1	1
AT1TE84665	0	15.2233224541513	-2.35098262634942	0.999999999999996	1
AT1TE84700	25.3668303794739	12.8162101445023	0.789098806896911	0.999999999999999	1
AT1TE84705	0	0	0	1	1
AT1TE84750	0	0	0	1	1
AT1TE84840	491.920411238622	360.409027181395	0.431585139786443	0.637557771658226	1
AT1TE84845	731.234759149776	245.045937962883	1.31845339220176	0.62779959942666	1
AT1TE84860	0	0	0	1	1
AT1TE84970	0	0	0	1	1
AT1TE85050	0	0	0	1	1
AT1TE85070	958.524756172511	693.320196919276	0.450295986627666	0.536765851543257	1
AT1TE85075	12.1011426361163	0	3.138964249857	0.502158273674356	1
AT1TE85090	4107.36166591344	3177.00614339469	0.367179949372222	0.0378429731243216	1
AT1TE85100	52.2644177646056	163.629357093785	-1.43865790281657	0.627776077733948	1
AT1TE85105	0	0	0	1	1
AT1TE85110	0	0	0	1	1
AT1TE85150	0	0	0	1	1
AT1TE85155	0	0	0	1	1
AT1TE85160	0	0	0	1	1
AT1TE85165	0	0	0	1	1
AT1TE85190	0	0	0	1	1
AT1TE85280	1401.32704636099	2027.50516863189	-0.540434249693105	0.192636343910904	1
AT1TE85290	1210.24005381719	1031.11938805736	0.229422967841451	0.0198058556310304	1
AT1TE85295	0	0	0	1	1
AT1TE85330	0	0	0	1	1
AT1TE85335	0	0	0	1	1
AT1TE85340	0	0	0	1	1
AT1TE85440	0	0	0	1	1
AT1TE85530	300.893462623465	298.083639972335	0.016757889354117	1	1
AT1TE85640	0	0	0	1	1
AT1TE85730	0	0	0	1	1
AT1TE85735	0	0	0	1	1
AT1TE85850	0	0	0	1	1
AT1TE85870	0	0	0	1	1
AT1TE85970	0	0	0	1	1
AT1TE85990	0	0	0	1	1
AT1TE86020	0	0	0	1	1
AT1TE86025	0	0	0	1	1
AT1TE86040	0	0	0	1	1
AT1TE86120	0	0	0	1	1
AT1TE86125	0	0	0	1	1
AT1TE86150	0	0	0	1	1
AT1TE86155	0	0	0	1	1
AT1TE86160	0	0	0	1	1
AT1TE86165	0	0	0	1	1
AT1TE86170	0	0	0	1	1
AT1TE86175	0	0	0	1	1
AT1TE86180	0	0	0	1	1
AT1TE86260	56.8817342553545	30.2033728792819	0.897098573694045	0.312310268932725	1
AT1TE86265	0	0	0	1	1
AT1TE86300	0	0	0	1	1
AT1TE86305	435.858474820039	466.03786898321	-0.0999520704568942	0.737495586226418	1
AT1TE86330	0	0	0	1	1
AT1TE86335	0	0	0	1	1
AT1TE86340	173.39504386918	0	3.13933731840521	0.502159666763916	1
AT1TE86360	0	0	0	1	1
AT1TE86365	0	0	0	1	1
AT1TE86370	0	0	0	1	1
AT1TE86375	0	0	0	1	1
AT1TE86380	0	0	0	1	1
AT1TE86385	0	0	0	1	1
AT1TE86390	0	0	0	1	1
AT1TE86430	0	0	0	1	1
AT1TE86440	0	0	0	1	1
AT1TE86445	0	0	0	1	1
AT1TE86450	0	0	0	1	1
AT1TE86530	0	0	0	1	1
AT1TE86535	0	0	0	1	1
AT1TE86540	0	0	0	1	1
AT1TE86545	0	0	0	1	1
AT1TE86560	34.8429451764038	0	2.29417294456795	1	1
AT1TE86570	0	0	0	1	1
AT1TE86575	0	0	0	1	1
AT1TE86620	0	0	0	1	1
AT1TE86660	0	0	0	1	1
AT1TE86710	0	0	0	1	1
AT1TE86715	0	0	0	1	1
AT1TE86740	4927.02126678377	4179.64295249111	0.23423879503215	0.544722815022173	1
AT1TE86790	0	0	0	1	1
AT1TE86795	0	0	0	1	1
AT1TE86800	0	0	0	1	1
AT1TE86805	0	0	0	1	1
AT1TE86810	0	0	0	1	1
AT1TE86820	69.8182658174294	0	3.13915052746088	0.501872283443655	1
AT1TE86825	0	0	0	1	1
AT1TE86830	0	0	0	1	1
AT1TE86840	0	0	0	1	1
AT1TE86845	0	0	0	1	1
AT1TE86940	8.50304692944496	0	2.29417294455613	0.999999999999995	1
AT1TE87040	0	0	0	1	1
AT1TE87045	0	0	0	1	1
AT1TE87100	0	0	0	1	1
AT1TE87105	0	0	0	1	1
AT1TE87140	157.60883513906	186.904220943881	-0.237121880225903	0.870031615336433	1
AT1TE87190	365.617379574888	67.2870852473487	2.25949050366548	0.129929484305956	1
AT1TE87250	0	0	0	1	1
AT1TE87255	0	0	0	1	1
AT1TE87320	19.1856723439692	0	2.29417294454431	1	1
AT1TE87330	0	0	0	1	1
AT1TE87340	1858.37749461317	1821.10473795598	0.0316641686222481	1	1
AT1TE87345	0	0	0	1	1
AT1TE87360	0	0	0	1	1
AT1TE87365	0	0	0	1	1
AT1TE87370	0	0	0	1	1
AT1TE87375	0	0	0	1	1
AT1TE87385	0	0	0	1	1
AT1TE87390	93.2718840106808	0	2.29417294453249	1	1
AT1TE87450	0	0	0	1	1
AT1TE87455	0	0	0	1	1
AT1TE87460	0	0	0	1	1
AT1TE87480	1199.17241162402	863.506315548067	0.475191733799327	0.423809890377575	1
AT1TE87500	0	0	0	1	1
AT1TE87540	0	0	0	1	1
AT1TE87545	0	0	0	1	1
AT1TE87610	0	0	0	1	1
AT1TE87630	0	0	0	1	1
AT1TE87635	0	0	0	1	1
AT1TE87640	0	0	0	1	1
AT1TE87645	0	0	0	1	1
AT1TE87760	3177.62107544946	2581.55938889655	0.295542496762347	0.40137422938965	1
AT1TE87870	0	0	0	1	1
AT1TE87960	0	0	0	1	1
AT1TE87965	0	0	0	1	1
AT1TE87970	0	0	0	1	1
AT1TE87975	0	0	0	1	1
AT1TE87980	0	0	0	1	1
AT1TE87985	0	0	0	1	1
AT1TE88010	1292.68534153975	1476.44989090668	-0.188190300725901	0.551723380733407	1
AT1TE88020	0	0	0	1	1
AT1TE88160	1938.19267453559	1622.54217957365	0.257538780793398	0.470461948688493	1
AT1TE88165	0	0	0	1	1
AT1TE88220	0	0	0	1	1
AT1TE88225	0	0	0	1	1
AT1TE88320	0	0	0	1	1
AT1TE88325	0	0	0	1	1
AT1TE88450	0	0	0	1	1
AT1TE88455	0	0	0	1	1
AT1TE88460	0	0	0	1	1
AT1TE88490	0	0	0	1	1
AT1TE88495	0	0	0	1	1
AT1TE88500	0	0	0	1	1
AT1TE88505	0	0	0	1	1
AT1TE88510	0	0	0	1	1
AT1TE88530	0	0	0	1	1
AT1TE88535	0	12.8165876661617	-2.35098262615805	1	1
AT1TE88540	23.951455476093	23.8371534983349	-0.0555552246576099	1	1
AT1TE88610	0	0	0	1	1
AT1TE88630	0	0	0	1	1
AT1TE88635	0	0	0	1	1
AT1TE88640	0	0	0	1	1
AT1TE88645	0	0	0	1	1
AT1TE88680	102.076225418922	136.136632201602	-0.449450913584185	0.999999999999999	1
AT1TE88730	0	0	0	1	1
AT1TE88810	0	0	0	1	1
AT1TE88820	6.40874467303832	0	2.29417294452068	0.999999999999994	1
AT1TE88825	32385.0060818197	35834.8495184156	-0.146867649164551	0.32872346835365	1
AT1TE88910	0	0	0	1	1
AT1TE88915	0	0	0	1	1
AT1TE88920	0	0	0	1	1
AT1TE88925	0	0	0	1	1
AT1TE88930	0	0	0	1	1
AT1TE88935	0	0	0	1	1
AT1TE88950	0	0	0	1	1
AT1TE88955	0	0	0	1	1
AT1TE88960	0	0	0	1	1
AT1TE88965	0	0	0	1	1
AT1TE89060	0	0	0	1	1
AT1TE89070	0	74.7634280526097	-2.35098262596668	0.999999999999999	1
AT1TE89075	0	0	0	1	1
AT1TE89130	0	0	0	1	1
AT1TE89135	0	0	0	1	1
AT1TE89140	0	0	0	1	1
AT1TE89220	0	0	0	1	1
AT1TE89270	0	0	0	1	1
AT1TE89275	0	0	0	1	1
AT1TE89280	773.301069482208	589.78949949725	0.396661689692584	0.782910850071137	1
AT1TE89360	0	0	0	1	1
AT1TE89630	0	0	0	1	1
AT1TE89660	2418.18472753076	2863.26067445513	-0.246973253509599	0.348533625239329	1
AT1TE89750	0	0	0	1	1
AT1TE89760	0	0	0	1	1
AT1TE89765	0	0	0	1	1
AT1TE89775	731.234759149776	452.932794461557	0.695066923093201	0.235523947773256	1
AT1TE89780	0	0	0	1	1
AT1TE89970	0	0	0	1	1
AT1TE89975	0	0	0	1	1
AT1TE89980	0	0	0	1	1
AT1TE90030	0	0	0	1	1
AT1TE90070	13.2278357299164	14.1704526038653	-0.0654110139358919	1	1
AT1TE90080	0	0	0	1	1
AT1TE90085	0	0	0	1	1
AT1TE90090	0	0	0	1	1
AT1TE90130	2370.50132939596	2431.40386636145	-0.0351449653170517	0.9429652090376	1
AT1TE90170	327.549465056884	269.602853846165	0.282995704209477	0.808104864031463	1
AT1TE90180	0	0	0	1	1
AT1TE90210	260735.158120405	375171.232017061	-0.525302873607486	0.000247439096663985	0.593644460450234
AT1TE90215	0	0	0	1	1
AT1TE90220	0	0	0	1	1
AT1TE90225	0	0	0	1	1
AT1TE90230	0	0	0	1	1
AT1TE90260	0	0	0	1	1
AT1TE90300	31.9012963917758	86.268883937367	-1.28889598039001	0.46036631803587	1
AT1TE90305	0	0	0	1	1
AT1TE90315	0	0	0	1	1
AT1TE90320	1391.24510725302	1683.70058106924	-0.284676871299272	0.539835571544485	1
AT1TE90350	107.95788766975	49.4235312439982	1.05549344011423	0.278670697513306	1
AT1TE90520	0	0	0	1	1
AT1TE90550	0	0	0	1	1
AT1TE90555	0	9.57142037657877	-2.35098262577531	0.999999999999999	1
AT1TE90560	0	0	0	1	1
AT1TE90565	0	0	0	1	1
AT1TE90570	0	0	0	1	1
AT1TE90575	0	0	0	1	1
AT1TE90580	11.8603546384507	11.8037542371331	-0.0555552244733949	1	1
AT1TE90680	0	0	0	1	1
AT1TE90760	0	0	0	1	1
AT1TE90810	0	0	0	1	1
AT1TE90815	0	0	0	1	1
AT1TE90830	0	0	0	1	1
AT1TE90980	3460.60802199518	4238.84371705265	-0.291492436991475	0.295069313264957	1
AT1TE91070	341.439192723188	382.754247461342	-0.147034741161889	0.778536153675467	1
AT1TE91140	0	0	0	1	1
AT1TE91145	0	0	0	1	1
AT1TE91150	0	0	0	1	1
AT1TE91155	0	0	0	1	1
AT1TE91165	0	0	0	1	1
AT1TE91220	0	0	0	1	1
AT1TE91360	2821.74724539495	2347.32961289548	0.279535962915464	0.712654522268375	1
AT1TE91365	3303.57848231982	2885.8856063191	0.191687358463684	0.32445622165151	1
AT1TE91400	0	0	0	1	1
AT1TE91440	1576.49638900775	2205.84205533515	-0.487947523883284	0.0167193986922287	1
AT1TE91460	0	0	0	1	1
AT1TE91520	0	0	0	1	1
AT1TE91610	0	0	0	1	1
AT1TE91730	0	0	0	1	1
AT1TE91735	0	0	0	1	1
AT1TE91740	0	0	0	1	1
AT1TE91745	0	0	0	1	1
AT1TE91750	0	0	0	1	1
AT1TE91790	0	0	0	1	1
AT1TE91795	0	0	0	1	1
AT1TE91805	0	0	0	1	1
AT1TE91810	0	0	0	1	1
AT1TE91970	0	0	0	1	1
AT1TE92150	0	0	0	1	1
AT1TE92155	0	0	0	1	1
AT1TE92160	0	0	0	1	1
AT1TE92165	2.59088566696336	0	2.29417294450886	0.999999999999995	1
AT1TE92170	1587.84911459739	1627.26929436993	-0.0255903857080954	1	1
AT1TE92230	414.700738446116	255.894234159072	0.688078447121472	0.372588986083398	1
AT1TE92240	0	45.1591176156703	-3.2027678397698	0.502193210714316	1
AT1TE92320	58.2949275066755	117.81054709754	-0.906288633341419	1	1
AT1TE92410	0	0	0	1	1
AT1TE92540	0	0	0	1	1
AT1TE92640	0	0	0	1	1
AT1TE92645	0	0	0	1	1
AT1TE92650	0	0	0	1	1
AT1TE92655	0	0	0	1	1
AT1TE92660	0	0	0	1	1
AT1TE92665	0	0	0	1	1
AT1TE92700	0	0	0	1	1
AT1TE92705	0	0	0	1	1
AT1TE92720	0	0	0	1	1
AT1TE92725	0	0	0	1	1
AT1TE92750	0	0	0	1	1
AT1TE92810	0	0	0	1	1
AT1TE92820	368.125975235837	497.529564085561	-0.435344474789562	0.557177955722795	1
AT1TE92860	0	0	0	1	1
AT1TE92890	0	0	0	1	1
AT1TE92900	0	0	0	1	1
AT1TE92905	0	0	0	1	1
AT1TE92970	11.6032498724899	53.1012782214649	-2.10080724567718	0.0754615402055761	1
AT1TE93240	95.6387328847144	62.8292129707085	0.595974533157223	0.342841097154538	1
AT1TE93245	42.5721133033106	110.926349814237	-1.28668259982193	0.458554597257268	1
AT1TE93270	0	0	0	1	1
AT1TE93275	0	0	0	1	1
AT1TE93285	0	0	0	1	1
AT1TE93290	0	0	0	1	1
AT1TE93295	0	0	0	1	1
AT1TE93300	0	0	0	1	1
AT1TE93305	410.368270490393	672.870852473487	-0.596255336263759	1	1
AT1TE93315	0	0	0	1	1
AT1TE93320	0	0	0	1	1
AT1TE93325	0	0	0	1	1
AT1TE93400	1502.62028965007	870.380688824081	0.773699839837683	0.521843023634115	1
AT1TE93405	7.89169750943063	0	2.29434778043005	1	1
AT1TE93410	0	0	0	1	1
AT1TE93420	0	0	0	1	1
AT1TE93500	0	0	0	1	1
AT1TE93505	0	0	0	1	1
AT1TE93510	0	0	0	1	1
AT1TE93515	0	0	0	1	1
AT1TE93520	0	0	0	1	1
AT1TE93850	0	0	0	1	1
AT1TE93910	0	0	0	1	1
AT1TE93915	8.30503076807432	0	3.13896425177012	0.50215825102115	1
AT1TE93920	0	0	0	1	1
AT1TE94070	0	0	0	1	1
AT1TE94190	70.5903194255614	143.665682541189	-0.99001155892968	0.103599054476803	1
AT1TE94195	0	224.290284157829	-2.35098262558394	0.999999999999999	1
AT1TE94200	147.159214866936	116.274150462695	0.32839824300573	0.536837558381074	1
AT1TE94210	0	0	0	1	1
AT1TE94220	139.476221318717	111.384517255856	0.294615388868823	0.906000951787579	1
AT1TE94225	0	0	0	1	1
AT1TE94230	0	0	0	1	1
AT1TE94235	0	0	0	1	1
AT1TE94270	39.7986857265477	43.8352346888265	-0.0635286139183901	1	1
AT1TE94275	276.982863314309	0	3.66838838152496	0.252813021353154	1
AT1TE94280	360.534749694857	219.569214357091	0.683162207983077	0.411678692725221	1
AT1TE94285	227.362575588458	244.493871460636	-0.109016848435496	0.829150951898024	1
AT1TE94290	93.8402364829944	270.479504876258	-1.50513098596923	0.0764289510308878	1
AT1TE94300	0	0	0	1	1
AT1TE94305	0	0	0	1	1
AT1TE94320	2134.72759673218	1639.23230789525	0.374110198515983	0.397131280549782	1
AT1TE94340	0	0	0	1	1
AT1TE94380	15.9754215038057	0	3.13896425368319	0.502158228368542	1
AT1TE94400	0	0	0	1	1
AT1TE94405	4.48091090960403	0	2.29417294449704	0.999999999999999	1
AT1TE94410	0	0	0	1	1
AT1TE94415	1990.60505069356	1268.89796154559	0.653934497399173	0.0525606276901447	1
AT1TE94490	0	0	0	1	1
AT1TE94495	0	0	0	1	1
AT1TE94500	161.735180319856	166.134586813953	-0.0653862841096164	1	1
AT1TE94570	0	0	0	1	1
AT1TE94620	0	0	0	1	1
AT1TE94625	0	0	0	1	1
AT1TE94640	197.409671005488	404.958485670172	-1.03009423527697	0.00761342422750346	1
AT1TE94730	0	0	0	1	1
AT1TE94760	20.276496524061	20.4887907995722	-0.0557300354150179	1	1
AT1TE94830	0	0	0	1	1
AT1TE94900	0	0	0	1	1
AT1TE94960	0	0	0	1	1
AT1TE95060	71.9332687177769	37.6975277824251	0.890128427179143	0.400263431123848	1
AT1TE95100	0	0	0	1	1
AT1TE95105	0	0	0	1	1
AT1TE95230	711.973198212634	812.518906831985	-0.176492662857143	0.731609380619812	1
AT1TE95250	28.2363488869536	89.8328692593662	-1.43949077500452	0.627825552005461	1
AT1TE95255	0	0	0	1	1
AT1TE95260	0	0	0	1	1
AT1TE95290	233.179710026702	0	2.29417294448522	0.999999999999999	1
AT1TE95295	20.0088200022913	21.7097970489082	-0.0685612757790729	1	1
AT1TE95300	0	0	0	1	1
AT1TE95440	0	0	0	1	1
AT1TE95445	0	0	0	1	1
AT1TE95450	0	0	0	1	1
AT1TE95455	0	0	0	1	1
AT1TE95460	0	0	0	1	1
AT1TE95530	146.007408528345	109.395508019144	0.323658119930243	0.999999999999999	1
AT1TE95550	7435.14458497266	10172.7583814436	-0.446021722369549	0.0611384528790557	1
AT1TE95555	227.668258100313	116.023139037563	0.904545996672162	0.253028792774383	1
AT1TE95620	37.1943095748114	0	2.2941729444734	1	1
AT1TE95670	0	0	0	1	1
AT1TE95675	95.1925385878509	22.1253992664491	1.97739538931027	0.126310664957967	1
AT1TE95680	0	0	0	1	1
AT1TE95740	0	0	0	1	1
AT1TE95780	628.650184515665	873.334889246612	-0.478944249387282	0.279808488978936	1
AT1TE95810	0	0	0	1	1
AT1TE95890	0	0	0	1	1
AT1TE95895	0	0	0	1	1
AT1TE95900	0	0	0	1	1
AT1TE95910	44.1784023255208	0	3.6687944523983	0.253807086170129	1
AT1TE95915	0	5.72002656309251	-2.3499026969743	1	1
AT1TE95920	0	0	0	1	1
AT1TE95925	0	0	0	1	1
AT1TE95930	12.9567301357902	0	3.13915052747206	0.50187230066847	1
AT1TE95980	144.86927365714	257.753913119079	-0.815223945406551	0.0495931532620609	1
AT1TE95985	0	0	0	1	1
AT1TE95990	0	0	0	1	1
AT1TE96020	465.507823341235	263.456038096975	0.8289730423926	0.184847886968178	1
AT1TE96025	0	0	0	1	1
AT1TE96050	0	0	0	1	1
AT1TE96055	0	0	0	1	1
AT1TE96060	0	0	0	1	1
AT1TE96100	0	0	0	1	1
AT1TE96320	0	0	0	1	1
AT1TE96390	69.8445595741009	152.24777436458	-1.0629119807861	0.374019450112855	1
AT1TE96400	0	0	0	1	1
AT1TE96405	0	15.8603218946816	-4.1220988376153	0.128084447956147	1
AT1TE96410	0	0	0	1	1
AT1TE96415	0	224.290284157829	-2.35098262539257	1	1
AT1TE96425	0	0	0	1	1
AT1TE96430	0	0	0	1	1
AT1TE96435	0	0	0	1	1
AT1TE96460	0	0	0	1	1
AT1TE96570	0	0	0	1	1
AT1TE96575	0	9.15717256961447	-2.3499026968546	1	1
AT1TE96580	0	21.3454649793452	-2.34990269673491	1	1
AT1TE96750	45.2482182889194	35.2806792246822	0.321862310887305	1	1
AT1TE96780	469.930635309621	443.195598916722	0.0936025750828743	0.843926375114046	1
AT1TE96830	0	0	0	1	1
AT1TE96850	0	0	0	1	1
AT1TE96855	0	0	0	1	1
AT1TE96860	0	0	0	1	1
AT1TE96960	0	0	0	1	1
AT1TE97160	0	0	0	1	1
AT1TE97190	0	0	0	1	1
AT1TE97350	0	0	0	1	1
AT1TE97380	17.6754299145605	9.8086130098176	0.787942962318657	1	1
AT1TE97385	0	0	0	1	1
AT1TE97390	0	7.42683060125262	-2.3509826252012	1	1
AT1TE97395	10502.0779097234	11115.4330050403	-0.0716953644721442	0.921520216455207	1
AT1TE97410	24.7209801500237	0	2.29434778043653	1	1
AT1TE97500	0	0	0	1	1
AT1TE97600	96.1800633961858	0	3.13933731638729	0.502159643235566	1
AT1TE97605	61.7921486513661	53.8066198808563	0.169464220584024	0.845528510904411	1
AT1TE97710	0	0	0	1	1
AT1TE97720	0	0	0	1	1
AT1TE97790	0	0	0	1	1
AT1TE98060	0	0	0	1	1
AT1TE98065	0	0	0	1	1
AT1TE98070	0	0	0	1	1
AT1TE98075	0	0	0	1	1
AT1TE98090	77.8229077582812	85.7160321622277	-0.0635286117742342	1	1
AT1TE98095	0	51.3641872117166	-3.20276782330579	0.502193180774604	1
AT1TE98100	2410.2644233433	3335.28656608108	-0.476437195220368	0.521881864326419	1
AT1TE98120	0	0	0	1	1
AT1TE98130	2953.70126229609	3485.03656887193	-0.234760128771161	0.159658236787956	1
AT1TE98340	0	8.35864413010543	-2.35098262500983	1	1
AT1TE98440	2376.65666048972	2351.95181078173	0.0143942694733017	0.942727409565133	1
AT1TE98640	0	0	0	1	1
AT1TE98645	0	0	0	1	1
AT1TE98650	201.858294858355	310.243967586963	-0.587417625335942	0.734787284729143	1
AT1TE98655	38039.1159724001	33128.8710190249	0.201004180093247	0.414672558043959	1
AT1TE98665	1703.73010496516	1395.15880878467	0.276033643539659	0.617906391524507	1
AT1TE98800	0	0	0	1	1
AT1TE98880	0	0	0	1	1
AT1TE98890	0	0	0	1	1
AT1TE98895	0	0	0	1	1
AT1TE98900	0	0	0	1	1
AT1TE98905	0	0	0	1	1
AT1TE98910	0	0	0	1	1
AT1TE98915	0	0	0	1	1
AT1TE98920	0	0	0	1	1
AT1TE98925	0	0	0	1	1
AT1TE98930	0	0	0	1	1
AT1TE98935	0	0	0	1	1
AT1TE99300	1242.99268703092	1065.13234906332	0.224776423671029	0.377781422694353	1
AT1TE99340	0	0	0	1	1
AT1TE99345	297.815489297262	0	5.78942672786673	0.0451965652312162	1
AT1TE99370	177.484164842179	202.07594731047	-0.182121103482533	1	1
AT1TE99450	0	0	0	1	1
AT2TE00010	0	0	0	1	1
AT2TE00015	0	0	0	1	1
AT2TE00020	0	0	0	1	1
AT2TE00025	0	0	0	1	1
AT2TE00030	0	0	0	1	1
AT2TE00035	0	0	0	1	1
AT2TE00040	0	0	0	1	1
AT2TE00045	0	0	0	1	1
AT2TE00070	0	0	0	1	1
AT2TE00075	0	0	0	1	1
AT2TE00080	0	0	0	1	1
AT2TE00085	0	0	0	1	1
AT2TE00090	0	0	0	1	1
AT2TE00095	12.1433127560545	23.3229860255448	-0.929834619419629	0.135422768053155	1
AT2TE00100	0	0	0	1	1
AT2TE00110	0	0	0	1	1
AT2TE00115	0	0	0	1	1
AT2TE00120	0	0	0	1	1
AT2TE00130	0	0	0	1	1
AT2TE00135	0	0	0	1	1
AT2TE00140	0	0	0	1	1
AT2TE00145	0	0	0	1	1
AT2TE00150	0	0	0	1	1
AT2TE00155	0	0	0	1	1
AT2TE00350	0	0	0	1	1
AT2TE00355	0	0	0	1	1
AT2TE00360	0	0	0	1	1
AT2TE00420	0	0	0	1	1
AT2TE00425	0	0	0	1	1
AT2TE00430	0	0	0	1	1
AT2TE00435	0	0	0	1	1
AT2TE00440	0	0	0	1	1
AT2TE00445	0	0	0	1	1
AT2TE00450	0	0	0	1	1
AT2TE00480	0	0	0	1	1
AT2TE00500	334.362863008065	133.221534003686	1.2767531361959	0.276116824953324	1
AT2TE00505	74.162940450071	0	2.29434778044301	1	1
AT2TE00530	65.1689433692191	27.4676431064251	1.15766291245762	0.458610616534516	1
AT2TE00535	0	0	0	1	1
AT2TE00540	0	0	0	1	1
AT2TE00660	0	0	0	1	1
AT2TE00670	0	0	0	1	1
AT2TE00710	0	0	0	1	1
AT2TE00730	0	0	0	1	1
AT2TE00735	0	0	0	1	1
AT2TE00790	0	0	0	1	1
AT2TE00795	0	0	0	1	1
AT2TE00850	0	0	0	1	1
AT2TE00900	0	0	0	1	1
AT2TE00960	0	0	0	1	1
AT2TE00965	11.6366074101617	35.2753269620273	-1.43723586956387	0.628705862293356	1
AT2TE00970	0	66.9523800719112	-3.2015906604753	0.501869468411981	1
AT2TE00975	433.048032906732	480.622037481062	-0.0683234771326305	1	1
AT2TE00980	0	0	0	1	1
AT2TE00985	5.58577500667504	11.1182367496771	-0.906101839141544	0.999999999999999	1
AT2TE00990	0	0	0	1	1
AT2TE00995	151.202120741855	76.1012229698395	0.854211290057353	0.691423153766743	1
AT2TE01000	132.029296492999	127.249145207417	0.0563170721582621	0.878273076986717	1
AT2TE01010	0	0	0	1	1
AT2TE01015	0	0	0	1	1
AT2TE01020	0	0	0	1	1
AT2TE01025	80.993737596788	0	2.29434778044949	0.999999999999996	1
AT2TE01030	0	0	0	1	1
AT2TE01035	609.595952881747	611.693132268985	-0.00912695489234682	1	1
AT2TE01060	23.3754078127439	0	3.66879443911062	0.253806927317993	1
AT2TE01065	0	0	0	1	1
AT2TE01075	0	0	0	1	1
AT2TE01080	83.654781578827	134.594951880013	-0.624424315843047	0.758558613615914	1
AT2TE01085	0	0	0	1	1
AT2TE01120	0	0	0	1	1
AT2TE01125	0	0	0	1	1
AT2TE01130	0	0	0	1	1
AT2TE01150	0	0	0	1	1
AT2TE01155	0	0	0	1	1
AT2TE01165	0	0	0	1	1
AT2TE01170	0	0	0	1	1
AT2TE01175	0	0	0	1	1
AT2TE01180	0	0	0	1	1
AT2TE01185	0	0	0	1	1
AT2TE01195	84.6336526793722	87.8750251059214	-0.0644659700621412	1	1
AT2TE01200	41.8115342116845	0	2.29417294446158	1	1
AT2TE01205	0	0	0	1	1
AT2TE01210	0	0	0	1	1
AT2TE01215	0	0	0	1	1
AT2TE01220	0	0	0	1	1
AT2TE01225	0	0	0	1	1
AT2TE01230	0	0	0	1	1
AT2TE01260	0	0	0	1	1
AT2TE01265	0	0	0	1	1
AT2TE01270	0	0	0	1	1
AT2TE01275	0	0	0	1	1
AT2TE01310	0	0	0	1	1
AT2TE01315	0	0	0	1	1
AT2TE01350	0	0	0	1	1
AT2TE01410	0	0	0	1	1
AT2TE01420	0	0	0	1	1
AT2TE01450	0	0	0	1	1
AT2TE01460	28.2175439215939	0	3.13915052748325	0.501872317893659	1
AT2TE01465	0	0	0	1	1
AT2TE01480	0	0	0	1	1
AT2TE01500	0	0	0	1	1
AT2TE01530	0	0	0	1	1
AT2TE01535	0	0	0	1	1
AT2TE01540	0	0	0	1	1
AT2TE01550	0	0	0	1	1
AT2TE01555	0	0	0	1	1
AT2TE01560	0	0	0	1	1
AT2TE01570	0	0	0	1	1
AT2TE01590	8.26244839913542	0	2.29434778045597	1	1
AT2TE01595	1467.42160345484	1632.29895051997	-0.146669063750051	0.999999999999999	1
AT2TE01620	0	0	0	1	1
AT2TE01630	106.666164337752	70.6844917160375	0.589589633056117	0.0784665848728911	1
AT2TE01635	622.268799679531	664.554457178923	-0.0743840130966692	1	1
AT2TE01640	4591.10885393497	5355.35250831586	-0.211769025484194	0.691966594334627	1
AT2TE01650	0	0	0	1	1
AT2TE01655	0	0	0	1	1
AT2TE01660	0	0	0	1	1
AT2TE01665	0	0	0	1	1
AT2TE01670	0	0	0	1	1
AT2TE01675	0	0	0	1	1
AT2TE01680	0	0	0	1	1
AT2TE01730	17.7790981252031	37.6975277824251	-0.9074120975075	0.999999999999996	1
AT2TE01760	0	0	0	1	1
AT2TE01765	0	0	0	1	1
AT2TE01770	0	0	0	1	1
AT2TE01790	0	0	0	1	1
AT2TE01850	0	0	0	1	1
AT2TE01870	0	0	0	1	1
AT2TE01890	0	0	0	1	1
AT2TE01895	0	0	0	1	1
AT2TE01900	0	0	0	1	1
AT2TE01905	0	0	0	1	1
AT2TE01910	0	0	0	1	1
AT2TE01970	181.84145028809	153.078675635426	0.228362895629707	0.737136337636113	1
AT2TE02080	0	0	0	1	1
AT2TE02150	0	0	0	1	1
AT2TE02155	0	0	0	1	1
AT2TE02160	1.50103304300427	0	2.29417294444977	0.999999999999996	1
AT2TE02190	0	0	0	1	1
AT2TE02195	0	0	0	1	1
AT2TE02200	0	0	0	1	1
AT2TE02205	0	0	0	1	1
AT2TE02210	0	0	0	1	1
AT2TE02215	0	0	0	1	1
AT2TE02220	0	0	0	1	1
AT2TE02225	0	0	0	1	1
AT2TE02280	0	0	0	1	1
AT2TE02290	0	0	0	1	1
AT2TE02295	0	0	0	1	1
AT2TE02330	0	0	0	1	1
AT2TE02335	0	0	0	1	1
AT2TE02340	0	0	0	1	1
AT2TE02345	0	0	0	1	1
AT2TE02350	0	0	0	1	1
AT2TE02355	0	0	0	1	1
AT2TE02360	0	0	0	1	1
AT2TE02390	11516.7797984545	11524.3532547721	-0.00246414159619135	1	1
AT2TE02420	0	0	0	1	1
AT2TE02425	0	0	0	1	1
AT2TE02430	0	0	0	1	1
AT2TE02460	0	0	0	1	1
AT2TE02465	0	0	0	1	1
AT2TE02470	0	0	0	1	1
AT2TE02475	0	0	0	1	1
AT2TE02500	166.661560091773	103.721341108629	0.626372003894071	0.730183840922293	1
AT2TE02530	0	0	0	1	1
AT2TE02540	0	0	0	1	1
AT2TE02545	0	0	0	1	1
AT2TE02550	0	0	0	1	1
AT2TE02555	0	0	0	1	1
AT2TE02590	0	0	0	1	1
AT2TE02595	0	0	0	1	1
AT2TE02600	0	0	0	1	1
AT2TE02650	0	0	0	1	1
AT2TE02655	0	0	0	1	1
AT2TE02660	0	0	0	1	1
AT2TE02665	0	0	0	1	1
AT2TE02680	0	0	0	1	1
AT2TE02710	0	0	0	1	1
AT2TE02715	0	0	0	1	1
AT2TE02720	0	0	0	1	1
AT2TE02725	0	0	0	1	1
AT2TE02730	0	0	0	1	1
AT2TE02735	0	0	0	1	1
AT2TE02740	0	0	0	1	1
AT2TE02745	0	0	0	1	1
AT2TE02750	0	0	0	1	1
AT2TE02800	360.87336075561	313.241357419961	0.231691702754566	1	1
AT2TE02805	0	0	0	1	1
AT2TE02810	0	0	0	1	1
AT2TE02815	0	0	0	1	1
AT2TE02820	0	0	0	1	1
AT2TE02825	0	0	0	1	1
AT2TE02830	0	0	0	1	1
AT2TE02850	1432.54530755792	1347.93891672231	0.109951823650358	1	1
AT2TE02855	0	132.321388503661	-3.73383313131773	0.252838796341424	1
AT2TE02860	0	0	0	1	1
AT2TE02865	0	0	0	1	1
AT2TE02875	80.9152087288089	0	3.13915052749443	0.501872335119223	1
AT2TE02880	129.65155304074	472.939894834652	-1.75742360480517	0.173988197416581	1
AT2TE02910	0	0	0	1	1
AT2TE02920	0	0	0	1	1
AT2TE02925	0	0	0	1	1
AT2TE02930	0	0	0	1	1
AT2TE02950	0	0	0	1	1
AT2TE02955	0	0	0	1	1
AT2TE03040	0	0	0	1	1
AT2TE03050	0	0	0	1	1
AT2TE03055	0	0	0	1	1
AT2TE03060	0	0	0	1	1
AT2TE03065	0	0	0	1	1
AT2TE03075	0	0	0	1	1
AT2TE03080	0	0	0	1	1
AT2TE03085	0	0	0	1	1
AT2TE03090	0	0	0	1	1
AT2TE03095	0	0	0	1	1
AT2TE03100	0	0	0	1	1
AT2TE03105	0	0	0	1	1
AT2TE03110	0	0	0	1	1
AT2TE03120	0	0	0	1	1
AT2TE03125	0	0	0	1	1
AT2TE03130	0	0	0	1	1
AT2TE03135	0	0	0	1	1
AT2TE03140	0	0	0	1	1
AT2TE03145	0	0	0	1	1
AT2TE03160	0	0	0	1	1
AT2TE03165	0	0	0	1	1
AT2TE03170	0	0	0	1	1
AT2TE03200	0	0	0	1	1
AT2TE03205	0	0	0	1	1
AT2TE03210	0	0	0	1	1
AT2TE03215	0	0	0	1	1
AT2TE03220	0	0	0	1	1
AT2TE03240	0	0	0	1	1
AT2TE03245	0	0	0	1	1
AT2TE03250	0	0	0	1	1
AT2TE03270	0	0	0	1	1
AT2TE03275	0	0	0	1	1
AT2TE03285	0	0	0	1	1
AT2TE03290	0	0	0	1	1
AT2TE03295	0	0	0	1	1
AT2TE03300	0	0	0	1	1
AT2TE03330	703.110345336323	1035.18592688229	-0.456168591888549	1	1
AT2TE03335	0	0	0	1	1
AT2TE03340	0	0	0	1	1
AT2TE03370	0	0	0	1	1
AT2TE03375	0	0	0	1	1
AT2TE03450	27.3578846993595	0	2.29434778046245	0.999999999999996	1
AT2TE03455	0	0	0	1	1
AT2TE03460	0	0	0	1	1
AT2TE03465	0	0	0	1	1
AT2TE03470	0	0	0	1	1
AT2TE03480	0	0	0	1	1
AT2TE03485	0	0	0	1	1
AT2TE03490	0	0	0	1	1
AT2TE03495	0	0	0	1	1
AT2TE03500	0	0	0	1	1
AT2TE03505	0	0	0	1	1
AT2TE03520	0	0	0	1	1
AT2TE03560	0	0	0	1	1
AT2TE03565	0	0	0	1	1
AT2TE03575	0	0	0	1	1
AT2TE03580	0	0	0	1	1
AT2TE03610	0	0	0	1	1
AT2TE03620	0	0	0	1	1
AT2TE03625	0	0	0	1	1
AT2TE03630	0	0	0	1	1
AT2TE03635	0	0	0	1	1
AT2TE03640	0	0	0	1	1
AT2TE03645	0	0	0	1	1
AT2TE03650	0	0	0	1	1
AT2TE03720	0	0	0	1	1
AT2TE03750	0	0	0	1	1
AT2TE03810	0	0	0	1	1
AT2TE03815	0	0	0	1	1
AT2TE03870	0	0	0	1	1
AT2TE03875	0	0	0	1	1
AT2TE03880	0	0	0	1	1
AT2TE03910	0	0	0	1	1
AT2TE03915	0	0	0	1	1
AT2TE03920	0	0	0	1	1
AT2TE03950	0	0	0	1	1
AT2TE03955	0	0	0	1	1
AT2TE03960	0	0	0	1	1
AT2TE03965	0	0	0	1	1
AT2TE03970	0	0	0	1	1
AT2TE03975	0	0	0	1	1
AT2TE04000	0	0	0	1	1
AT2TE04005	0	0	0	1	1
AT2TE04010	0	0	0	1	1
AT2TE04015	0	0	0	1	1
AT2TE04020	0	0	0	1	1
AT2TE04025	0	0	0	1	1
AT2TE04030	0	0	0	1	1
AT2TE04060	0	0	0	1	1
AT2TE04065	0	0	0	1	1
AT2TE04080	0	0	0	1	1
AT2TE04085	0	0	0	1	1
AT2TE04090	6.4726856544226	0	2.29434778046893	1	1
AT2TE04095	0	0	0	1	1
AT2TE04110	0	0	0	1	1
AT2TE04115	0	0	0	1	1
AT2TE04125	0	0	0	1	1
AT2TE04130	0	0	0	1	1
AT2TE04135	0	0	0	1	1
AT2TE04140	0	0	0	1	1
AT2TE04145	0	0	0	1	1
AT2TE04150	0	0	0	1	1
AT2TE04155	0	0	0	1	1
AT2TE04160	0	0	0	1	1
AT2TE04300	0	0	0	1	1
AT2TE04305	0	0	0	1	1
AT2TE04310	0	0	0	1	1
AT2TE04320	6169.06733318192	6064.65531809626	0.0319795524163109	0.952929123101963	1
AT2TE04340	0	0	0	1	1
AT2TE04370	0	0	0	1	1
AT2TE04375	0	0	0	1	1
AT2TE04380	0	0	0	1	1
AT2TE04385	0	7.02370409680049	-2.35098262481846	1	1
AT2TE04430	0	0	0	1	1
AT2TE04440	0	0	0	1	1
AT2TE04470	0	0	0	1	1
AT2TE04475	0	0	0	1	1
AT2TE04485	0	0	0	1	1
AT2TE04495	0	0	0	1	1
AT2TE04500	0	0	0	1	1
AT2TE04505	0	0	0	1	1
AT2TE04515	0	0	0	1	1
AT2TE04520	0	0	0	1	1
AT2TE04525	0	0	0	1	1
AT2TE04540	0	0	0	1	1
AT2TE04545	0	0	0	1	1
AT2TE04555	0	0	0	1	1
AT2TE04570	69.0293588590404	0	3.13915052750562	0.50187235234516	1
AT2TE04575	9.45549010346527	9.41036628121671	-0.0555552242891825	1	1
AT2TE04580	0	0	0	1	1
AT2TE04610	0	0	0	1	1
AT2TE04615	0	0	0	1	1
AT2TE04630	0	0	0	1	1
AT2TE04635	2003.50455073606	2451.87517101639	-0.287332682758944	0.270683065676847	1
AT2TE04670	9.96039491481536	0	2.29434778047541	1	1
AT2TE04675	0	0	0	1	1
AT2TE04680	0	0	0	1	1
AT2TE04730	0	0	0	1	1
AT2TE04760	0	0	0	1	1
AT2TE04800	108.901695368063	51.9535191033311	1.08153522030061	0.176192549287955	1
AT2TE04805	0	0	0	1	1
AT2TE04810	0	0	0	1	1
AT2TE04815	0	0	0	1	1
AT2TE04820	0	0	0	1	1
AT2TE04825	0	0	0	1	1
AT2TE04830	0	0	0	1	1
AT2TE04835	0	0	0	1	1
AT2TE04840	0	0	0	1	1
AT2TE04845	0	0	0	1	1
AT2TE04855	0	0	0	1	1
AT2TE04860	0	0	0	1	1
AT2TE04865	0	0	0	1	1
AT2TE04870	0	0	0	1	1
AT2TE04875	0	0	0	1	1
AT2TE04880	0	0	0	1	1
AT2TE04885	0	0	0	1	1
AT2TE04890	0	0	0	1	1
AT2TE04895	0	0	0	1	1
AT2TE04900	0	0	0	1	1
AT2TE04905	0	0	0	1	1
AT2TE04910	0	0	0	1	1
AT2TE04915	0	0	0	1	1
AT2TE04920	0	0	0	1	1
AT2TE05000	0	0	0	1	1
AT2TE05005	0	0	0	1	1
AT2TE05010	0	0	0	1	1
AT2TE05015	0	0	0	1	1
AT2TE05020	0	0	0	1	1
AT2TE05025	0	0	0	1	1
AT2TE05030	0	0	0	1	1
AT2TE05080	0	0	0	1	1
AT2TE05085	0	0	0	1	1
AT2TE05090	0	0	0	1	1
AT2TE05095	0	0	0	1	1
AT2TE05100	0	0	0	1	1
AT2TE05140	0	0	0	1	1
AT2TE05160	447.384635199646	627.066193844242	-0.473914525643531	0.672210958826309	1
AT2TE05165	0	0	0	1	1
AT2TE05170	0	0	0	1	1
AT2TE05200	0	0	0	1	1
AT2TE05230	0	0	0	1	1
AT2TE05235	8.27355384053211	8.23407049606462	-0.0555552241049675	1	1
AT2TE05245	0	0	0	1	1
AT2TE05290	0	0	0	1	1
AT2TE05300	0	0	0	1	1
AT2TE05305	0	0	0	1	1
AT2TE05315	0	0	0	1	1
AT2TE05320	0	0	0	1	1
AT2TE05340	0	0	0	1	1
AT2TE05345	0	0	0	1	1
AT2TE05350	0	0	0	1	1
AT2TE05380	0	0	0	1	1
AT2TE05390	0	0	0	1	1
AT2TE05395	0	0	0	1	1
AT2TE05410	0	2.90908280360349	-3.20276780684233	0.502193150835921	1
AT2TE05415	0	0	0	1	1
AT2TE05420	0	0	0	1	1
AT2TE05425	0	0	0	1	1
AT2TE05430	0	0	0	1	1
AT2TE05435	0	0	0	1	1
AT2TE05440	0	0	0	1	1
AT2TE05445	0	0	0	1	1
AT2TE05450	0	0	0	1	1
AT2TE05455	0	0	0	1	1
AT2TE05460	0	0	0	1	1
AT2TE05465	0	0	0	1	1
AT2TE05470	0	0	0	1	1
AT2TE05475	0	0	0	1	1
AT2TE05480	0	0	0	1	1
AT2TE05485	0	0	0	1	1
AT2TE05490	0	0	0	1	1
AT2TE05500	0	0	0	1	1
AT2TE05510	0	0	0	1	1
AT2TE05515	0	0	0	1	1
AT2TE05520	0	0	0	1	1
AT2TE05525	0	0	0	1	1
AT2TE05530	0	0	0	1	1
AT2TE05535	0	0	0	1	1
AT2TE05540	0	0	0	1	1
AT2TE05545	0	0	0	1	1
AT2TE05550	0	0	0	1	1
AT2TE05555	0	0	0	1	1
AT2TE05560	0	0	0	1	1
AT2TE05565	0	0	0	1	1
AT2TE05590	0	0	0	1	1
AT2TE05595	0	0	0	1	1
AT2TE05600	0	0	0	1	1
AT2TE05605	0	0	0	1	1
AT2TE05610	0	0	0	1	1
AT2TE05615	0	0	0	1	1
AT2TE05620	0	0	0	1	1
AT2TE05625	0	0	0	1	1
AT2TE05630	0	0	0	1	1
AT2TE05640	0	0	0	1	1
AT2TE05645	0	0	0	1	1
AT2TE05650	0	0	0	1	1
AT2TE05655	0	0	0	1	1
AT2TE05660	0	0	0	1	1
AT2TE05665	0	0	0	1	1
AT2TE05670	0	0	0	1	1
AT2TE05675	0	0	0	1	1
AT2TE05685	0	0	0	1	1
AT2TE05690	0	0	0	1	1
AT2TE05695	0	0	0	1	1
AT2TE05700	0	0	0	1	1
AT2TE05705	0	0	0	1	1
AT2TE05710	0	0	0	1	1
AT2TE05715	0	0	0	1	1
AT2TE05720	0	0	0	1	1
AT2TE05725	0	0	0	1	1
AT2TE05735	0	0	0	1	1
AT2TE05740	0	0	0	1	1
AT2TE05745	0	0	0	1	1
AT2TE05750	0	0	0	1	1
AT2TE05755	0	0	0	1	1
AT2TE05760	0	0	0	1	1
AT2TE05765	0	0	0	1	1
AT2TE05770	0	0	0	1	1
AT2TE05780	0	0	0	1	1
AT2TE05785	0	0	0	1	1
AT2TE05795	0	0	0	1	1
AT2TE05800	0	0	0	1	1
AT2TE05820	20.3467052756872	32.6120990816683	-0.624153597546425	0.75811883485926	1
AT2TE05825	0	0	0	1	1
AT2TE05830	0	0	0	1	1
AT2TE05835	0	0	0	1	1
AT2TE05845	0	0	0	1	1
AT2TE05850	0	0	0	1	1
AT2TE05855	0	0	0	1	1
AT2TE05860	0	0	0	1	1
AT2TE05865	0	0	0	1	1
AT2TE05875	0	0	0	1	1
AT2TE05880	10.0876413655478	0	2.29417294443795	1	1
AT2TE05885	0	0	0	1	1
AT2TE05890	0	0	0	1	1
AT2TE05895	0	0	0	1	1
AT2TE05900	0	0	0	1	1
AT2TE05905	0	0	0	1	1
AT2TE05910	0	0	0	1	1
AT2TE05915	0	0	0	1	1
AT2TE05920	0	0	0	1	1
AT2TE05925	0	0	0	1	1
AT2TE05930	0	0	0	1	1
AT2TE05935	0	0	0	1	1
AT2TE05940	0	0	0	1	1
AT2TE05945	0	0	0	1	1
AT2TE05950	0	0	0	1	1
AT2TE05955	0	0	0	1	1
AT2TE05960	0	0	0	1	1
AT2TE05965	0	0	0	1	1
AT2TE05970	0	0	0	1	1
AT2TE05975	0	0	0	1	1
AT2TE05980	0	0	0	1	1
AT2TE05985	0	0	0	1	1
AT2TE05990	0	0	0	1	1
AT2TE05995	0	0	0	1	1
AT2TE06000	0	0	0	1	1
AT2TE06005	0	0	0	1	1
AT2TE06010	0	0	0	1	1
AT2TE06020	0	0	0	1	1
AT2TE06025	0	0	0	1	1
AT2TE06030	0	0	0	1	1
AT2TE06035	0	0	0	1	1
AT2TE06040	0	0	0	1	1
AT2TE06045	0	0	0	1	1
AT2TE06050	0	0	0	1	1
AT2TE06055	0	0	0	1	1
AT2TE06090	0	0	0	1	1
AT2TE06095	0	0	0	1	1
AT2TE06100	0	0	0	1	1
AT2TE06105	0	0	0	1	1
AT2TE06110	0	0	0	1	1
AT2TE06130	0	0	0	1	1
AT2TE06135	0	0	0	1	1
AT2TE06140	0	0	0	1	1
AT2TE06145	0	0	0	1	1
AT2TE06150	0	0	0	1	1
AT2TE06155	0	0	0	1	1
AT2TE06160	0	0	0	1	1
AT2TE06165	39.1140158754468	50.3762940661664	-0.369210576801343	0.999999999999997	1
AT2TE06170	0	0	0	1	1
AT2TE06200	0	0	0	1	1
AT2TE06205	0	0	0	1	1
AT2TE06230	38.6651788545891	92.0065449682954	-1.18972612680773	0.276293483636248	1
AT2TE06235	0	0	0	1	1
AT2TE06240	0	0	0	1	1
AT2TE06245	0	0	0	1	1
AT2TE06250	0	0	0	1	1
AT2TE06255	0	0	0	1	1
AT2TE06260	0	0	0	1	1
AT2TE06265	0	0	0	1	1
AT2TE06270	0	0	0	1	1
AT2TE06275	0	0	0	1	1
AT2TE06280	0	0	0	1	1
AT2TE06285	0	0	0	1	1
AT2TE06290	0	0	0	1	1
AT2TE06295	0	0	0	1	1
AT2TE06310	0	0	0	1	1
AT2TE06315	0	0	0	1	1
AT2TE06320	0	0	0	1	1
AT2TE06325	0	0	0	1	1
AT2TE06330	0	8.94328240740449	-2.34990269661522	1	1
AT2TE06335	0	0	0	1	1
AT2TE06345	256.480169056495	255.256185378003	-0.0555552239207526	1	1
AT2TE06350	0	0	0	1	1
AT2TE06355	0	0	0	1	1
AT2TE06360	0	0	0	1	1
AT2TE06365	0	0	0	1	1
AT2TE06370	0	0	0	1	1
AT2TE06375	0	0	0	1	1
AT2TE06380	0	0	0	1	1
AT2TE06385	0	0	0	1	1
AT2TE06390	19.3013264432951	10.0250281750967	0.910089731892687	0.165067690009233	1
AT2TE06395	0	0	0	1	1
AT2TE06400	0	0	0	1	1
AT2TE06405	4.29531695929145	0	3.6683883807976	0.252813047877146	1
AT2TE06420	23.5291298603917	40.4053070129666	-0.756085242563309	0.732472173733167	1
AT2TE06425	30.6195578822942	30.9401436821822	-0.061424003025155	1	1
AT2TE06435	0	0	0	1	1
AT2TE06440	0	0	0	1	1
AT2TE06445	0	0	0	1	1
AT2TE06450	0	0	0	1	1
AT2TE06455	0	0	0	1	1
AT2TE06460	0	0	0	1	1
AT2TE06465	0	0	0	1	1
AT2TE06470	0	0	0	1	1
AT2TE06475	0	0	0	1	1
AT2TE06480	0	0	0	1	1
AT2TE06485	0	0	0	1	1
AT2TE06490	9.02183401889026	0	2.29417294442613	1	1
AT2TE06500	0	0	0	1	1
AT2TE06530	0	0	0	1	1
AT2TE06535	0	0	0	1	1
AT2TE06540	0	0	0	1	1
AT2TE06545	0	0	0	1	1
AT2TE06550	0	0	0	1	1
AT2TE06555	0	0	0	1	1
AT2TE06565	0	0	0	1	1
AT2TE06570	0	0	0	1	1
AT2TE06575	0	0	0	1	1
AT2TE06580	0	0	0	1	1
AT2TE06585	0	0	0	1	1
AT2TE06590	0	0	0	1	1
AT2TE06595	0	0	0	1	1
AT2TE06600	0	0	0	1	1
AT2TE06605	0	0	0	1	1
AT2TE06610	0	0	0	1	1
AT2TE06615	0	0	0	1	1
AT2TE06620	0	0	0	1	1
AT2TE06625	0	0	0	1	1
AT2TE06630	0	0	0	1	1
AT2TE06635	0	0	0	1	1
AT2TE06640	0	0	0	1	1
AT2TE06645	0	0	0	1	1
AT2TE06650	0	0	0	1	1
AT2TE06655	0	0	0	1	1
AT2TE06660	0	0	0	1	1
AT2TE06665	0	0	0	1	1
AT2TE06670	0	0	0	1	1
AT2TE06675	0	0	0	1	1
AT2TE06680	0	0	0	1	1
AT2TE06685	0	0	0	1	1
AT2TE06740	0	0	0	1	1
AT2TE06745	0	0	0	1	1
AT2TE06750	0	0	0	1	1
AT2TE06755	0	0	0	1	1
AT2TE06760	0	0	0	1	1
AT2TE06765	0	0	0	1	1
AT2TE06770	0	0	0	1	1
AT2TE06775	0	0	0	1	1
AT2TE06780	0	0	0	1	1
AT2TE06785	0	0	0	1	1
AT2TE06790	0	0	0	1	1
AT2TE06795	0	0	0	1	1
AT2TE06820	0	0	0	1	1
AT2TE06825	0	0	0	1	1
AT2TE06860	181.04482521635	360.361673474828	-0.906101850855311	1	1
AT2TE06865	0	0	0	1	1
AT2TE06870	0	0	0	1	1
AT2TE06875	0	0	0	1	1
AT2TE06880	0	0	0	1	1
AT2TE06885	0	0	0	1	1
AT2TE06890	0	0	0	1	1
AT2TE06930	0	0	0	1	1
AT2TE06935	0	0	0	1	1
AT2TE06940	0	0	0	1	1
AT2TE06950	0	0	0	1	1
AT2TE06955	0	0	0	1	1
AT2TE06990	0	0	0	1	1
AT2TE06995	0	0	0	1	1
AT2TE07000	0	0	0	1	1
AT2TE07005	0	0	0	1	1
AT2TE07010	0	0	0	1	1
AT2TE07015	0	0	0	1	1
AT2TE07020	0	0	0	1	1
AT2TE07050	0	0	0	1	1
AT2TE07055	0	0	0	1	1
AT2TE07080	0	0	0	1	1
AT2TE07120	0	0	0	1	1
AT2TE07125	0	0	0	1	1
AT2TE07130	0	0	0	1	1
AT2TE07135	0	0	0	1	1
AT2TE07140	0	0	0	1	1
AT2TE07145	87.8933337008872	185.834246348897	-1.07994387044541	0.00552277733638399	1
AT2TE07150	0	0	0	1	1
AT2TE07155	0	0	0	1	1
AT2TE07160	31.3721731471889	8.70466820793645	1.70291494502769	0.383463093437605	1
AT2TE07170	0	0	0	1	1
AT2TE07175	39.1041192996655	44.9460695944087	-0.198445921322169	0.699564646671326	1
AT2TE07180	0	0	0	1	1
AT2TE07190	0	0	0	1	1
AT2TE07195	0	0	0	1	1
AT2TE07200	0	0	0	1	1
AT2TE07210	24.9211500297809	0	2.29434778048189	0.999999999999998	1
AT2TE07220	0	0	0	1	1
AT2TE07225	0	0	0	1	1
AT2TE07230	0	0	0	1	1
AT2TE07240	34.3884025550608	34.2242930115759	-0.0555552237365376	1	1
AT2TE07245	0	0	0	1	1
AT2TE07250	0	0	0	1	1
AT2TE07255	0	0	0	1	1
AT2TE07265	0	0	0	1	1
AT2TE07270	0	0	0	1	1
AT2TE07275	0	0	0	1	1
AT2TE07280	45.2229365484913	49.8428658134013	-0.161314731005503	0.999999999999996	1
AT2TE07285	0	0	0	1	1
AT2TE07295	0	0	0	1	1
AT2TE07300	0	0	0	1	1
AT2TE07330	0	0	0	1	1
AT2TE07335	0	0	0	1	1
AT2TE07345	0	0	0	1	1
AT2TE07350	0	0	0	1	1
AT2TE07355	0	0	0	1	1
AT2TE07360	0	0	0	1	1
AT2TE07365	0	0	0	1	1
AT2TE07370	0	0	0	1	1
AT2TE07375	0	0	0	1	1
AT2TE07380	0	0	0	1	1
AT2TE07385	0	0	0	1	1
AT2TE07390	0	0	0	1	1
AT2TE07395	0	0	0	1	1
AT2TE07405	0	0	0	1	1
AT2TE07410	0	0	0	1	1
AT2TE07415	0	0	0	1	1
AT2TE07420	0	0	0	1	1
AT2TE07425	0	7.76444670351341	-3.20045126747412	0.50215139356153	1
AT2TE07430	0	0	0	1	1
AT2TE07435	0	0	0	1	1
AT2TE07445	1249.70476868817	1087.15173726975	0.196489304795643	0.509088964877772	1
AT2TE07450	0	0	0	1	1
AT2TE07455	0	0	0	1	1
AT2TE07460	0	0	0	1	1
AT2TE07465	0	0	0	1	1
AT2TE07475	0	0	0	1	1
AT2TE07480	0	0	0	1	1
AT2TE07485	0	0	0	1	1
AT2TE07490	0	0	0	1	1
AT2TE07495	0	0	0	1	1
AT2TE07500	0	0	0	1	1
AT2TE07505	0	0	0	1	1
AT2TE07540	0	0	0	1	1
AT2TE07545	0	0	0	1	1
AT2TE07550	0	0	0	1	1
AT2TE07555	0	0	0	1	1
AT2TE07565	0	0	0	1	1
AT2TE07570	0	0	0	1	1
AT2TE07575	0	0	0	1	1
AT2TE07580	0	0	0	1	1
AT2TE07585	0	0	0	1	1
AT2TE07590	0	0	0	1	1
AT2TE07595	0	0	0	1	1
AT2TE07600	0	0	0	1	1
AT2TE07605	16.8876670214325	0	2.29417294441431	0.999999999999997	1
AT2TE07610	0	0	0	1	1
AT2TE07615	0	177.071276966707	-2.35098262462709	1	1
AT2TE07640	2.79288750333752	8.88546528971952	-1.43949077907842	0.627825575930122	1
AT2TE07645	0	0	0	1	1
AT2TE07650	0	0	0	1	1
AT2TE07655	0	0	0	1	1
AT2TE07665	0	0	0	1	1
AT2TE07670	0	0	0	1	1
AT2TE07700	0	0	0	1	1
AT2TE07705	0	0	0	1	1
AT2TE07710	0	0	0	1	1
AT2TE07715	0	0	0	1	1
AT2TE07720	0	0	0	1	1
AT2TE07725	7.40496758669706	4.07800516650598	0.852245805351159	0.691044289497497	1
AT2TE07730	0	0	0	1	1
AT2TE07735	0	0	0	1	1
AT2TE07740	0	0	0	1	1
AT2TE07745	0	2.64171990041918	-2.34990269649552	1	1
AT2TE07750	0	0	0	1	1
AT2TE07755	0	0	0	1	1
AT2TE07760	0	0	0	1	1
AT2TE07765	0	0	0	1	1
AT2TE07770	0	0	0	1	1
AT2TE07775	10.3803103833995	43.3553354934467	-1.82667023884675	0.379412974525882	1
AT2TE07780	0	24.1632649883589	-3.20159066092047	0.501869486425832	1
AT2TE07785	0	0	0	1	1
AT2TE07790	0	0	0	1	1
AT2TE07795	0	0	0	1	1
AT2TE07800	0	0	0	1	1
AT2TE07805	0	0	0	1	1
AT2TE07810	0	0	0	1	1
AT2TE07830	0	0	0	1	1
AT2TE07835	0	0	0	1	1
AT2TE07840	0	0	0	1	1
AT2TE07845	0	0	0	1	1
AT2TE07850	0	0	0	1	1
AT2TE07855	0	0	0	1	1
AT2TE07880	0	0	0	1	1
AT2TE07920	0	0	0	1	1
AT2TE07925	0	0	0	1	1
AT2TE07930	0	0	0	1	1
AT2TE07935	0	0	0	1	1
AT2TE07950	0	0	0	1	1
AT2TE07955	0	0	0	1	1
AT2TE07960	0	0	0	1	1
AT2TE07965	0	0	0	1	1
AT2TE07970	0	0	0	1	1
AT2TE07975	0	0	0	1	1
AT2TE07980	0	0	0	1	1
AT2TE08020	0	0	0	1	1
AT2TE08025	0	0	0	1	1
AT2TE08030	0	0	0	1	1
AT2TE08035	0	0	0	1	1
AT2TE08040	0	0	0	1	1
AT2TE08045	0	0	0	1	1
AT2TE08050	0	0	0	1	1
AT2TE08055	0	0	0	1	1
AT2TE08060	0	0	0	1	1
AT2TE08065	0	0	0	1	1
AT2TE08070	0	0	0	1	1
AT2TE08075	0	0	0	1	1
AT2TE08090	0	0	0	1	1
AT2TE08095	0	0	0	1	1
AT2TE08100	0	0	0	1	1
AT2TE08105	0	0	0	1	1
AT2TE08110	0	0.429757202831633	-2.35098262443572	0.999999999999997	1
AT2TE08115	0	0	0	1	1
AT2TE08120	0	0	0	1	1
AT2TE08125	0	0	0	1	1
AT2TE08130	0	0	0	1	1
AT2TE08135	0.755096831572332	2.36405597495068	-1.43865789916081	0.627776107832592	1
AT2TE08160	26.1464107505136	32.1456915870516	-0.282092365297412	1	1
AT2TE08165	0	0	0	1	1
AT2TE08170	0	0	0	1	1
AT2TE08175	0	0	0	1	1
AT2TE08180	0	0	0	1	1
AT2TE08185	0	0	0	1	1
AT2TE08190	0	0	0	1	1
AT2TE08195	0	0	0	1	1
AT2TE08200	0	0	0	1	1
AT2TE08205	0	0	0	1	1
AT2TE08210	0	0	0	1	1
AT2TE08215	0	0	0	1	1
AT2TE08220	50.0449110354137	0	2.29434778048837	0.999999999999993	1
AT2TE08225	0	0	0	1	1
AT2TE08230	0	0	0	1	1
AT2TE08235	0	0	0	1	1
AT2TE08240	0	0	0	1	1
AT2TE08245	0	0	0	1	1
AT2TE08250	0	0	0	1	1
AT2TE08255	0	0	0	1	1
AT2TE08260	0	0	0	1	1
AT2TE08265	0	0	0	1	1
AT2TE08270	0	0	0	1	1
AT2TE08275	0	0	0	1	1
AT2TE08280	0	0	0	1	1
AT2TE08285	0	0	0	1	1
AT2TE08295	0	0	0	1	1
AT2TE08300	0	0	0	1	1
AT2TE08305	0	0	0	1	1
AT2TE08310	0	0	0	1	1
AT2TE08315	0	0	0	1	1
AT2TE08320	0	0	0	1	1
AT2TE08325	0	0	0	1	1
AT2TE08330	0	0	0	1	1
AT2TE08335	0	0	0	1	1
AT2TE08340	0	0	0	1	1
AT2TE08345	0	0	0	1	1
AT2TE08355	0	0	0	1	1
AT2TE08360	0	0	0	1	1
AT2TE08365	0	0	0	1	1
AT2TE08370	0	0	0	1	1
AT2TE08375	0	0	0	1	1
AT2TE08380	0	0	0	1	1
AT2TE08385	0	0	0	1	1
AT2TE08390	0	0	0	1	1
AT2TE08430	0	0	0	1	1
AT2TE08435	0	0	0	1	1
AT2TE08440	0	0	0	1	1
AT2TE08470	0	0	0	1	1
AT2TE08475	0	0	0	1	1
AT2TE08480	0	0	0	1	1
AT2TE08485	0	0	0	1	1
AT2TE08490	0	0	0	1	1
AT2TE08495	0	0	0	1	1
AT2TE08500	0	0	0	1	1
AT2TE08505	0	0	0	1	1
AT2TE08510	0	0	0	1	1
AT2TE08515	0	0	0	1	1
AT2TE08540	0	0	0	1	1
AT2TE08545	0	0	0	1	1
AT2TE08570	0	0	0	1	1
AT2TE08575	0	0	0	1	1
AT2TE08580	0	0	0	1	1
AT2TE08585	0	0	0	1	1
AT2TE08590	0	0	0	1	1
AT2TE08600	0	0	0	1	1
AT2TE08605	7.31929138805694	8.00084247887619	-0.0566342467264708	1	1
AT2TE08640	0	0	0	1	1
AT2TE08645	0	4.63750828847243	-2.34990269637583	0.999999999999997	1
AT2TE08650	0	0	0	1	1
AT2TE08655	0	0	0	1	1
AT2TE08660	0	0	0	1	1
AT2TE08665	0	0	0	1	1
AT2TE08670	0	0	0	1	1
AT2TE08675	0	0	0	1	1
AT2TE08680	0	0	0	1	1
AT2TE08685	0	0	0	1	1
AT2TE08690	0	0	0	1	1
AT2TE08695	0	0	0	1	1
AT2TE08720	8795.22494772166	9051.84338265818	-0.0441316055098926	0.811497331469162	1
AT2TE08725	0	0	0	1	1
AT2TE08730	0	0	0	1	1
AT2TE08735	0	0	0	1	1
AT2TE08740	0	0	0	1	1
AT2TE08745	0	0	0	1	1
AT2TE08750	0	0	0	1	1
AT2TE08755	0	0	0	1	1
AT2TE08765	0	5.23155290270886	-2.34990269625613	1	1
AT2TE08770	0	0	0	1	1
AT2TE08775	0	0	0	1	1
AT2TE08780	0	0	0	1	1
AT2TE08785	0	0	0	1	1
AT2TE08790	0	0	0	1	1
AT2TE08840	61.6587003321716	70.1291461990627	-0.179428565968642	0.67391469029511	1
AT2TE08845	187.8545406939	141.307869722252	0.409833894562206	0.485160930016473	1
AT2TE08850	0	0	0	1	1
AT2TE08860	0	0	0	1	1
AT2TE08865	0	0	0	1	1
AT2TE08870	0	0	0	1	1
AT2TE08880	0	0	0	1	1
AT2TE08890	0	0	0	1	1
AT2TE08895	0	0	0	1	1
AT2TE08900	0	0	0	1	1
AT2TE08905	0	0	0	1	1
AT2TE08910	0	0	0	1	1
AT2TE08915	0	0	0	1	1
AT2TE08920	0	0	0	1	1
AT2TE08925	0	0	0	1	1
AT2TE08930	0	0	0	1	1
AT2TE08935	0	0	0	1	1
AT2TE08945	0	0	0	1	1
AT2TE08950	0	0	0	1	1
AT2TE08955	0	0	0	1	1
AT2TE08960	0	0	0	1	1
AT2TE08965	0	0	0	1	1
AT2TE08970	0	0	0	1	1
AT2TE08975	0	0	0	1	1
AT2TE08980	0	0	0	1	1
AT2TE09010	0	0	0	1	1
AT2TE09015	0	0	0	1	1
AT2TE09020	8.69424301886425	0	2.29434778049485	0.999999999999999	1
AT2TE09025	0	0	0	1	1
AT2TE09050	0	0	0	1	1
AT2TE09055	0	0	0	1	1
AT2TE09060	0	0	0	1	1
AT2TE09065	0	5.37007863107332	-2.35098262424435	1	1
AT2TE09070	0	0	0	1	1
AT2TE09075	0	0	0	1	1
AT2TE09085	0	0	0	1	1
AT2TE09090	0	0	0	1	1
AT2TE09095	0	0	0	1	1
AT2TE09100	3.8829373361819	5.46085682829522	-0.452607589567648	1	1
AT2TE09105	0	0	0	1	1
AT2TE09110	0	0	0	1	1
AT2TE09115	0	0	0	1	1
AT2TE09130	0	0	0	1	1
AT2TE09135	0	0	0	1	1
AT2TE09140	0	0	0	1	1
AT2TE09160	0	0	0	1	1
AT2TE09165	0	0	0	1	1
AT2TE09170	0	0	0	1	1
AT2TE09175	0	0	0	1	1
AT2TE09180	26.9805001107284	28.7570712166547	-0.0652581429310951	1	1
AT2TE09185	0	0	0	1	1
AT2TE09190	0	0	0	1	1
AT2TE09195	24.3301346140549	53.1913717370346	-0.908407510988699	0.999999999999999	1
AT2TE09205	0	0	0	1	1
AT2TE09210	0	0	0	1	1
AT2TE09215	0	0	0	1	1
AT2TE09220	0	0	0	1	1
AT2TE09225	0	0	0	1	1
AT2TE09230	0	0	0	1	1
AT2TE09235	0	0	0	1	1
AT2TE09240	0	0	0	1	1
AT2TE09245	270.603927762988	495.310704903116	-0.847922149402443	0.389554129224469	1
AT2TE09250	0	10.9787606614195	-2.34990269613644	1	1
AT2TE09255	14.0177397935127	21.9433588703804	-0.593831811845193	1	1
AT2TE09260	0	111.000031712743	-3.73283742028494	0.252788956611039	1
AT2TE09265	0	0	0	1	1
AT2TE09270	0	0	0	1	1
AT2TE09275	0	0	0	1	1
AT2TE09280	0	0	0	1	1
AT2TE09290	0	0	0	1	1
AT2TE09295	0	0	0	1	1
AT2TE09300	0	0	0	1	1
AT2TE09305	0	0	0	1	1
AT2TE09310	0	0	0	1	1
AT2TE09315	0	0	0	1	1
AT2TE09325	0	0	0	1	1
AT2TE09335	0	464.048863774819	-3.20276779037943	0.502193120898272	1
AT2TE09340	0	0	0	1	1
AT2TE09345	0	0	0	1	1
AT2TE09350	0	0	0	1	1
AT2TE09355	0	0	0	1	1
AT2TE09360	0	0	0	1	1
AT2TE09365	0	0	0	1	1
AT2TE09370	0	0	0	1	1
AT2TE09375	0	0	0	1	1
AT2TE09380	0	11.9651336895939	-2.34990269601675	1	1
AT2TE09385	0	0	0	1	1
AT2TE09390	0	0	0	1	1
AT2TE09395	0	0	0	1	1
AT2TE09400	0	0	0	1	1
AT2TE09405	0	0	0	1	1
AT2TE09410	0	0	0	1	1
AT2TE09415	0	0	0	1	1
AT2TE09420	0	0	0	1	1
AT2TE09425	0	0	0	1	1
AT2TE09430	0	0	0	1	1
AT2TE09435	0	0	0	1	1
AT2TE09440	0	0	0	1	1
AT2TE09445	0	0	0	1	1
AT2TE09450	143.15172226409	469.444780795456	-1.44106188842804	0.628919281440231	1
AT2TE09490	0	0	0	1	1
AT2TE09495	0	0	0	1	1
AT2TE09500	0	0	0	1	1
AT2TE09505	0	0	0	1	1
AT2TE09510	0	0	0	1	1
AT2TE09520	8145.46434536676	7766.47507989864	0.0784744959754442	0.870882732060228	1
AT2TE09525	0	0	0	1	1
AT2TE09530	0	0	0	1	1
AT2TE09535	0	0	0	1	1
AT2TE09540	0	8.07134183013449	-2.34990269589706	0.999999999999992	1
AT2TE09545	0	0	0	1	1
AT2TE09550	0	0	0	1	1
AT2TE09555	0	14.620879353394	-2.34990269577736	0.999999999999995	1
AT2TE09565	20.9883685175022	7.72526811106185	1.4077552877935	0.296916124784595	1
AT2TE09570	5.09183017415531	14.7325162504349	-1.41541858142541	0.248169319959311	1
AT2TE09575	0	0	0	1	1
AT2TE09585	0	0	0	1	1
AT2TE09600	16.9573665491898	0	2.29434778050133	1	1
AT2TE09605	0	0	0	1	1
AT2TE09610	0	0	0	1	1
AT2TE09615	0	0	0	1	1
AT2TE09620	0	0	0	1	1
AT2TE09625	0	0	0	1	1
AT2TE09635	0	0	0	1	1
AT2TE09640	0	0	0	1	1
AT2TE09645	0	0	0	1	1
AT2TE09650	0	0	0	1	1
AT2TE09655	0	0	0	1	1
AT2TE09660	0	0	0	1	1
AT2TE09665	0	0	0	1	1
AT2TE09670	0	0	0	1	1
AT2TE09675	0	0	0	1	1
AT2TE09680	0	0	0	1	1
AT2TE09685	0	0	0	1	1
AT2TE09690	0	0	0	1	1
AT2TE09695	0	0	0	1	1
AT2TE09700	0	0	0	1	1
AT2TE09705	0	0	0	1	1
AT2TE09710	0	0	0	1	1
AT2TE09715	0	0	0	1	1
AT2TE09720	0	0	0	1	1
AT2TE09725	0	0	0	1	1
AT2TE09730	0	0	0	1	1
AT2TE09735	0	0	0	1	1
AT2TE09740	0	0	0	1	1
AT2TE09745	0	0	0	1	1
AT2TE09750	0	0	0	1	1
AT2TE09755	0	0	0	1	1
AT2TE09760	0	0	0	1	1
AT2TE09765	0	0	0	1	1
AT2TE09770	0	0	0	1	1
AT2TE09775	0	0	0	1	1
AT2TE09780	0	0	0	1	1
AT2TE09785	0	0	0	1	1
AT2TE09790	0	0	0	1	1
AT2TE09795	0	0	0	1	1
AT2TE09800	0	0	0	1	1
AT2TE09805	0	0	0	1	1
AT2TE09840	0	0	0	1	1
AT2TE09845	0	0	0	1	1
AT2TE09850	0	0	0	1	1
AT2TE09855	0	0	0	1	1
AT2TE09860	0	0	0	1	1
AT2TE09865	0	0	0	1	1
AT2TE09875	0	0	0	1	1
AT2TE09880	0	0	0	1	1
AT2TE09885	0	0	0	1	1
AT2TE09890	0	0	0	1	1
AT2TE09895	0	0	0	1	1
AT2TE09900	0	0	0	1	1
AT2TE09905	0	0	0	1	1
AT2TE09910	0	0	0	1	1
AT2TE09915	0	0	0	1	1
AT2TE09920	0	0	0	1	1
AT2TE09925	0	0	0	1	1
AT2TE09930	0	0	0	1	1
AT2TE09935	0	0	0	1	1
AT2TE09940	0	0	0	1	1
AT2TE09945	0	0	0	1	1
AT2TE09950	0	0	0	1	1
AT2TE09955	0	0	0	1	1
AT2TE09960	0	0	0	1	1
AT2TE09990	50.3823196179578	52.5789623902466	-0.0645703169751845	1	1
AT2TE09995	0	0	0	1	1
AT2TE10000	0	0	0	1	1
AT2TE10005	0	0	0	1	1
AT2TE10010	0	0	0	1	1
AT2TE10015	0	0	0	1	1
AT2TE10020	0	0	0	1	1
AT2TE10025	0	0	0	1	1
AT2TE10030	0	0	0	1	1
AT2TE10035	0	0	0	1	1
AT2TE10040	57.1950232140967	248.229000219591	-1.8279263699749	0.380092584754686	1
AT2TE10070	0	0	0	1	1
AT2TE10075	0	0	0	1	1
AT2TE10085	0	0	0	1	1
AT2TE10090	0	0	0	1	1
AT2TE10095	0	0	0	1	1
AT2TE10100	0	0	0	1	1
AT2TE10105	0	0	0	1	1
AT2TE10110	0	0	0	1	1
AT2TE10115	0	0	0	1	1
AT2TE10120	0	0	0	1	1
AT2TE10125	0	0	0	1	1
AT2TE10130	0	0	0	1	1
AT2TE10135	0	0	0	1	1
AT2TE10160	0	0	0	1	1
AT2TE10165	0	0	0	1	1
AT2TE10170	0	0	0	1	1
AT2TE10190	0	0	0	1	1
AT2TE10195	0	0	0	1	1
AT2TE10200	0	0	0	1	1
AT2TE10205	0	0	0	1	1
AT2TE10210	0	0	0	1	1
AT2TE10215	239.894813034346	206.504671010365	0.221716195754934	0.761940960828553	1
AT2TE10225	53.6519686787102	54.2137030891334	-0.0557300352577553	1	1
AT2TE10230	0	11.742946814546	-2.35098262405298	0.999999999999992	1
AT2TE10235	0	0	0	1	1
AT2TE10240	0	0	0	1	1
AT2TE10245	0	0	0	1	1
AT2TE10250	0	0	0	1	1
AT2TE10255	0	0	0	1	1
AT2TE10260	0	0	0	1	1
AT2TE10265	0	0	0	1	1
AT2TE10270	0	0	0	1	1
AT2TE10275	0	0	0	1	1
AT2TE10280	0	0	0	1	1
AT2TE10285	0	0	0	1	1
AT2TE10290	0	0	0	1	1
AT2TE10295	0	0	0	1	1
AT2TE10300	0	0	0	1	1
AT2TE10305	0	0	0	1	1
AT2TE10310	0	0	0	1	1
AT2TE10315	0	0	0	1	1
AT2TE10320	0	0	0	1	1
AT2TE10330	0	0	0	1	1
AT2TE10335	0	0	0	1	1
AT2TE10340	0	0	0	1	1
AT2TE10345	0	0	0	1	1
AT2TE10355	0	0	0	1	1
AT2TE10360	0	0	0	1	1
AT2TE10365	0	0	0	1	1
AT2TE10375	0	0	0	1	1
AT2TE10380	0	0	0	1	1
AT2TE10385	0	0	0	1	1
AT2TE10390	0	0	0	1	1
AT2TE10395	0	0	0	1	1
AT2TE10405	0	0	0	1	1
AT2TE10410	0	0	0	1	1
AT2TE10415	0	0	0	1	1
AT2TE10420	0	0	0	1	1
AT2TE10425	0	0	0	1	1
AT2TE10430	0	0	0	1	1
AT2TE10440	75.9941241648875	79.350968974117	-0.0622704859397073	1	1
AT2TE10445	30.5485064881186	0	3.13933731436943	0.502159619707858	1
AT2TE10450	0	0	0	1	1
AT2TE10455	17.272571113089	12.7800731713863	0.465017016320718	0.999999999999999	1
AT2TE10490	0	0	0	1	1
AT2TE10495	0	0	0	1	1
AT2TE10500	0	0	0	1	1
AT2TE10505	0	0	0	1	1
AT2TE10510	0	0	0	1	1
AT2TE10515	0	0	0	1	1
AT2TE10520	0	0	0	1	1
AT2TE10525	0	0	0	1	1
AT2TE10530	0	0	0	1	1
AT2TE10535	0	0	0	1	1
AT2TE10545	0	99.4089619215321	-3.73383313604715	0.25283882028789	1
AT2TE10550	0	0	0	1	1
AT2TE10555	12.9927995584537	4.78230883065734	1.31744123041818	0.627810525432599	1
AT2TE10570	0	0	0	1	1
AT2TE10575	0	0	0	1	1
AT2TE10580	0	0	0	1	1
AT2TE10585	0	0	0	1	1
AT2TE10590	0	0	0	1	1
AT2TE10595	0	0	0	1	1
AT2TE10600	0	0	0	1	1
AT2TE10605	0	0	0	1	1
AT2TE10610	0	0	0	1	1
AT2TE10615	0	0	0	1	1
AT2TE10620	0	0	0	1	1
AT2TE10625	0	0	0	1	1
AT2TE10630	0	0	0	1	1
AT2TE10635	0	0	0	1	1
AT2TE10640	0	0	0	1	1
AT2TE10645	0	0	0	1	1
AT2TE10650	0	0	0	1	1
AT2TE10655	0	0	0	1	1
AT2TE10660	0	0	0	1	1
AT2TE10665	0	0	0	1	1
AT2TE10670	0	0	0	1	1
AT2TE10675	0	0	0	1	1
AT2TE10680	0	0	0	1	1
AT2TE10685	0	0	0	1	1
AT2TE10690	0	0	0	1	1
AT2TE10695	0	0	0	1	1
AT2TE10700	0	0	0	1	1
AT2TE10705	0	0	0	1	1
AT2TE10710	0	0	0	1	1
AT2TE10715	0	0	0	1	1
AT2TE10730	0	0	0	1	1
AT2TE10735	0	0	0	1	1
AT2TE10740	0	0	0	1	1
AT2TE10750	0	0	0	1	1
AT2TE10755	13.3815740377302	0	2.29434778050781	1	1
AT2TE10765	0	0	0	1	1
AT2TE10775	760.735669982458	401.714280431467	0.853108402946158	0.690967660240841	1
AT2TE10780	0	0	0	1	1
AT2TE10785	0	0	0	1	1
AT2TE10790	0	0	0	1	1
AT2TE10795	0	0	0	1	1
AT2TE10800	0	0	0	1	1
AT2TE10805	0	0	0	1	1
AT2TE10810	0	0	0	1	1
AT2TE10815	0	0	0	1	1
AT2TE10820	0	0	0	1	1
AT2TE10825	0	0	0	1	1
AT2TE10830	0	0	0	1	1
AT2TE10835	0	0	0	1	1
AT2TE10860	0	0	0	1	1
AT2TE10865	0	0	0	1	1
AT2TE10870	0	0	0	1	1
AT2TE10875	0	0	0	1	1
AT2TE10880	0	0	0	1	1
AT2TE10885	206.974383432617	107.040257705712	0.932406059801624	0.344208231839549	1
AT2TE10890	0	0	0	1	1
AT2TE10900	0	0	0	1	1
AT2TE10905	0	0	0	1	1
AT2TE10910	0	0	0	1	1
AT2TE10915	0	0	0	1	1
AT2TE10920	0	0	0	1	1
AT2TE10925	0	0	0	1	1
AT2TE10930	0	0	0	1	1
AT2TE10935	0	0	0	1	1
AT2TE10940	0	0	0	1	1
AT2TE10945	0	0	0	1	1
AT2TE10950	0	0	0	1	1
AT2TE10955	0	0	0	1	1
AT2TE10960	0	0	0	1	1
AT2TE10965	0	0	0	1	1
AT2TE10970	0	0	0	1	1
AT2TE10975	0	0	0	1	1
AT2TE10980	0	0	0	1	1
AT2TE10985	0	0	0	1	1
AT2TE11010	0	0	0	1	1
AT2TE11015	0	0	0	1	1
AT2TE11025	0	0	0	1	1
AT2TE11030	0	0	0	1	1
AT2TE11035	0	0	0	1	1
AT2TE11040	0	0	0	1	1
AT2TE11045	0	0	0	1	1
AT2TE11050	0	0	0	1	1
AT2TE11055	0	0	0	1	1
AT2TE11065	0	0	0	1	1
AT2TE11070	738.105407094937	516.860488335785	0.536740330610798	0.519271481206078	1
AT2TE11075	24.9211500297809	34.6959702396949	-0.4522826725675	1	1
AT2TE11110	0	0	0	1	1
AT2TE11115	0	0	0	1	1
AT2TE11120	0	0	0	1	1
AT2TE11125	0	0	0	1	1
AT2TE11130	0	0	0	1	1
AT2TE11135	0	0	0	1	1
AT2TE11140	0	0	0	1	1
AT2TE11145	0.94214024253213	0	2.29417294440249	1	1
AT2TE11150	0	0	0	1	1
AT2TE11155	0	0	0	1	1
AT2TE11160	0	0	0	1	1
AT2TE11165	77.365510329213	74.2695372484711	0.0498940720212987	0.895845246440308	1
AT2TE11170	0	0	0	1	1
AT2TE11175	0	0	0	1	1
AT2TE11180	0	0	0	1	1
AT2TE11185	0	0	0	1	1
AT2TE11190	0	0	0	1	1
AT2TE11195	0	0	0	1	1
AT2TE11200	0	0	0	1	1
AT2TE11205	0	0	0	1	1
AT2TE11210	0	0	0	1	1
AT2TE11215	0	0	0	1	1
AT2TE11220	0	0	0	1	1
AT2TE11225	0	0	0	1	1
AT2TE11230	0	0	0	1	1
AT2TE11235	0	0	0	1	1
AT2TE11245	0	0	0	1	1
AT2TE11250	0	0	0	1	1
AT2TE11255	0	0	0	1	1
AT2TE11260	0	0	0	1	1
AT2TE11265	0	0	0	1	1
AT2TE11270	0	0	0	1	1
AT2TE11275	0	0	0	1	1
AT2TE11280	0	0	0	1	1
AT2TE11300	0	0	0	1	1
AT2TE11305	0	0	0	1	1
AT2TE11315	0	0	0	1	1
AT2TE11320	0	0	0	1	1
AT2TE11325	0	0	0	1	1
AT2TE11330	0	0	0	1	1
AT2TE11335	0	0	0	1	1
AT2TE11340	0	0	0	1	1
AT2TE11345	0	0	0	1	1
AT2TE11350	0	0	0	1	1
AT2TE11355	1.69061358345397	0	2.29434778051429	0.999999999999991	1
AT2TE11360	0	0	0	1	1
AT2TE11365	0	0	0	1	1
AT2TE11370	0	0	0	1	1
AT2TE11375	0	0	0	1	1
AT2TE11380	0	0	0	1	1
AT2TE11385	0	0	0	1	1
AT2TE11390	0	0	0	1	1
AT2TE11395	0	4.97685541770331	-2.35098262386162	0.999999999999996	1
AT2TE11400	0	0	0	1	1
AT2TE11405	0	0	0	1	1
AT2TE11410	0	0	0	1	1
AT2TE11415	0	0	0	1	1
AT2TE11420	0	0	0	1	1
AT2TE11425	0	0	0	1	1
AT2TE11430	0	0	0	1	1
AT2TE11435	0	0	0	1	1
AT2TE11440	0	0	0	1	1
AT2TE11445	0	0	0	1	1
AT2TE11450	0	0	0	1	1
AT2TE11480	0	0	0	1	1
AT2TE11485	0	0	0	1	1
AT2TE11490	0	0	0	1	1
AT2TE11495	0	0	0	1	1
AT2TE11500	0	0	0	1	1
AT2TE11505	0	0	0	1	1
AT2TE11510	0	0	0	1	1
AT2TE11515	0	0.366046154939775	-2.34990269565767	0.999999999999998	1
AT2TE11520	0	0	0	1	1
AT2TE11525	0	0	0	1	1
AT2TE11530	0	0	0	1	1
AT2TE11535	0	0	0	1	1
AT2TE11540	0	0	0	1	1
AT2TE11545	0	0	0	1	1
AT2TE11550	0	0	0	1	1
AT2TE11555	0	0	0	1	1
AT2TE11560	0	0	0	1	1
AT2TE11565	0	0	0	1	1
AT2TE11570	0	0	0	1	1
AT2TE11575	0	0	0	1	1
AT2TE11600	0	0	0	1	1
AT2TE11630	39.625310200616	84.018673031418	-0.982024400499014	0.690975024990363	1
AT2TE11635	0	0	0	1	1
AT2TE11640	0	0	0	1	1
AT2TE11645	0	0	0	1	1
AT2TE11650	0	0	0	1	1
AT2TE11655	0	0	0	1	1
AT2TE11660	0	0	0	1	1
AT2TE11665	0	0	0	1	1
AT2TE11690	0	0	0	1	1
AT2TE11695	0	4.17312564650686	-2.34990269553797	0.999999999999993	1
AT2TE11700	0	0	0	1	1
AT2TE11710	0	0	0	1	1
AT2TE11715	0	0	0	1	1
AT2TE11720	0	0	0	1	1
AT2TE11725	0	0	0	1	1
AT2TE11730	0	0	0	1	1
AT2TE11735	0	0	0	1	1
AT2TE11740	0	0	0	1	1
AT2TE11745	0	0	0	1	1
AT2TE11750	0	0	0	1	1
AT2TE11755	0	0	0	1	1
AT2TE11760	0	0	0	1	1
AT2TE11765	0	0	0	1	1
AT2TE11770	0	0	0	1	1
AT2TE11775	0	0	0	1	1
AT2TE11780	0	0	0	1	1
AT2TE11785	0	0	0	1	1
AT2TE11790	0	0	0	1	1
AT2TE11795	0	0	0	1	1
AT2TE11800	0	0	0	1	1
AT2TE11805	0	0	0	1	1
AT2TE11810	0	0	0	1	1
AT2TE11815	0	0	0	1	1
AT2TE11820	0	0	0	1	1
AT2TE11825	0	0	0	1	1
AT2TE11830	0	0	0	1	1
AT2TE11835	0	0	0	1	1
AT2TE11840	0	0	0	1	1
AT2TE11845	0	0	0	1	1
AT2TE11850	0	0	0	1	1
AT2TE11855	0	0	0	1	1
AT2TE11860	2.86922501689269	3.18443375519871	-0.056809275170564	1	1
AT2TE11865	0	0	0	1	1
AT2TE11870	0	0	0	1	1
AT2TE11875	0	0	0	1	1
AT2TE11880	0	0	0	1	1
AT2TE11885	0	0	0	1	1
AT2TE11890	0	0	0	1	1
AT2TE11895	0	0	0	1	1
AT2TE11900	0	0	0	1	1
AT2TE11905	0	0	0	1	1
AT2TE11915	0	0	0	1	1
AT2TE11920	0	13.3204071473824	-4.93992014088061	0.0879854235523258	1
AT2TE11925	0	0	0	1	1
AT2TE11930	0	0	0	1	1
AT2TE11935	0	0	0	1	1
AT2TE11940	0	0	0	1	1
AT2TE11945	0	0	0	1	1
AT2TE11950	0	0	0	1	1
AT2TE11955	0	0	0	1	1
AT2TE11960	0	0	0	1	1
AT2TE11965	0	0	0	1	1
AT2TE11970	0	0	0	1	1
AT2TE11975	0	0	0	1	1
AT2TE11980	0	0	0	1	1
AT2TE11985	0	0	0	1	1
AT2TE11990	0	0	0	1	1
AT2TE12020	0	0	0	1	1
AT2TE12025	0	0	0	1	1
AT2TE12030	0	0	0	1	1
AT2TE12035	0	0	0	1	1
AT2TE12040	0	0	0	1	1
AT2TE12045	0	0	0	1	1
AT2TE12050	0	0	0	1	1
AT2TE12055	0	0	0	1	1
AT2TE12060	0	0	0	1	1
AT2TE12070	0	0	0	1	1
AT2TE12075	0	0	0	1	1
AT2TE12080	0	0	0	1	1
AT2TE12085	0	0	0	1	1
AT2TE12090	0	0	0	1	1
AT2TE12095	0	0	0	1	1
AT2TE12100	0	0	0	1	1
AT2TE12110	0	0	0	1	1
AT2TE12115	0	0	0	1	1
AT2TE12120	0	0	0	1	1
AT2TE12125	0	0	0	1	1
AT2TE12130	0	0	0	1	1
AT2TE12135	0	0	0	1	1
AT2TE12140	0	0	0	1	1
AT2TE12145	0	0	0	1	1
AT2TE12160	0	0	0	1	1
AT2TE12165	0	0	0	1	1
AT2TE12175	0	0	0	1	1
AT2TE12180	0	0	0	1	1
AT2TE12185	0	0	0	1	1
AT2TE12190	0	0	0	1	1
AT2TE12195	0	0	0	1	1
AT2TE12200	0	0	0	1	1
AT2TE12205	0	0	0	1	1
AT2TE12210	0	0	0	1	1
AT2TE12215	0	0	0	1	1
AT2TE12220	231.874826373686	260.557722584681	-0.162928420874598	0.999999999999999	1
AT2TE12225	0	0	0	1	1
AT2TE12230	0	0	0	1	1
AT2TE12260	9.29837470899681	0	2.29434778052077	0.999999999999994	1
AT2TE12265	0	0	0	1	1
AT2TE12270	0	0	0	1	1
AT2TE12275	0	0	0	1	1
AT2TE12280	0	0	0	1	1
AT2TE12285	0	0	0	1	1
AT2TE12290	0	0	0	1	1
AT2TE12295	0	0	0	1	1
AT2TE12300	0	0	0	1	1
AT2TE12305	0	0	0	1	1
AT2TE12310	0	0	0	1	1
AT2TE12315	0	0	0	1	1
AT2TE12320	0	0	0	1	1
AT2TE12325	0	0	0	1	1
AT2TE12330	0	0	0	1	1
AT2TE12335	0	0	0	1	1
AT2TE12340	0	0	0	1	1
AT2TE12350	0	0	0	1	1
AT2TE12355	0	0	0	1	1
AT2TE12360	0	0	0	1	1
AT2TE12365	0	0	0	1	1
AT2TE12370	0	0	0	1	1
AT2TE12375	0	0	0	1	1
AT2TE12380	0	0	0	1	1
AT2TE12385	0	0	0	1	1
AT2TE12390	3.52276145304721	0	3.13896425559621	0.502158205716531	1
AT2TE12395	0	0	0	1	1
AT2TE12400	0	0	0	1	1
AT2TE12405	0	0	0	1	1
AT2TE12410	0	0	0	1	1
AT2TE12415	0	0	0	1	1
AT2TE12420	0	0	0	1	1
AT2TE12425	0	0	0	1	1
AT2TE12430	0	0	0	1	1
AT2TE12435	0	0	0	1	1
AT2TE12445	0	0	0	1	1
AT2TE12450	0	0	0	1	1
AT2TE12455	0	0	0	1	1
AT2TE12465	0	0	0	1	1
AT2TE12470	0	0	0	1	1
AT2TE12475	0	2.59996465407066	-2.35098262367025	0.999999999999999	1
AT2TE12480	0	0	0	1	1
AT2TE12485	0	0	0	1	1
AT2TE12490	0	0	0	1	1
AT2TE12495	0	0	0	1	1
AT2TE12500	0	0	0	1	1
AT2TE12505	0	0	0	1	1
AT2TE12510	0	0	0	1	1
AT2TE12520	0	0	0	1	1
AT2TE12525	0	0	0	1	1
AT2TE12530	0	0	0	1	1
AT2TE12535	0	0	0	1	1
AT2TE12540	0	0	0	1	1
AT2TE12545	0	0	0	1	1
AT2TE12550	0	0	0	1	1
AT2TE12555	0	0	0	1	1
AT2TE12560	0	0	0	1	1
AT2TE12565	0	0	0	1	1
AT2TE12570	0	0	0	1	1
AT2TE12575	0	0	0	1	1
AT2TE12580	0	0	0	1	1
AT2TE12585	0	0	0	1	1
AT2TE12590	0	0	0	1	1
AT2TE12595	0	0	0	1	1
AT2TE12600	0	0	0	1	1
AT2TE12605	0	0	0	1	1
AT2TE12610	0	0	0	1	1
AT2TE12615	0	0	0	1	1
AT2TE12620	0	0	0	1	1
AT2TE12625	0	0	0	1	1
AT2TE12660	1.28588344628283	0	2.29434778052725	1	1
AT2TE12665	0	0	0	1	1
AT2TE12670	0	0	0	1	1
AT2TE12680	0	0	0	1	1
AT2TE12685	0	0	0	1	1
AT2TE12690	0	0	0	1	1
AT2TE12695	0	0	0	1	1
AT2TE12700	0	0	0	1	1
AT2TE12705	0	0	0	1	1
AT2TE12710	0	0	0	1	1
AT2TE12715	0	0	0	1	1
AT2TE12720	0	0	0	1	1
AT2TE12725	0	0	0	1	1
AT2TE12735	0	0	0	1	1
AT2TE12740	0	0	0	1	1
AT2TE12750	0	0	0	1	1
AT2TE12755	0	0	0	1	1
AT2TE12760	0	0	0	1	1
AT2TE12765	0	0	0	1	1
AT2TE12770	0	0	0	1	1
AT2TE12810	0	0	0	1	1
AT2TE12815	0	0	0	1	1
AT2TE12820	0	0	0	1	1
AT2TE12825	0	0	0	1	1
AT2TE12840	0	0	0	1	1
AT2TE12845	0	0	0	1	1
AT2TE12850	0	0	0	1	1
AT2TE12855	0	0	0	1	1
AT2TE12860	0	0	0	1	1
AT2TE12870	0	0	0	1	1
AT2TE12875	0	0	0	1	1
AT2TE12880	0	0	0	1	1
AT2TE12885	0	0	0	1	1
AT2TE12890	0	0	0	1	1
AT2TE12895	0	0	0	1	1
AT2TE12900	0	0	0	1	1
AT2TE12905	0	0	0	1	1
AT2TE12910	0	0	0	1	1
AT2TE12915	0	0	0	1	1
AT2TE12920	0	0	0	1	1
AT2TE12925	0	0	0	1	1
AT2TE12930	0	0	0	1	1
AT2TE12935	0	0	0	1	1
AT2TE12940	0	0	0	1	1
AT2TE12945	0	0	0	1	1
AT2TE12950	0	0	0	1	1
AT2TE12955	0	0	0	1	1
AT2TE12960	0	0	0	1	1
AT2TE12965	0	0	0	1	1
AT2TE12990	0	0	0	1	1
AT2TE13000	0	0	0	1	1
AT2TE13005	0	0	0	1	1
AT2TE13010	0	0	0	1	1
AT2TE13015	0	0	0	1	1
AT2TE13020	0	0	0	1	1
AT2TE13025	0	0	0	1	1
AT2TE13035	0	0	0	1	1
AT2TE13040	0	0	0	1	1
AT2TE13045	0	0	0	1	1
AT2TE13050	0	0	0	1	1
AT2TE13055	0	0	0	1	1
AT2TE13060	0	0	0	1	1
AT2TE13065	0	0	0	1	1
AT2TE13070	0	0	0	1	1
AT2TE13075	0	0	0	1	1
AT2TE13080	0	0	0	1	1
AT2TE13085	0	0	0	1	1
AT2TE13090	0	0	0	1	1
AT2TE13100	0	0	0	1	1
AT2TE13105	0	6.39472698232993	-2.34990269541828	0.999999999999995	1
AT2TE13115	0	0	0	1	1
AT2TE13120	0	0	0	1	1
AT2TE13125	0	0	0	1	1
AT2TE13130	0	0	0	1	1
AT2TE13135	0	0	0	1	1
AT2TE13140	0	0	0	1	1
AT2TE13145	0	0	0	1	1
AT2TE13150	0	0	0	1	1
AT2TE13155	0	0	0	1	1
AT2TE13160	0	0	0	1	1
AT2TE13165	0	0	0	1	1
AT2TE13170	0	0	0	1	1
AT2TE13175	0	0	0	1	1
AT2TE13180	0	0	0	1	1
AT2TE13185	0	0	0	1	1
AT2TE13195	0	0	0	1	1
AT2TE13200	0	0	0	1	1
AT2TE13205	0	0	0	1	1
AT2TE13210	0	0	0	1	1
AT2TE13215	0	0	0	1	1
AT2TE13225	0	0	0	1	1
AT2TE13230	0	0	0	1	1
AT2TE13235	0	0	0	1	1
AT2TE13240	0	0	0	1	1
AT2TE13245	0	0	0	1	1
AT2TE13300	0	0	0	1	1
AT2TE13305	0	0	0	1	1
AT2TE13310	0	0	0	1	1
AT2TE13315	0	0	0	1	1
AT2TE13320	0	0	0	1	1
AT2TE13325	0	0	0	1	1
AT2TE13330	0	0	0	1	1
AT2TE13335	0	0	0	1	1
AT2TE13340	0	0	0	1	1
AT2TE13345	0	0	0	1	1
AT2TE13350	0	0	0	1	1
AT2TE13355	0	0	0	1	1
AT2TE13360	0	0	0	1	1
AT2TE13365	0	0	0	1	1
AT2TE13370	0	0	0	1	1
AT2TE13375	0	0	0	1	1
AT2TE13380	0	0	0	1	1
AT2TE13385	1.10631273496691	0	2.29434778053373	1	1
AT2TE13390	0	0	0	1	1
AT2TE13395	0	0	0	1	1
AT2TE13400	0	0	0	1	1
AT2TE13405	0	0	0	1	1
AT2TE13410	49.2441924588471	0	3.13933731235162	0.502159596180794	1
AT2TE13415	0	0	0	1	1
AT2TE13420	0	0	0	1	1
AT2TE13425	0	0	0	1	1
AT2TE13430	0	0	0	1	1
AT2TE13435	0	0	0	1	1
AT2TE13440	0	0	0	1	1
AT2TE13445	0	0	0	1	1
AT2TE13450	0	0	0	1	1
AT2TE13455	0	0	0	1	1
AT2TE13460	0	0	0	1	1
AT2TE13465	0	0	0	1	1
AT2TE13470	0	0	0	1	1
AT2TE13475	0	0	0	1	1
AT2TE13480	0	0	0	1	1
AT2TE13485	0	0	0	1	1
AT2TE13490	0	0	0	1	1
AT2TE13495	0	0	0	1	1
AT2TE13500	0	0	0	1	1
AT2TE13505	0	0	0	1	1
AT2TE13510	0	0	0	1	1
AT2TE13515	0	0	0	1	1
AT2TE13520	0	0	0	1	1
AT2TE13525	0	0	0	1	1
AT2TE13530	0	0	0	1	1
AT2TE13535	0	0	0	1	1
AT2TE13545	0	0	0	1	1
AT2TE13550	0	0	0	1	1
AT2TE13555	0	0	0	1	1
AT2TE13560	0	0	0	1	1
AT2TE13565	0	0	0	1	1
AT2TE13570	0	0	0	1	1
AT2TE13575	0	0	0	1	1
AT2TE13580	0	0	0	1	1
AT2TE13585	0	0	0	1	1
AT2TE13590	0	0	0	1	1
AT2TE13595	0	0	0	1	1
AT2TE13600	0	0	0	1	1
AT2TE13610	0	0	0	1	1
AT2TE13615	0	0	0	1	1
AT2TE13620	0	0	0	1	1
AT2TE13625	0	0	0	1	1
AT2TE13630	0	0	0	1	1
AT2TE13635	0	0	0	1	1
AT2TE13640	0	0	0	1	1
AT2TE13645	0	0	0	1	1
AT2TE13650	0	0	0	1	1
AT2TE13655	0	0	0	1	1
AT2TE13660	0	0	0	1	1
AT2TE13665	0	0	0	1	1
AT2TE13670	0	0	0	1	1
AT2TE13675	0	0	0	1	1
AT2TE13680	0	0	0	1	1
AT2TE13685	6.31967247466392	5.74026798957811	0.157114444488196	1	1
AT2TE13690	0	0	0	1	1
AT2TE13695	0	0	0	1	1
AT2TE13700	0	0	0	1	1
AT2TE13705	0	0	0	1	1
AT2TE13710	0	0	0	1	1
AT2TE13730	0	0	0	1	1
AT2TE13735	0	0	0	1	1
AT2TE13740	0	0	0	1	1
AT2TE13745	0	0	0	1	1
AT2TE13750	0	0	0	1	1
AT2TE13755	0	0	0	1	1
AT2TE13760	0	0	0	1	1
AT2TE13765	0	0	0	1	1
AT2TE13770	0	0	0	1	1
AT2TE13775	0	0	0	1	1
AT2TE13780	0	0	0	1	1
AT2TE13785	0	0	0	1	1
AT2TE13790	0	0	0	1	1
AT2TE13795	0	0	0	1	1
AT2TE13800	0	0	0	1	1
AT2TE13805	0	0	0	1	1
AT2TE13810	0	0	0	1	1
AT2TE13815	0	0	0	1	1
AT2TE13820	0	0	0	1	1
AT2TE13825	0	0	0	1	1
AT2TE13830	0	0	0	1	1
AT2TE13835	0	0	0	1	1
AT2TE13840	0	0	0	1	1
AT2TE13845	0	0	0	1	1
AT2TE13850	0	0	0	1	1
AT2TE13855	0	0	0	1	1
AT2TE13865	0	0	0	1	1
AT2TE13870	3.40272197753228	10.4925403111548	-1.43849524797026	0.627777956403584	1
AT2TE13875	0	0	0	1	1
AT2TE13880	0	0	0	1	1
AT2TE13885	0	0	0	1	1
AT2TE13890	0	0	0	1	1
AT2TE13895	0	0	0	1	1
AT2TE13900	0	0	0	1	1
AT2TE13905	0	0	0	1	1
AT2TE13910	0	0	0	1	1
AT2TE13915	0	0	0	1	1
AT2TE13920	0	0	0	1	1
AT2TE13925	0	0	0	1	1
AT2TE13930	0	0	0	1	1
AT2TE13935	0	0	0	1	1
AT2TE13940	0	0	0	1	1
AT2TE13950	0	0	0	1	1
AT2TE13955	0	0	0	1	1
AT2TE13965	0	0	0	1	1
AT2TE13970	4.21897874787352	0	3.13896425750919	0.502158183065112	1
AT2TE14150	0	0	0	1	1
AT2TE14160	0	0	0	1	1
AT2TE14190	0	0	0	1	1
AT2TE14250	0	0	0	1	1
AT2TE14255	0	0	0	1	1
AT2TE14280	0	0	0	1	1
AT2TE14285	0	0	0	1	1
AT2TE14290	0	0	0	1	1
AT2TE14310	0	0	0	1	1
AT2TE14315	0	0	0	1	1
AT2TE14320	0	0	0	1	1
AT2TE14325	0	0	0	1	1
AT2TE14330	0	0	0	1	1
AT2TE14370	0	0	0	1	1
AT2TE14490	0	0	0	1	1
AT2TE14495	0	0	0	1	1
AT2TE14500	0	0	0	1	1
AT2TE14540	0	0	0	1	1
AT2TE14545	0	0	0	1	1
AT2TE14550	0	0	0	1	1
AT2TE14555	0	0	0	1	1
AT2TE14650	0	0	0	1	1
AT2TE14660	0	0	0	1	1
AT2TE14665	0	0	0	1	1
AT2TE14680	0	0	0	1	1
AT2TE14720	0	0	0	1	1
AT2TE14960	0	0	0	1	1
AT2TE14970	0	0	0	1	1
AT2TE14975	0	0	0	1	1
AT2TE15030	0	0	0	1	1
AT2TE15035	0	0	0	1	1
AT2TE15045	0	0	0	1	1
AT2TE15050	0	0	0	1	1
AT2TE15150	0	0	0	1	1
AT2TE15155	0	0	0	1	1
AT2TE15160	0	0	0	1	1
AT2TE15310	0	0	0	1	1
AT2TE15315	0	0	0	1	1
AT2TE15320	0	0	0	1	1
AT2TE15325	0	0	0	1	1
AT2TE15330	0	0	0	1	1
AT2TE15340	0	0	0	1	1
AT2TE15350	35.0443494837818	109.716794351902	-1.43865789550495	0.627776137932007	1
AT2TE15380	0	0	0	1	1
AT2TE15385	0	0	0	1	1
AT2TE15390	0	0	0	1	1
AT2TE15395	0	0	0	1	1
AT2TE15400	0	0	0	1	1
AT2TE15405	0	0	0	1	1
AT2TE15410	0	0	0	1	1
AT2TE15415	0	0	0	1	1
AT2TE15420	0	0	0	1	1
AT2TE15425	0	0	0	1	1
AT2TE15430	0	0	0	1	1
AT2TE15435	0	0	0	1	1
AT2TE15440	0	0	0	1	1
AT2TE15445	0	0	0	1	1
AT2TE15450	0	0	0	1	1
AT2TE15455	0	0	0	1	1
AT2TE15460	0	0	0	1	1
AT2TE15465	0	0	0	1	1
AT2TE15470	0	0	0	1	1
AT2TE15475	0	0	0	1	1
AT2TE15480	0	0	0	1	1
AT2TE15485	0	0	0	1	1
AT2TE15490	0	0	0	1	1
AT2TE15495	0	0	0	1	1
AT2TE15500	0	0	0	1	1
AT2TE15505	0	0	0	1	1
AT2TE15510	0	0	0	1	1
AT2TE15515	0	0	0	1	1
AT2TE15520	0	0	0	1	1
AT2TE15525	0	0	0	1	1
AT2TE15530	0	0	0	1	1
AT2TE15535	0	0	0	1	1
AT2TE15540	0	0	0	1	1
AT2TE15545	0	0	0	1	1
AT2TE15550	0	0	0	1	1
AT2TE15555	0	0	0	1	1
AT2TE15560	0	0	0	1	1
AT2TE15565	0	0	0	1	1
AT2TE15570	0	0	0	1	1
AT2TE15575	0	0	0	1	1
AT2TE15580	0	0	0	1	1
AT2TE15585	0	0	0	1	1
AT2TE15590	0	0	0	1	1
AT2TE15595	0	0	0	1	1
AT2TE15600	0	0	0	1	1
AT2TE15620	0	0	0	1	1
AT2TE15625	0	0	0	1	1
AT2TE15630	0	0	0	1	1
AT2TE15635	0	0	0	1	1
AT2TE15640	0	0	0	1	1
AT2TE15645	0	0	0	1	1
AT2TE15655	0.790645860810414	0	2.29417294439067	0.999999999999996	1
AT2TE15660	0	0	0	1	1
AT2TE15665	0	0	0	1	1
AT2TE15670	0	0	0	1	1
AT2TE15675	0	0	0	1	1
AT2TE15680	0	0	0	1	1
AT2TE15685	0	0	0	1	1
AT2TE15690	0	0	0	1	1
AT2TE15695	0	0	0	1	1
AT2TE15880	0.676939756665281	0	2.29417294437886	1	1
AT2TE15900	0	0	0	1	1
AT2TE15910	0	0	0	1	1
AT2TE15915	0	0	0	1	1
AT2TE15920	0	0	0	1	1
AT2TE15925	0	0	0	1	1
AT2TE15930	0	0	0	1	1
AT2TE15960	0	0	0	1	1
AT2TE15965	0	0	0	1	1
AT2TE15970	0	0	0	1	1
AT2TE15975	0	0	0	1	1
AT2TE15980	0	0	0	1	1
AT2TE15985	0	0	0	1	1
AT2TE15990	0	0	0	1	1
AT2TE15995	0	0	0	1	1
AT2TE16000	0	0	0	1	1
AT2TE16005	0	0	0	1	1
AT2TE16010	0	0	0	1	1
AT2TE16015	0	0	0	1	1
AT2TE16020	0	0	0	1	1
AT2TE16030	0	0	0	1	1
AT2TE16080	0	0	0	1	1
AT2TE16090	0	0	0	1	1
AT2TE16100	0	0	0	1	1
AT2TE16105	0	0	0	1	1
AT2TE16130	0	0	0	1	1
AT2TE16140	0	0	0	1	1
AT2TE16145	0	0	0	1	1
AT2TE16150	0	0	0	1	1
AT2TE16155	0	0	0	1	1
AT2TE16160	0	0	0	1	1
AT2TE16165	0	0	0	1	1
AT2TE16170	0	0	0	1	1
AT2TE16175	0	0	0	1	1
AT2TE16180	0	0	0	1	1
AT2TE16185	0	0	0	1	1
AT2TE16190	0	0	0	1	1
AT2TE16195	0	0	0	1	1
AT2TE16205	0	0	0	1	1
AT2TE16210	0	0	0	1	1
AT2TE16215	0	0	0	1	1
AT2TE16220	0	1.68578658477492	-3.20045127844392	0.502151371630291	1
AT2TE16225	0	0	0	1	1
AT2TE16230	0	0	0	1	1
AT2TE16235	0	0	0	1	1
AT2TE16245	0	0	0	1	1
AT2TE16250	0	0	0	1	1
AT2TE16255	0	0	0	1	1
AT2TE16260	0	0	0	1	1
AT2TE16265	0	0	0	1	1
AT2TE16270	0	0	0	1	1
AT2TE16275	0	0	0	1	1
AT2TE16280	0	0	0	1	1
AT2TE16285	0	0	0	1	1
AT2TE16310	0	0	0	1	1
AT2TE16315	0	0	0	1	1
AT2TE16320	0	0	0	1	1
AT2TE16325	0	0	0	1	1
AT2TE16330	0	0	0	1	1
AT2TE16335	0	0	0	1	1
AT2TE16340	0	0	0	1	1
AT2TE16345	0	0	0	1	1
AT2TE16355	0	0	0	1	1
AT2TE16360	0	0	0	1	1
AT2TE16365	0	0	0	1	1
AT2TE16370	0	0	0	1	1
AT2TE16380	0	0	0	1	1
AT2TE16385	0	0	0	1	1
AT2TE16390	0	0	0	1	1
AT2TE16395	0	0	0	1	1
AT2TE16400	0	0	0	1	1
AT2TE16405	0	0	0	1	1
AT2TE16410	0	0	0	1	1
AT2TE16415	0	0	0	1	1
AT2TE16420	0	0	0	1	1
AT2TE16425	0	0	0	1	1
AT2TE16430	0	0	0	1	1
AT2TE16435	0	0	0	1	1
AT2TE16440	0	0	0	1	1
AT2TE16445	0	0	0	1	1
AT2TE16450	0	0	0	1	1
AT2TE16455	0	0	0	1	1
AT2TE16460	0	0	0	1	1
AT2TE16465	0	0	0	1	1
AT2TE16470	0	0	0	1	1
AT2TE16475	0	0	0	1	1
AT2TE16480	0	0	0	1	1
AT2TE16485	0	0	0	1	1
AT2TE16490	0	0	0	1	1
AT2TE16495	0	0	0	1	1
AT2TE16500	0	0	0	1	1
AT2TE16505	0	0	0	1	1
AT2TE16510	0	0	0	1	1
AT2TE16515	0	0	0	1	1
AT2TE16520	0	0	0	1	1
AT2TE16525	0	0	0	1	1
AT2TE16530	0	0	0	1	1
AT2TE16535	0	0	0	1	1
AT2TE16540	0	0	0	1	1
AT2TE16545	0	0	0	1	1
AT2TE16550	0	0	0	1	1
AT2TE16555	0	0	0	1	1
AT2TE16560	0	0	0	1	1
AT2TE16565	0	0	0	1	1
AT2TE16570	0	0	0	1	1
AT2TE16575	0	0	0	1	1
AT2TE16580	0	0	0	1	1
AT2TE16585	0	0	0	1	1
AT2TE16590	0	0	0	1	1
AT2TE16595	0	0	0	1	1
AT2TE16600	0	0	0	1	1
AT2TE16605	0	0	0	1	1
AT2TE16610	0	0	0	1	1
AT2TE16615	0	0	0	1	1
AT2TE16620	0	0	0	1	1
AT2TE16625	0	0	0	1	1
AT2TE16630	0	0	0	1	1
AT2TE16635	0	0	0	1	1
AT2TE16640	0	0	0	1	1
AT2TE16645	0	0	0	1	1
AT2TE16650	0	0	0	1	1
AT2TE16655	0	0	0	1	1
AT2TE16660	0	0	0	1	1
AT2TE16665	0	0	0	1	1
AT2TE16690	0	0	0	1	1
AT2TE16695	0	0	0	1	1
AT2TE16700	0	0	0	1	1
AT2TE16705	0	0	0	1	1
AT2TE16710	0	0	0	1	1
AT2TE16715	0	0	0	1	1
AT2TE16720	0	0	0	1	1
AT2TE16725	0	0	0	1	1
AT2TE16730	0	0	0	1	1
AT2TE16740	0	0	0	1	1
AT2TE16745	0	0	0	1	1
AT2TE16750	0	0	0	1	1
AT2TE16755	0	0	0	1	1
AT2TE16760	0	0	0	1	1
AT2TE16765	0	0	0	1	1
AT2TE16770	0	0	0	1	1
AT2TE16775	0	0	0	1	1
AT2TE16780	0	0	0	1	1
AT2TE16790	0	0	0	1	1
AT2TE16795	0	0	0	1	1
AT2TE16800	0	0	0	1	1
AT2TE16805	0	0	0	1	1
AT2TE16810	0	0	0	1	1
AT2TE16815	0	0	0	1	1
AT2TE16820	0	0	0	1	1
AT2TE16825	0	0	0	1	1
AT2TE16830	0	0	0	1	1
AT2TE16835	0	0	0	1	1
AT2TE16845	0	0	0	1	1
AT2TE16850	0	0	0	1	1
AT2TE16855	0	0	0	1	1
AT2TE16860	5.51570256035474	0	2.29434778054021	1	1
AT2TE16865	0	0	0	1	1
AT2TE16870	0	0	0	1	1
AT2TE16880	0	0	0	1	1
AT2TE16885	0	0	0	1	1
AT2TE16890	0	0	0	1	1
AT2TE16895	0	0	0	1	1
AT2TE16900	0	0	0	1	1
AT2TE16905	0	0	0	1	1
AT2TE16910	0	0	0	1	1
AT2TE16915	0	0	0	1	1
AT2TE16920	0	0	0	1	1
AT2TE16925	0	0	0	1	1
AT2TE16930	0	0	0	1	1
AT2TE16935	0	0	0	1	1
AT2TE16940	0	0	0	1	1
AT2TE16945	0	0	0	1	1
AT2TE16950	0	0	0	1	1
AT2TE16955	0	0	0	1	1
AT2TE16960	0	0	0	1	1
AT2TE17010	0	0	0	1	1
AT2TE17015	0	0	0	1	1
AT2TE17025	0	0	0	1	1
AT2TE17030	0	0	0	1	1
AT2TE17035	0	0	0	1	1
AT2TE17040	0	0	0	1	1
AT2TE17045	0	0	0	1	1
AT2TE17050	0	0	0	1	1
AT2TE17055	0	0	0	1	1
AT2TE17060	0	0	0	1	1
AT2TE17065	0	0	0	1	1
AT2TE17070	0	0	0	1	1
AT2TE17075	0	0	0	1	1
AT2TE17080	0	0	0	1	1
AT2TE17085	0	0	0	1	1
AT2TE17090	0	0	0	1	1
AT2TE17095	0	0	0	1	1
AT2TE17100	0	0	0	1	1
AT2TE17110	0	0	0	1	1
AT2TE17115	0	0	0	1	1
AT2TE17120	0	0	0	1	1
AT2TE17125	0	0	0	1	1
AT2TE17130	0	0	0	1	1
AT2TE17135	0	0	0	1	1
AT2TE17140	0	0	0	1	1
AT2TE17145	0	0	0	1	1
AT2TE17150	0	0	0	1	1
AT2TE17155	0	0	0	1	1
AT2TE17160	0	0	0	1	1
AT2TE17165	0	1.38851959407799	-2.34990269529859	1	1
AT2TE17170	0	0	0	1	1
AT2TE17175	0	0	0	1	1
AT2TE17180	0	0	0	1	1
AT2TE17185	0	0	0	1	1
AT2TE17190	0	0	0	1	1
AT2TE17195	0	0	0	1	1
AT2TE17200	0	0	0	1	1
AT2TE17205	0	0	0	1	1
AT2TE17210	0	0	0	1	1
AT2TE17215	0	0	0	1	1
AT2TE17220	0	0	0	1	1
AT2TE17225	0	0	0	1	1
AT2TE17230	0	0	0	1	1
AT2TE17235	0	0	0	1	1
AT2TE17240	0	0	0	1	1
AT2TE17245	0	0	0	1	1
AT2TE17250	0	0	0	1	1
AT2TE17255	0	0	0	1	1
AT2TE17260	0	0	0	1	1
AT2TE17265	0	0	0	1	1
AT2TE17270	0	0	0	1	1
AT2TE17275	0	0	0	1	1
AT2TE17280	0	0	0	1	1
AT2TE17285	0	0	0	1	1
AT2TE17290	0	0	0	1	1
AT2TE17295	0	0	0	1	1
AT2TE17305	0	0	0	1	1
AT2TE17315	0	0	0	1	1
AT2TE17320	0	0	0	1	1
AT2TE17325	0	0	0	1	1
AT2TE17330	0	0	0	1	1
AT2TE17335	0	0	0	1	1
AT2TE17340	0	0	0	1	1
AT2TE17345	0	0	0	1	1
AT2TE17350	0	0	0	1	1
AT2TE17355	0	0	0	1	1
AT2TE17380	0	0	0	1	1
AT2TE17385	0	0	0	1	1
AT2TE17390	0	0	0	1	1
AT2TE17395	0	0	0	1	1
AT2TE17400	0	0	0	1	1
AT2TE17405	0	0	0	1	1
AT2TE17410	0	0	0	1	1
AT2TE17415	0	0	0	1	1
AT2TE17420	0	0	0	1	1
AT2TE17425	0	0	0	1	1
AT2TE17430	0	0	0	1	1
AT2TE17435	0	0	0	1	1
AT2TE17440	0	0	0	1	1
AT2TE17445	0	0	0	1	1
AT2TE17450	0	0	0	1	1
AT2TE17455	0	0	0	1	1
AT2TE17460	0	0	0	1	1
AT2TE17465	0	0	0	1	1
AT2TE17470	0	0	0	1	1
AT2TE17475	0	0	0	1	1
AT2TE17480	0	0	0	1	1
AT2TE17485	0	0	0	1	1
AT2TE17490	4.86987662765498	5.32334535184721	-0.0566342466004839	1	1
AT2TE17495	0	29.3189913931803	-3.2027677739171	0.502193090961655	1
AT2TE17500	23.3179710026702	0	2.29417294436704	1	1
AT2TE17505	0	0	0	1	1
AT2TE17510	0	0	0	1	1
AT2TE17515	0	0	0	1	1
AT2TE17520	0	0	0	1	1
AT2TE17525	0	0	0	1	1
AT2TE17530	0	0	0	1	1
AT2TE17535	0	0	0	1	1
AT2TE17540	0	0	0	1	1
AT2TE17545	0	0	0	1	1
AT2TE17550	0	0	0	1	1
AT2TE17555	0	0	0	1	1
AT2TE17560	0	0	0	1	1
AT2TE17565	0	0	0	1	1
AT2TE17570	0	0	0	1	1
AT2TE17575	0	0	0	1	1
AT2TE17580	0	0	0	1	1
AT2TE17585	0	0	0	1	1
AT2TE17590	0	0	0	1	1
AT2TE17595	0	0	0	1	1
AT2TE17600	0	2.53705761281284	-3.73137171003133	0.253766910427213	1
AT2TE17605	0	0	0	1	1
AT2TE17610	0	0	0	1	1
AT2TE17615	0	0	0	1	1
AT2TE17620	0	0	0	1	1
AT2TE17625	0	0	0	1	1
AT2TE17630	0	0	0	1	1
AT2TE17635	0	0	0	1	1
AT2TE17640	0	0	0	1	1
AT2TE17645	0	0	0	1	1
AT2TE17650	0	0	0	1	1
AT2TE17655	0	0	0	1	1
AT2TE17660	0	0	0	1	1
AT2TE17665	0	0	0	1	1
AT2TE17670	0	0	0	1	1
AT2TE17675	0	0	0	1	1
AT2TE17680	0	0	0	1	1
AT2TE17685	0	0	0	1	1
AT2TE17690	0	0	0	1	1
AT2TE17695	0	0	0	1	1
AT2TE17700	0	0	0	1	1
AT2TE17705	0	0	0	1	1
AT2TE17710	0	0	0	1	1
AT2TE17715	0	0	0	1	1
AT2TE17720	0	0	0	1	1
AT2TE17725	0	0	0	1	1
AT2TE17730	0	0	0	1	1
AT2TE17760	0	0	0	1	1
AT2TE17765	0	0	0	1	1
AT2TE17770	3.47966311891232	0	2.29434778054669	0.999999999999996	1
AT2TE17775	0	0	0	1	1
AT2TE17780	0	0	0	1	1
AT2TE17785	0	0	0	1	1
AT2TE17790	0	0	0	1	1
AT2TE17795	0	0	0	1	1
AT2TE17800	0	0	0	1	1
AT2TE17805	0	0	0	1	1
AT2TE17810	10.0876413655478	0	2.29417294435522	0.999999999999993	1
AT2TE17815	0	0	0	1	1
AT2TE17820	0	0	0	1	1
AT2TE17825	0	0	0	1	1
AT2TE17830	0	0	0	1	1
AT2TE17835	26.2495695409633	26.1243004224822	-0.061023979521469	1	1
AT2TE17840	0	0	0	1	1
AT2TE17845	0	0	0	1	1
AT2TE17850	0	0	0	1	1
AT2TE17855	0	0	0	1	1
AT2TE17860	0	0	0	1	1
AT2TE17870	0	0	0	1	1
AT2TE17875	0	0.790878963216121	-2.34990269517889	0.999999999999996	1
AT2TE17880	0	0	0	1	1
AT2TE17885	0	0	0	1	1
AT2TE17890	0	0	0	1	1
AT2TE17895	0	0	0	1	1
AT2TE17900	0	0	0	1	1
AT2TE17905	0	0	0	1	1
AT2TE17910	0	0	0	1	1
AT2TE17915	0	0	0	1	1
AT2TE17920	0	0	0	1	1
AT2TE17925	0	0	0	1	1
AT2TE17930	0	0	0	1	1
AT2TE17935	0	0	0	1	1
AT2TE17940	0	0	0	1	1
AT2TE17950	0	0	0	1	1
AT2TE17955	0	0	0	1	1
AT2TE17960	0	0	0	1	1
AT2TE17965	0	0	0	1	1
AT2TE17970	0	0	0	1	1
AT2TE17975	0	0	0	1	1
AT2TE17980	0	0	0	1	1
AT2TE17985	0	0	0	1	1
AT2TE17990	0	0	0	1	1
AT2TE17995	0	0	0	1	1
AT2TE18000	0	0	0	1	1
AT2TE18005	0	0	0	1	1
AT2TE18010	0	0	0	1	1
AT2TE18015	0	0	0	1	1
AT2TE18020	0	0	0	1	1
AT2TE18025	0	0	0	1	1
AT2TE18030	0	0	0	1	1
AT2TE18035	0	0	0	1	1
AT2TE18040	0	0	0	1	1
AT2TE18045	0	0	0	1	1
AT2TE18050	0	0	0	1	1
AT2TE18055	0	0	0	1	1
AT2TE18060	0	0	0	1	1
AT2TE18065	0	0	0	1	1
AT2TE18070	0	0	0	1	1
AT2TE18075	0	0	0	1	1
AT2TE18080	0	0	0	1	1
AT2TE18085	0	0	0	1	1
AT2TE18090	0	0	0	1	1
AT2TE18095	0	0	0	1	1
AT2TE18100	0	0	0	1	1
AT2TE18105	0	0	0	1	1
AT2TE18110	0	0	0	1	1
AT2TE18115	388.708130911021	187.505332210109	1.03138288807758	0.220752552025453	1
AT2TE18120	0	0	0	1	1
AT2TE18125	0	0	0	1	1
AT2TE18130	0	0	0	1	1
AT2TE18135	0	0	0	1	1
AT2TE18140	0	0	0	1	1
AT2TE18150	0	0	0	1	1
AT2TE18155	0	0	0	1	1
AT2TE18160	0	0	0	1	1
AT2TE18165	0	0	0	1	1
AT2TE18175	0	0	0	1	1
AT2TE18180	0	0	0	1	1
AT2TE18185	0	0	0	1	1
AT2TE18190	0	0	0	1	1
AT2TE18195	0	0	0	1	1
AT2TE18200	0	0	0	1	1
AT2TE18205	0	0	0	1	1
AT2TE18210	0	0	0	1	1
AT2TE18215	0	0	0	1	1
AT2TE18240	13.6587072278607	32.6095852772412	-1.22185246706801	0.355560082137488	1
AT2TE18245	0	0	0	1	1
AT2TE18250	0	0	0	1	1
AT2TE18255	0	0	0	1	1
AT2TE18280	0	0	0	1	1
AT2TE18285	0	0	0	1	1
AT2TE18290	0	0	0	1	1
AT2TE18295	0	0	0	1	1
AT2TE18300	0	0	0	1	1
AT2TE18305	0	0	0	1	1
AT2TE18310	0	0	0	1	1
AT2TE18315	0	0	0	1	1
AT2TE18320	0	0	0	1	1
AT2TE18325	0	0	0	1	1
AT2TE18330	0	0	0	1	1
AT2TE18335	0	0	0	1	1
AT2TE18340	0	0	0	1	1
AT2TE18345	0	0	0	1	1
AT2TE18350	0	0	0	1	1
AT2TE18355	0	0	0	1	1
AT2TE18370	0	0	0	1	1
AT2TE18375	0	0	0	1	1
AT2TE18380	0	0	0	1	1
AT2TE18385	1.60345740827671	0	2.2941729443434	0.999999999999996	1
AT2TE18390	0	0	0	1	1
AT2TE18395	0	0	0	1	1
AT2TE18400	0	0	0	1	1
AT2TE18405	0	0	0	1	1
AT2TE18410	0	0	0	1	1
AT2TE18415	0	0	0	1	1
AT2TE18425	0	0	0	1	1
AT2TE18430	0	0	0	1	1
AT2TE18435	0	0	0	1	1
AT2TE18440	0	0	0	1	1
AT2TE18445	0	0	0	1	1
AT2TE18450	0	0	0	1	1
AT2TE18455	0	0	0	1	1
AT2TE18460	0	0	0	1	1
AT2TE18465	0	0	0	1	1
AT2TE18470	0	0	0	1	1
AT2TE18475	0	0	0	1	1
AT2TE18480	0	0	0	1	1
AT2TE18485	0	0	0	1	1
AT2TE18490	0	0	0	1	1
AT2TE18495	0	0	0	1	1
AT2TE18500	0	0	0	1	1
AT2TE18505	0	0	0	1	1
AT2TE18510	0	0	0	1	1
AT2TE18515	0	0	0	1	1
AT2TE18520	0	0	0	1	1
AT2TE18525	0	0	0	1	1
AT2TE18530	0	0	0	1	1
AT2TE18535	0	0	0	1	1
AT2TE18540	0	0	0	1	1
AT2TE18545	0	0	0	1	1
AT2TE18550	0	0	0	1	1
AT2TE18555	0	0	0	1	1
AT2TE18560	0	0	0	1	1
AT2TE18565	0	0	0	1	1
AT2TE18570	0	0	0	1	1
AT2TE18575	0	0	0	1	1
AT2TE18580	0	0	0	1	1
AT2TE18585	0	0	0	1	1
AT2TE18590	0	0	0	1	1
AT2TE18595	0	0	0	1	1
AT2TE18600	0	0	0	1	1
AT2TE18605	0	0	0	1	1
AT2TE18610	0	0	0	1	1
AT2TE18615	0	0	0	1	1
AT2TE18620	0	0	0	1	1
AT2TE18625	0	0	0	1	1
AT2TE18630	0	0	0	1	1
AT2TE18635	0	0	0	1	1
AT2TE18640	0	0	0	1	1
AT2TE18645	0	0	0	1	1
AT2TE18650	0	0	0	1	1
AT2TE18660	0	0	0	1	1
AT2TE18665	0	0	0	1	1
AT2TE18670	0	0	0	1	1
AT2TE18675	0	0	0	1	1
AT2TE18680	0	0	0	1	1
AT2TE18685	0	0	0	1	1
AT2TE18690	0	0	0	1	1
AT2TE18695	0	0	0	1	1
AT2TE18700	0	0	0	1	1
AT2TE18705	0	0	0	1	1
AT2TE18710	0	0	0	1	1
AT2TE18715	0	0	0	1	1
AT2TE18720	0	0	0	1	1
AT2TE18725	0	0	0	1	1
AT2TE18730	0	0	0	1	1
AT2TE18735	0	0	0	1	1
AT2TE18740	0	0	0	1	1
AT2TE18745	0	0	0	1	1
AT2TE18750	0	0	0	1	1
AT2TE18755	0	0	0	1	1
AT2TE18760	0	0	0	1	1
AT2TE18765	0	0	0	1	1
AT2TE18770	0	0	0	1	1
AT2TE18775	0	0	0	1	1
AT2TE18800	19069.1983781186	21140.2120309284	-0.146650437748393	0.516732071952156	1
AT2TE18810	0	0	0	1	1
AT2TE18815	2085.10910791245	2131.06403965603	-0.0354394337919878	0.952026976535742	1
AT2TE18825	49.1208960172437	14.7451611206754	1.72322798316289	0.0638345341358339	1
AT2TE18830	0	0	0	1	1
AT2TE18835	0	0	0	1	1
AT2TE18840	0	0	0	1	1
AT2TE18845	0	0	0	1	1
AT2TE18850	0	0	0	1	1
AT2TE18855	0	0	0	1	1
AT2TE18860	0	0	0	1	1
AT2TE18865	0	0	0	1	1
AT2TE18870	0	0	0	1	1
AT2TE18875	0	0	0	1	1
AT2TE18880	0	0	0	1	1
AT2TE18885	0	0	0	1	1
AT2TE18890	0	0	0	1	1
AT2TE18895	0	0	0	1	1
AT2TE18900	0	0	0	1	1
AT2TE18910	0	0	0	1	1
AT2TE18915	0	0	0	1	1
AT2TE18920	0	0.613350865946343	-2.3499026950592	0.999999999999995	1
AT2TE18925	0	0	0	1	1
AT2TE18930	0	0	0	1	1
AT2TE18935	0	0	0	1	1
AT2TE18940	0	0	0	1	1
AT2TE18945	0	0	0	1	1
AT2TE18950	0	0	0	1	1
AT2TE18955	0	0	0	1	1
AT2TE18965	0	0	0	1	1
AT2TE18970	0	0	0	1	1
AT2TE18975	0	0	0	1	1
AT2TE18980	0	0	0	1	1
AT2TE18985	0	0	0	1	1
AT2TE18990	0	0	0	1	1
AT2TE18995	0	0	0	1	1
AT2TE19000	0	0	0	1	1
AT2TE19005	0	0	0	1	1
AT2TE19010	0	0	0	1	1
AT2TE19015	0	0	0	1	1
AT2TE19020	0	0	0	1	1
AT2TE19025	0	0	0	1	1
AT2TE19030	0	0	0	1	1
AT2TE19035	0	0	0	1	1
AT2TE19040	0	0	0	1	1
AT2TE19045	0	0	0	1	1
AT2TE19050	0	0	0	1	1
AT2TE19055	0	0	0	1	1
AT2TE19060	0	0	0	1	1
AT2TE19065	0	0	0	1	1
AT2TE19070	0	0	0	1	1
AT2TE19075	0	0	0	1	1
AT2TE19080	0	0	0	1	1
AT2TE19085	0	0	0	1	1
AT2TE19090	0	0	0	1	1
AT2TE19095	0	0	0	1	1
AT2TE19100	0	0	0	1	1
AT2TE19105	0	0	0	1	1
AT2TE19110	0	0	0	1	1
AT2TE19115	0	0	0	1	1
AT2TE19120	0	0	0	1	1
AT2TE19125	0	0	0	1	1
AT2TE19130	0	0	0	1	1
AT2TE19160	0	0	0	1	1
AT2TE19165	0	0	0	1	1
AT2TE19170	0	0	0	1	1
AT2TE19175	0	0	0	1	1
AT2TE19180	0	0	0	1	1
AT2TE19185	0	0	0	1	1
AT2TE19190	0	0	0	1	1
AT2TE19195	0	0	0	1	1
AT2TE19200	0	0	0	1	1
AT2TE19205	0	0	0	1	1
AT2TE19210	0	0	0	1	1
AT2TE19215	0	0	0	1	1
AT2TE19220	0	0	0	1	1
AT2TE19225	0	0	0	1	1
AT2TE19230	0	0	0	1	1
AT2TE19235	0	0	0	1	1
AT2TE19240	0	0	0	1	1
AT2TE19245	0	0	0	1	1
AT2TE19250	0	0	0	1	1
AT2TE19255	0	0	0	1	1
AT2TE19260	0	0	0	1	1
AT2TE19265	0	0	0	1	1
AT2TE19270	0	0	0	1	1
AT2TE19275	0	0	0	1	1
AT2TE19280	0	0	0	1	1
AT2TE19285	0	0	0	1	1
AT2TE19290	0	0	0	1	1
AT2TE19295	0	0	0	1	1
AT2TE19300	0	0	0	1	1
AT2TE19305	0	0	0	1	1
AT2TE19310	0	0	0	1	1
AT2TE19315	0	0	0	1	1
AT2TE19320	0	0	0	1	1
AT2TE19325	0	0	0	1	1
AT2TE19330	0	0	0	1	1
AT2TE19335	0	0	0	1	1
AT2TE19340	11.8875930601848	13.1935461269311	-0.0568092750396976	1	1
AT2TE19345	0	6.83811841944601	-2.35098262347888	0.999999999999995	1
AT2TE19350	29.5938656603649	0	2.29434778055318	0.999999999999999	1
AT2TE19355	0	0	0	1	1
AT2TE19370	0	0	0	1	1
AT2TE19375	0	0	0	1	1
AT2TE19390	0	0	0	1	1
AT2TE19395	0	0	0	1	1
AT2TE19400	0	0	0	1	1
AT2TE19405	0	0	0	1	1
AT2TE19420	0	0	0	1	1
AT2TE19425	0	0	0	1	1
AT2TE19430	0	0	0	1	1
AT2TE19435	0	0	0	1	1
AT2TE19440	0	0	0	1	1
AT2TE19445	0	0	0	1	1
AT2TE19450	0	0	0	1	1
AT2TE19460	0	0	0	1	1
AT2TE19465	0	0	0	1	1
AT2TE19470	0	0	0	1	1
AT2TE19475	0	0	0	1	1
AT2TE19480	0	0	0	1	1
AT2TE19485	0	0	0	1	1
AT2TE19490	0	0	0	1	1
AT2TE19495	0	0	0	1	1
AT2TE19500	0	0	0	1	1
AT2TE19505	0	0	0	1	1
AT2TE19510	0	0	0	1	1
AT2TE19515	0	0	0	1	1
AT2TE19520	0	0	0	1	1
AT2TE19525	0	0	0	1	1
AT2TE19530	0	0	0	1	1
AT2TE19535	0	0	0	1	1
AT2TE19540	0	0	0	1	1
AT2TE19545	0	0	0	1	1
AT2TE19555	0	0	0	1	1
AT2TE19560	0	0	0	1	1
AT2TE19565	0	0	0	1	1
AT2TE19570	0	0	0	1	1
AT2TE19575	0	0	0	1	1
AT2TE19580	0	0	0	1	1
AT2TE19585	0	0	0	1	1
AT2TE19590	0	0	0	1	1
AT2TE19595	0	0	0	1	1
AT2TE19600	0	0	0	1	1
AT2TE19610	0	0	0	1	1
AT2TE19615	0	0.752505644155764	-2.3499026949395	1	1
AT2TE19620	0	0	0	1	1
AT2TE19625	0	0	0	1	1
AT2TE19650	0	0	0	1	1
AT2TE19655	0	0	0	1	1
AT2TE19660	0	0	0	1	1
AT2TE19665	0	0	0	1	1
AT2TE19670	0	0	0	1	1
AT2TE19675	0	0	0	1	1
AT2TE19685	0	0	0	1	1
AT2TE19690	0	0	0	1	1
AT2TE19695	0	19.5277833568714	-3.73283741581713	0.252788986634047	1
AT2TE19700	0	0	0	1	1
AT2TE19705	0	0	0	1	1
AT2TE19710	0	0	0	1	1
AT2TE19715	0	0	0	1	1
AT2TE19720	0	0	0	1	1
AT2TE19725	0	0	0	1	1
AT2TE19730	0	0	0	1	1
AT2TE19735	0	0	0	1	1
AT2TE19740	0	0	0	1	1
AT2TE19745	0	0	0	1	1
AT2TE19750	0	0	0	1	1
AT2TE19755	0	0	0	1	1
AT2TE19760	0	0	0	1	1
AT2TE19765	0	0	0	1	1
AT2TE19770	15.3615011672996	43.4285708574559	-1.41080634460196	0.236134095160151	1
AT2TE19775	0	0	0	1	1
AT2TE19790	0	0	0	1	1
AT2TE19800	0	0	0	1	1
AT2TE19805	0	0	0	1	1
AT2TE19810	0	0	0	1	1
AT2TE19815	0	0	0	1	1
AT2TE19820	0	0	0	1	1
AT2TE19825	0	0	0	1	1
AT2TE19830	0	0	0	1	1
AT2TE19835	0	0	0	1	1
AT2TE19840	0	0	0	1	1
AT2TE19845	0	0	0	1	1
AT2TE19850	0	0	0	1	1
AT2TE19855	0	0	0	1	1
AT2TE19860	0	0	0	1	1
AT2TE19865	0	0	0	1	1
AT2TE19870	0	0	0	1	1
AT2TE19875	0	0	0	1	1
AT2TE19880	0	0	0	1	1
AT2TE19885	0	0	0	1	1
AT2TE19890	0	0	0	1	1
AT2TE19895	0	0	0	1	1
AT2TE19900	0	0	0	1	1
AT2TE19910	184.526351773734	224.23270677108	-0.255250934584714	1	1
AT2TE19915	915.075133344571	632.700180762634	0.511009649906697	0.329625199507355	1
AT2TE19930	43094.9931527728	44915.3611797488	-0.0630480091914723	0.697279564792478	1
AT2TE19935	26322.3652040372	24436.9802985953	0.105238908519333	0.709134824375732	1
AT2TE19940	7678.15171323625	6122.90497512227	0.310109596136963	0.46275333971287	1
AT2TE19945	0	0	0	1	1
AT2TE19950	0	0	0	1	1
AT2TE19970	0	0	0	1	1
AT2TE19975	0	0	0	1	1
AT2TE19980	0	0	0	1	1
AT2TE19985	0	0	0	1	1
AT2TE19990	0	0	0	1	1
AT2TE19995	0	0	0	1	1
AT2TE20000	0	0	0	1	1
AT2TE20005	0	0	0	1	1
AT2TE20010	0	0	0	1	1
AT2TE20015	0	0	0	1	1
AT2TE20020	0	0	0	1	1
AT2TE20025	0	0	0	1	1
AT2TE20030	14.0665254308451	28.4276030119354	-0.906288643120578	1	1
AT2TE20035	0	0	0	1	1
AT2TE20040	0	0	0	1	1
AT2TE20045	0	0	0	1	1
AT2TE20050	0	0	0	1	1
AT2TE20055	0	0	0	1	1
AT2TE20060	0	0	0	1	1
AT2TE20065	0	0	0	1	1
AT2TE20070	0	0	0	1	1
AT2TE20075	0	0	0	1	1
AT2TE20080	0	0	0	1	1
AT2TE20085	0	0	0	1	1
AT2TE20090	0	0	0	1	1
AT2TE20095	0	0	0	1	1
AT2TE20100	0	0	0	1	1
AT2TE20105	0	0	0	1	1
AT2TE20110	0	0	0	1	1
AT2TE20130	0	0	0	1	1
AT2TE20135	0	0	0	1	1
AT2TE20140	0	0	0	1	1
AT2TE20145	0	0	0	1	1
AT2TE20150	0	0	0	1	1
AT2TE20155	0	0	0	1	1
AT2TE20160	0	0	0	1	1
AT2TE20165	0	0	0	1	1
AT2TE20170	0	0	0	1	1
AT2TE20175	0	0	0	1	1
AT2TE20180	0	0	0	1	1
AT2TE20185	0	0	0	1	1
AT2TE20190	0	0	0	1	1
AT2TE20195	0	0	0	1	1
AT2TE20205	0	0	0	1	1
AT2TE20210	0	0	0	1	1
AT2TE20215	0	0	0	1	1
AT2TE20220	0	0.697103828979526	-2.34990269481981	1	1
AT2TE20225	0	0	0	1	1
AT2TE20230	0	0	0	1	1
AT2TE20250	0	0	0	1	1
AT2TE20255	0	0	0	1	1
AT2TE20260	0	0	0	1	1
AT2TE20265	0	0	0	1	1
AT2TE20270	392.637765152236	207.336402803338	0.889412067498749	0.399926542474517	1
AT2TE20275	9.04876486670784	0	2.29417294433158	1	1
AT2TE20285	0	0	0	1	1
AT2TE20290	0	0	0	1	1
AT2TE20295	0	0	0	1	1
AT2TE20300	0	0	0	1	1
AT2TE20305	0	0	0	1	1
AT2TE20310	0	0	0	1	1
AT2TE20315	0	0	0	1	1
AT2TE20320	0	0	0	1	1
AT2TE20325	0	0	0	1	1
AT2TE20330	1.15810362190912	0.585114465049864	0.789098803197333	1	1
AT2TE20335	0	0	0	1	1
AT2TE20340	0	0	0	1	1
AT2TE20345	0	0	0	1	1
AT2TE20350	0	0	0	1	1
AT2TE20355	0	0	0	1	1
AT2TE20360	0	0	0	1	1
AT2TE20365	0	0	0	1	1
AT2TE20370	0	0	0	1	1
AT2TE20375	0	0	0	1	1
AT2TE20380	0	0	0	1	1
AT2TE20385	0	0	0	1	1
AT2TE20390	0	0	0	1	1
AT2TE20395	0	0	0	1	1
AT2TE20400	0	0	0	1	1
AT2TE20405	0	0	0	1	1
AT2TE20410	0	0	0	1	1
AT2TE20415	0	0	0	1	1
AT2TE20420	0	2.6803288102183	-3.20159066136566	0.501869504440093	1
AT2TE20425	0	0	0	1	1
AT2TE20430	0	0	0	1	1
AT2TE20435	0	0	0	1	1
AT2TE20440	3.62383291135341	0	2.29417294431976	0.999999999999992	1
AT2TE20445	0	0	0	1	1
AT2TE20450	0	0	0	1	1
AT2TE20455	19.3078740786441	0	2.29417294430795	0.999999999999997	1
AT2TE20460	0	0	0	1	1
AT2TE20465	0	0	0	1	1
AT2TE20470	0	0	0	1	1
AT2TE20475	0	0	0	1	1
AT2TE20480	0	0	0	1	1
AT2TE20485	0	0	0	1	1
AT2TE20490	0	0	0	1	1
AT2TE20495	0	0	0	1	1
AT2TE20500	0	0	0	1	1
AT2TE20505	0	0	0	1	1
AT2TE20510	0	0	0	1	1
AT2TE20515	0	0	0	1	1
AT2TE20520	15988.6782297231	15622.6377523216	0.0356126414609783	0.883907172895677	1
AT2TE20530	19.8274067014581	0	3.66838838007022	0.252813074401728	1
AT2TE20535	0	0	0	1	1
AT2TE20540	0	0	0	1	1
AT2TE20545	0	0	0	1	1
AT2TE20550	0	0	0	1	1
AT2TE20555	0	0	0	1	1
AT2TE20560	0	0	0	1	1
AT2TE20565	0	0	0	1	1
AT2TE20570	0	0	0	1	1
AT2TE20575	0	0	0	1	1
AT2TE20580	0	0	0	1	1
AT2TE20585	0	0	0	1	1
AT2TE20590	8.86661576055889	0	3.1391505275168	0.501872369571469	1
AT2TE20595	0	0	0	1	1
AT2TE20600	0	0	0	1	1
AT2TE20605	0	0	0	1	1
AT2TE20610	0	0	0	1	1
AT2TE20615	0	0	0	1	1
AT2TE20620	0	0	0	1	1
AT2TE20625	0	0	0	1	1
AT2TE20630	45.9367466966857	50.214242721902	-0.056634246474497	1	1
AT2TE20635	0	0	0	1	1
AT2TE20640	0	0	0	1	1
AT2TE20645	0	0	0	1	1
AT2TE20650	0	0	0	1	1
AT2TE20655	0	0	0	1	1
AT2TE20660	0	0	0	1	1
AT2TE20665	0	0	0	1	1
AT2TE20670	0	0	0	1	1
AT2TE20675	0	0	0	1	1
AT2TE20680	0	6.34176858081996	-2.34990269470011	0.999999999999994	1
AT2TE20685	0	0	0	1	1
AT2TE20690	0	0	0	1	1
AT2TE20695	0	0	0	1	1
AT2TE20700	0	0	0	1	1
AT2TE20705	0	0	0	1	1
AT2TE20710	0	0	0	1	1
AT2TE20715	0	0	0	1	1
AT2TE20720	0	0	0	1	1
AT2TE20730	0	0	0	1	1
AT2TE20735	0	0	0	1	1
AT2TE20740	0	0	0	1	1
AT2TE20750	0	0	0	1	1
AT2TE20755	10.1660182615291	5.05875181591418	0.789470799812216	0.999999999999997	1
AT2TE20770	9.58804370304656	0	2.29434778055965	1	1
AT2TE20775	0	0	0	1	1
AT2TE20780	0	0	0	1	1
AT2TE20785	0	0	0	1	1
AT2TE20790	0	0	0	1	1
AT2TE20795	0	0	0	1	1
AT2TE20800	0	0	0	1	1
AT2TE20805	0	0	0	1	1
AT2TE20810	0	0	0	1	1
AT2TE20815	0	0	0	1	1
AT2TE20820	0	0	0	1	1
AT2TE20825	0	0	0	1	1
AT2TE20830	0	0	0	1	1
AT2TE20835	116.702485038194	106.753075586411	0.123109318277158	0.672589396884168	1
AT2TE20840	0	51.5609848638688	-3.20276775745532	0.502193061026073	1
AT2TE20845	0	0	0	1	1
AT2TE20850	0	0	0	1	1
AT2TE20860	0	0	0	1	1
AT2TE20865	0	0	0	1	1
AT2TE20870	0	0	0	1	1
AT2TE20875	0	0	0	1	1
AT2TE20880	0	0	0	1	1
AT2TE20885	0	0	0	1	1
AT2TE20890	0	0	0	1	1
AT2TE20895	0	0	0	1	1
AT2TE20900	0	0	0	1	1
AT2TE20905	0	0	0	1	1
AT2TE20910	0	0	0	1	1
AT2TE20915	0	0	0	1	1
AT2TE20920	0	0	0	1	1
AT2TE20925	0	0	0	1	1
AT2TE20930	0	0	0	1	1
AT2TE20935	0	0	0	1	1
AT2TE20940	0	0	0	1	1
AT2TE20945	0	0	0	1	1
AT2TE20950	0	0	0	1	1
AT2TE20955	0	0	0	1	1
AT2TE20960	0	0	0	1	1
AT2TE20965	0	0	0	1	1
AT2TE20970	0	0	0	1	1
AT2TE20975	0	0	0	1	1
AT2TE20980	0	0	0	1	1
AT2TE20985	40.0617122953365	83.6167639774406	-1.00882279559383	0.516204531254355	1
AT2TE20990	0	23.0435223449824	-3.73545659117675	0.253986716544599	1
AT2TE21000	0	0	0	1	1
AT2TE21005	0	0	0	1	1
AT2TE21010	0	0	0	1	1
AT2TE21015	0	0	0	1	1
AT2TE21020	0	0	0	1	1
AT2TE21025	0	0	0	1	1
AT2TE21030	0	0	0	1	1
AT2TE21035	0	0	0	1	1
AT2TE21040	0	0	0	1	1
AT2TE21045	0	0	0	1	1
AT2TE21050	0	0	0	1	1
AT2TE21055	0	0	0	1	1
AT2TE21060	0	0	0	1	1
AT2TE21065	0	0	0	1	1
AT2TE21070	0	0	0	1	1
AT2TE21075	0	0	0	1	1
AT2TE21080	0	0	0	1	1
AT2TE21090	0	0	0	1	1
AT2TE21095	0	0	0	1	1
AT2TE21100	0	0	0	1	1
AT2TE21105	0	0	0	1	1
AT2TE21110	0	0	0	1	1
AT2TE21120	0	0	0	1	1
AT2TE21125	0	0	0	1	1
AT2TE21130	0	0	0	1	1
AT2TE21135	0	0	0	1	1
AT2TE21140	0	0	0	1	1
AT2TE21145	0	0	0	1	1
AT2TE21150	0	0	0	1	1
AT2TE21155	0	0	0	1	1
AT2TE21160	0	0	0	1	1
AT2TE21165	0	0	0	1	1
AT2TE21170	0	0	0	1	1
AT2TE21175	0	0	0	1	1
AT2TE21180	0	0	0	1	1
AT2TE21185	0	0	0	1	1
AT2TE21195	0	0	0	1	1
AT2TE21200	0	0	0	1	1
AT2TE21205	0	0	0	1	1
AT2TE21210	0	0	0	1	1
AT2TE21215	0	0	0	1	1
AT2TE21220	0	0	0	1	1
AT2TE21225	0	0	0	1	1
AT2TE21230	0	0	0	1	1
AT2TE21235	0	0	0	1	1
AT2TE21240	0	0	0	1	1
AT2TE21245	0	0	0	1	1
AT2TE21250	0	0	0	1	1
AT2TE21255	0	0	0	1	1
AT2TE21265	0	0	0	1	1
AT2TE21270	0	0	0	1	1
AT2TE21275	0	0	0	1	1
AT2TE21280	0	0	0	1	1
AT2TE21285	0	0	0	1	1
AT2TE21290	0	0	0	1	1
AT2TE21295	0	0	0	1	1
AT2TE21300	0	0	0	1	1
AT2TE21305	0	0	0	1	1
AT2TE21310	0	0	0	1	1
AT2TE21315	0	0	0	1	1
AT2TE21320	0	82.5608407942929	-3.20276774099411	0.502193031091522	1
AT2TE21325	312.855744797552	451.067554684743	-0.491363499761763	0.735403127980411	1
AT2TE21330	0	0	0	1	1
AT2TE21335	0	0	0	1	1
AT2TE21340	0	0	0	1	1
AT2TE21345	0	0	0	1	1
AT2TE21350	0	0	0	1	1
AT2TE21355	0	0	0	1	1
AT2TE21360	0	0	0	1	1
AT2TE21365	0	0	0	1	1
AT2TE21370	0	0	0	1	1
AT2TE21375	0	0	0	1	1
AT2TE21380	0	0	0	1	1
AT2TE21385	0	0	0	1	1
AT2TE21390	0	0	0	1	1
AT2TE21395	0	0	0	1	1
AT2TE21400	0	0	0	1	1
AT2TE21405	0	0	0	1	1
AT2TE21410	0	0	0	1	1
AT2TE21415	0	0	0	1	1
AT2TE21420	0	0	0	1	1
AT2TE21425	0	0	0	1	1
AT2TE21430	0	0	0	1	1
AT2TE21435	0	0	0	1	1
AT2TE21440	0	0	0	1	1
AT2TE21445	0	0	0	1	1
AT2TE21450	0	0	0	1	1
AT2TE21455	0	0	0	1	1
AT2TE21460	0	0	0	1	1
AT2TE21465	0	0	0	1	1
AT2TE21470	0	0	0	1	1
AT2TE21475	0	0	0	1	1
AT2TE21480	0	0	0	1	1
AT2TE21485	0	0	0	1	1
AT2TE21490	0	0	0	1	1
AT2TE21495	0	0	0	1	1
AT2TE21500	0	0	0	1	1
AT2TE21505	0	0	0	1	1
AT2TE21510	0	0	0	1	1
AT2TE21515	0	0	0	1	1
AT2TE21520	0	0	0	1	1
AT2TE21525	0	0	0	1	1
AT2TE21530	0	0	0	1	1
AT2TE21535	0	0	0	1	1
AT2TE21540	0	0	0	1	1
AT2TE21545	0	0	0	1	1
AT2TE21550	0	0	0	1	1
AT2TE21555	0	0	0	1	1
AT2TE21570	0	0	0	1	1
AT2TE21575	0	0	0	1	1
AT2TE21580	0	0	0	1	1
AT2TE21585	0	0	0	1	1
AT2TE21590	0	0	0	1	1
AT2TE21600	0	0	0	1	1
AT2TE21605	0	0	0	1	1
AT2TE21610	0	0	0	1	1
AT2TE21615	0	0	0	1	1
AT2TE21620	0	0	0	1	1
AT2TE21625	0	0	0	1	1
AT2TE21630	0	0	0	1	1
AT2TE21635	0	0	0	1	1
AT2TE21645	0	0	0	1	1
AT2TE21650	0	0	0	1	1
AT2TE21660	0	0	0	1	1
AT2TE21670	0	0	0	1	1
AT2TE21675	0	0	0	1	1
AT2TE21680	0	0	0	1	1
AT2TE21685	0	0	0	1	1
AT2TE21690	0	0	0	1	1
AT2TE21695	0	0	0	1	1
AT2TE21700	0	0	0	1	1
AT2TE21705	0	0	0	1	1
AT2TE21710	0	0	0	1	1
AT2TE21715	0	0	0	1	1
AT2TE21720	0	0	0	1	1
AT2TE21725	0	0	0	1	1
AT2TE21730	0	0	0	1	1
AT2TE21735	0	0	0	1	1
AT2TE21740	0	0	0	1	1
AT2TE21745	0	0	0	1	1
AT2TE21750	0	0	0	1	1
AT2TE21755	0	0	0	1	1
AT2TE21760	0	0	0	1	1
AT2TE21765	0	0	0	1	1
AT2TE21770	0	0	0	1	1
AT2TE21790	0	0	0	1	1
AT2TE21795	0	0	0	1	1
AT2TE21800	0	0	0	1	1
AT2TE21805	0	0	0	1	1
AT2TE21810	0	0	0	1	1
AT2TE21815	0	0	0	1	1
AT2TE21820	0	0	0	1	1
AT2TE21840	0	0	0	1	1
AT2TE21845	0	0	0	1	1
AT2TE21850	0	0	0	1	1
AT2TE21855	0	0	0	1	1
AT2TE21860	0	0	0	1	1
AT2TE21865	0	0	0	1	1
AT2TE21870	0	0	0	1	1
AT2TE21875	0	0	0	1	1
AT2TE21880	0	0	0	1	1
AT2TE21885	0	0	0	1	1
AT2TE21890	0	0	0	1	1
AT2TE21895	0	0	0	1	1
AT2TE21900	0	0	0	1	1
AT2TE21905	0	0	0	1	1
AT2TE21910	0	0	0	1	1
AT2TE21915	0	0	0	1	1
AT2TE21920	0	0	0	1	1
AT2TE21925	0	0	0	1	1
AT2TE21930	0	0	0	1	1
AT2TE21940	0	0	0	1	1
AT2TE21970	0	0	0	1	1
AT2TE21975	0	0	0	1	1
AT2TE21980	0	0	0	1	1
AT2TE21985	0	0	0	1	1
AT2TE21995	0	0	0	1	1
AT2TE22000	0	0	0	1	1
AT2TE22005	0	0	0	1	1
AT2TE22010	0	0	0	1	1
AT2TE22015	0	0	0	1	1
AT2TE22020	0	0	0	1	1
AT2TE22030	0	0	0	1	1
AT2TE22035	0	0	0	1	1
AT2TE22040	0	0	0	1	1
AT2TE22045	0	0	0	1	1
AT2TE22055	0	0	0	1	1
AT2TE22060	0	0	0	1	1
AT2TE22065	0	0	0	1	1
AT2TE22070	0	0	0	1	1
AT2TE22075	0	0	0	1	1
AT2TE22080	0	0	0	1	1
AT2TE22090	0	0	0	1	1
AT2TE22095	0	0	0	1	1
AT2TE22100	0	0	0	1	1
AT2TE22105	0	0	0	1	1
AT2TE22110	0	0	0	1	1
AT2TE22115	0	0	0	1	1
AT2TE22120	0	5.21374336091241	-2.34990269458042	1	1
AT2TE22125	0	0	0	1	1
AT2TE22130	0	0	0	1	1
AT2TE22135	0	0	0	1	1
AT2TE22140	0	0	0	1	1
AT2TE22145	0	0	0	1	1
AT2TE22150	0	0	0	1	1
AT2TE22155	0	0	0	1	1
AT2TE22160	0	0	0	1	1
AT2TE22165	0	0	0	1	1
AT2TE22170	0	0	0	1	1
AT2TE22175	0	0	0	1	1
AT2TE22180	0	0	0	1	1
AT2TE22185	0	0	0	1	1
AT2TE22190	0	0	0	1	1
AT2TE22220	0	0	0	1	1
AT2TE22225	0	0	0	1	1
AT2TE22230	0	0	0	1	1
AT2TE22235	0	0	0	1	1
AT2TE22240	0	0	0	1	1
AT2TE22245	0	0	0	1	1
AT2TE22255	0	0	0	1	1
AT2TE22260	0	0	0	1	1
AT2TE22265	0	0	0	1	1
AT2TE22270	0	0	0	1	1
AT2TE22275	0	0	0	1	1
AT2TE22280	0	0	0	1	1
AT2TE22285	0	0	0	1	1
AT2TE22290	0	0	0	1	1
AT2TE22295	0	0	0	1	1
AT2TE22305	0	0	0	1	1
AT2TE22310	0	0	0	1	1
AT2TE22315	0	0	0	1	1
AT2TE22325	0	0	0	1	1
AT2TE22330	0	0	0	1	1
AT2TE22335	1.53407703964936	0	2.29417294429613	1	1
AT2TE22340	0	0	0	1	1
AT2TE22345	0	0	0	1	1
AT2TE22350	0	0	0	1	1
AT2TE22355	0	0	0	1	1
AT2TE22360	0	0	0	1	1
AT2TE22390	0	0	0	1	1
AT2TE22395	0	0	0	1	1
AT2TE22400	0	0	0	1	1
AT2TE22470	0	0	0	1	1
AT2TE22475	0	0	0	1	1
AT2TE22480	0	0	0	1	1
AT2TE22485	0	0	0	1	1
AT2TE22490	0	0	0	1	1
AT2TE22495	0	0	0	1	1
AT2TE22500	0	0	0	1	1
AT2TE22505	0	0	0	1	1
AT2TE22510	0	0	0	1	1
AT2TE22515	0	0	0	1	1
AT2TE22520	0	0	0	1	1
AT2TE22525	0	0	0	1	1
AT2TE22540	0	0	0	1	1
AT2TE22545	0	0	0	1	1
AT2TE22550	0	0	0	1	1
AT2TE22555	0	0	0	1	1
AT2TE22565	0	0	0	1	1
AT2TE22570	0	0	0	1	1
AT2TE22575	0	0	0	1	1
AT2TE22580	0	0	0	1	1
AT2TE22585	0	0	0	1	1
AT2TE22590	454.779422558318	505.877773921477	-0.146669093614156	1	1
AT2TE22630	0	0	0	1	1
AT2TE22635	0	0	0	1	1
AT2TE22640	0	0	0	1	1
AT2TE22645	0	0	0	1	1
AT2TE22650	0	0	0	1	1
AT2TE22655	0	0	0	1	1
AT2TE22660	0	0	0	1	1
AT2TE22665	0	0	0	1	1
AT2TE22670	0	0	0	1	1
AT2TE22675	0	0	0	1	1
AT2TE22680	0	0	0	1	1
AT2TE22685	0	0	0	1	1
AT2TE22690	0	0	0	1	1
AT2TE22695	0	0	0	1	1
AT2TE22720	0	0	0	1	1
AT2TE22725	0	0	0	1	1
AT2TE22740	0	0	0	1	1
AT2TE22745	0	0	0	1	1
AT2TE22780	0	0	0	1	1
AT2TE22785	0	0	0	1	1
AT2TE22790	0	0	0	1	1
AT2TE22795	0	0	0	1	1
AT2TE22800	0	0	0	1	1
AT2TE22805	0	0	0	1	1
AT2TE22810	0	0	0	1	1
AT2TE22815	1937.56615119371	1946.89275911722	-0.00660407131973006	1	1
AT2TE22850	0	0	0	1	1
AT2TE22855	0	0	0	1	1
AT2TE22860	0	0	0	1	1
AT2TE22865	0	0	0	1	1
AT2TE22870	110.042867242648	206.998476058633	-0.88442399677839	0.433515106039357	1
AT2TE22875	0	0	0	1	1
AT2TE22880	0	0	0	1	1
AT2TE22890	0	5.00911565745877	-2.34990269446073	0.999999999999994	1
AT2TE22895	0	0	0	1	1
AT2TE22905	0	0	0	1	1
AT2TE22910	0	0	0	1	1
AT2TE22915	0	0	0	1	1
AT2TE22920	0	0	0	1	1
AT2TE22950	0	0	0	1	1
AT2TE22980	0	0	0	1	1
AT2TE22985	0	0	0	1	1
AT2TE23110	0	0	0	1	1
AT2TE23115	0	0	0	1	1
AT2TE23120	0	0	0	1	1
AT2TE23125	0	0	0	1	1
AT2TE23130	0	0	0	1	1
AT2TE23140	0	0	0	1	1
AT2TE23145	0	0	0	1	1
AT2TE23155	0	0	0	1	1
AT2TE23160	0	0	0	1	1
AT2TE23165	0	0	0	1	1
AT2TE23170	0	0	0	1	1
AT2TE23175	0	0	0	1	1
AT2TE23180	0	0	0	1	1
AT2TE23185	0	0	0	1	1
AT2TE23190	0	0	0	1	1
AT2TE23195	0	0	0	1	1
AT2TE23200	0	0	0	1	1
AT2TE23205	0	0	0	1	1
AT2TE23210	0	0	0	1	1
AT2TE23215	0	0	0	1	1
AT2TE23220	0	0	0	1	1
AT2TE23225	0	0	0	1	1
AT2TE23230	0	0	0	1	1
AT2TE23240	0	0	0	1	1
AT2TE23245	0	4.01978244689769	-2.34990269434103	1	1
AT2TE23250	0	0	0	1	1
AT2TE23255	0	0	0	1	1
AT2TE23260	0	0	0	1	1
AT2TE23290	0	0	0	1	1
AT2TE23295	0	0	0	1	1
AT2TE23300	0	0	0	1	1
AT2TE23305	0	0	0	1	1
AT2TE23310	0	0	0	1	1
AT2TE23315	0	0	0	1	1
AT2TE23320	0	0	0	1	1
AT2TE23325	0	0	0	1	1
AT2TE23330	0	0	0	1	1
AT2TE23335	0	0	0	1	1
AT2TE23340	0	0	0	1	1
AT2TE23345	0	0	0	1	1
AT2TE23350	0	0	0	1	1
AT2TE23355	0	0	0	1	1
AT2TE23370	0	0	0	1	1
AT2TE23375	0	0	0	1	1
AT2TE23380	0	0	0	1	1
AT2TE23385	0	0	0	1	1
AT2TE23390	0	0	0	1	1
AT2TE23395	0	0	0	1	1
AT2TE23400	0	0	0	1	1
AT2TE23405	0	0	0	1	1
AT2TE23410	0	0	0	1	1
AT2TE23415	0	0	0	1	1
AT2TE23420	0	0	0	1	1
AT2TE23425	0	0	0	1	1
AT2TE23430	0	0	0	1	1
AT2TE23435	0	0	0	1	1
AT2TE23440	0	0	0	1	1
AT2TE23470	0	0	0	1	1
AT2TE23475	144.83586017308	79.1612767615867	0.788314080350083	0.999999999999997	1
AT2TE23480	261.611978832439	288.468911620262	-0.131467741444861	0.780364045588807	1
AT2TE23485	489.470673495299	465.185091359701	0.0792958209152	1	1
AT2TE23490	0	0	0	1	1
AT2TE23495	0	0	0	1	1
AT2TE23500	0	0	0	1	1
AT2TE23505	0	0	0	1	1
AT2TE23510	0	0	0	1	1
AT2TE23515	0	0	0	1	1
AT2TE23520	0	0	0	1	1
AT2TE23540	0	0	0	1	1
AT2TE23545	11.3616339209101	22.5740634430345	-0.967906284815627	0.183657414178969	1
AT2TE23550	0	0	0	1	1
AT2TE23555	0	0	0	1	1
AT2TE23560	0	0	0	1	1
AT2TE23565	0	0	0	1	1
AT2TE23570	0	0	0	1	1
AT2TE23575	23.4943666311294	0	2.29434778056614	1	1
AT2TE23580	0	0	0	1	1
AT2TE23585	0	0	0	1	1
AT2TE23590	0	0	0	1	1
AT2TE23595	0	0	0	1	1
AT2TE23600	0	0	0	1	1
AT2TE23605	0	0	0	1	1
AT2TE23610	0	0	0	1	1
AT2TE23615	0	0	0	1	1
AT2TE23620	0	0	0	1	1
AT2TE23625	0	0	0	1	1
AT2TE23630	0	0	0	1	1
AT2TE23635	0	0	0	1	1
AT2TE23640	0	0	0	1	1
AT2TE23645	0	0	0	1	1
AT2TE23650	0	0	0	1	1
AT2TE23655	0	0	0	1	1
AT2TE23660	0	0	0	1	1
AT2TE23665	0	0	0	1	1
AT2TE23670	0	0	0	1	1
AT2TE23675	0	0	0	1	1
AT2TE23680	0	0	0	1	1
AT2TE23685	0	0	0	1	1
AT2TE23690	0	0	0	1	1
AT2TE23695	0	0	0	1	1
AT2TE23700	0	0	0	1	1
AT2TE23705	0	0	0	1	1
AT2TE23710	0	0	0	1	1
AT2TE23715	0	0	0	1	1
AT2TE23720	0	0	0	1	1
AT2TE23725	0	0	0	1	1
AT2TE23730	0	0	0	1	1
AT2TE23735	0	0	0	1	1
AT2TE23740	0	0	0	1	1
AT2TE23745	0	0	0	1	1
AT2TE23750	0	0	0	1	1
AT2TE23755	9.08946395906185	0	2.29417294428431	0.999999999999998	1
AT2TE23760	0	0	0	1	1
AT2TE23765	0	8.36905525829519	-2.34990269422134	0.999999999999996	1
AT2TE23770	0	0	0	1	1
AT2TE23775	0	0	0	1	1
AT2TE23800	0	0	0	1	1
AT2TE23805	0	0	0	1	1
AT2TE23815	0	0	0	1	1
AT2TE23820	0	0	0	1	1
AT2TE23825	0	0	0	1	1
AT2TE23830	0	0	0	1	1
AT2TE23835	0	0	0	1	1
AT2TE23845	0	0	0	1	1
AT2TE23850	38.8632850044503	0	2.29417294427249	1	1
AT2TE23855	6.42973438361872	25.8875917295406	-1.94343011703913	0.00867161822065413	1
AT2TE23865	0	0	0	1	1
AT2TE23870	2.61658833468901	2.73216938869436	-0.0622704858413032	1	1
AT2TE23875	0	0	0	1	1
AT2TE23880	0	0	0	1	1
AT2TE23890	0	0	0	1	1
AT2TE23895	0	0	0	1	1
AT2TE23900	0	0	0	1	1
AT2TE23905	0	0	0	1	1
AT2TE23910	0	0	0	1	1
AT2TE23915	0	0	0	1	1
AT2TE23920	0	0	0	1	1
AT2TE23925	0	0	0	1	1
AT2TE23930	0	0	0	1	1
AT2TE23940	0	0	0	1	1
AT2TE23945	0	0	0	1	1
AT2TE23950	0	0	0	1	1
AT2TE23955	0	0	0	1	1
AT2TE23960	0	0	0	1	1
AT2TE23965	4.41214716002082	7.76277339992316	-0.814998164686394	0.296534476846414	1
AT2TE23970	0	0	0	1	1
AT2TE24030	0	0	0	1	1
AT2TE24035	0	0	0	1	1
AT2TE24040	0	0	0	1	1
AT2TE24045	0	0	0	1	1
AT2TE24050	0	0	0	1	1
AT2TE24110	0	0	0	1	1
AT2TE24115	0	0	0	1	1
AT2TE24120	0	0	0	1	1
AT2TE24130	0	0	0	1	1
AT2TE24135	0	0	0	1	1
AT2TE24140	0	0	0	1	1
AT2TE24170	0	0	0	1	1
AT2TE24175	0	0	0	1	1
AT2TE24185	0	0	0	1	1
AT2TE24190	0	0	0	1	1
AT2TE24195	0	0	0	1	1
AT2TE24200	0	0	0	1	1
AT2TE24205	0	0	0	1	1
AT2TE24210	0	0	0	1	1
AT2TE24215	0	0	0	1	1
AT2TE24220	0	0	0	1	1
AT2TE24225	0	0	0	1	1
AT2TE24230	0	0	0	1	1
AT2TE24235	0	0	0	1	1
AT2TE24240	0	0	0	1	1
AT2TE24245	0	0	0	1	1
AT2TE24250	0	0	0	1	1
AT2TE24260	0	0	0	1	1
AT2TE24265	0	0	0	1	1
AT2TE24270	0	0	0	1	1
AT2TE24275	0	0	0	1	1
AT2TE24280	0	0	0	1	1
AT2TE24330	0	0	0	1	1
AT2TE24335	0	0	0	1	1
AT2TE24340	0	0	0	1	1
AT2TE24370	0	0	0	1	1
AT2TE24375	0	0	0	1	1
AT2TE24380	0	0	0	1	1
AT2TE24385	0	0	0	1	1
AT2TE24390	0	0	0	1	1
AT2TE24395	0	0	0	1	1
AT2TE24400	0	0	0	1	1
AT2TE24405	0	0	0	1	1
AT2TE24410	0	0	0	1	1
AT2TE24415	0	6.77998785538341	-3.20159066181085	0.501869522454758	1
AT2TE24420	0	0	0	1	1
AT2TE24425	0	0	0	1	1
AT2TE24430	0	0	0	1	1
AT2TE24435	0	0	0	1	1
AT2TE24440	0	0	0	1	1
AT2TE24445	0	0	0	1	1
AT2TE24450	0	0	0	1	1
AT2TE24455	0	0	0	1	1
AT2TE24460	0	0	0	1	1
AT2TE24465	0	0	0	1	1
AT2TE24470	0	0	0	1	1
AT2TE24475	0	0	0	1	1
AT2TE24485	0	0	0	1	1
AT2TE24490	0	0	0	1	1
AT2TE24495	0	0	0	1	1
AT2TE24500	224.171747617077	137.749024501869	0.672558831946437	0.526572696798523	1
AT2TE24505	0	100.428485443804	-2.35098262328751	1	1
AT2TE24515	0	0	0	1	1
AT2TE24520	164.680997653184	184.733879708378	-0.166912825144319	0.609741574827276	1
AT2TE24525	1.46547557667253	4.73376009150153	-1.43965564559201	0.627824070884096	1
AT2TE24530	6.96458639941902	14.7672107683021	-0.982024403068156	0.690975060469397	1
AT2TE24535	0	0	0	1	1
AT2TE24540	0	0	0	1	1
AT2TE24590	0	0	0	1	1
AT2TE24595	0	0	0	1	1
AT2TE24600	8.96845038564239	0	2.29417294426067	1	1
AT2TE24605	0	0	0	1	1
AT2TE24610	0	0	0	1	1
AT2TE24615	0	0	0	1	1
AT2TE24620	0	0	0	1	1
AT2TE24625	0	0	0	1	1
AT2TE24630	0	0	0	1	1
AT2TE24635	0	0	0	1	1
AT2TE24640	0	9.81754559146166	-2.34990269410164	1	1
AT2TE24645	0	0	0	1	1
AT2TE24650	22.4654162677222	71.4728667829993	-1.43949078315238	0.627825599855255	1
AT2TE24655	0	0	0	1	1
AT2TE24670	0	0	0	1	1
AT2TE24675	0	0	0	1	1
AT2TE24680	0	0.598959277615709	-2.35098262309614	1	1
AT2TE24685	0	0	0	1	1
AT2TE24730	0	0	0	1	1
AT2TE24735	0.526730882771004	0	2.29417294424885	1	1
AT2TE24740	0	0	0	1	1
AT2TE24745	0	0	0	1	1
AT2TE24750	0	0	0	1	1
AT2TE24755	0	0	0	1	1
AT2TE24760	0	0	0	1	1
AT2TE24765	0	0	0	1	1
AT2TE24770	0	0	0	1	1
AT2TE24775	0	0	0	1	1
AT2TE24800	0	0	0	1	1
AT2TE24805	0	0	0	1	1
AT2TE24815	0	0	0	1	1
AT2TE24820	0	1.73018990093466	-2.35098262290477	0.999999999999999	1
AT2TE24825	0	0	0	1	1
AT2TE24830	0	0	0	1	1
AT2TE24835	0	0	0	1	1
AT2TE24840	0	0	0	1	1
AT2TE24845	0	0	0	1	1
AT2TE24850	0	0	0	1	1
AT2TE24860	0	0	0	1	1
AT2TE24865	0	0	0	1	1
AT2TE24870	0	0	0	1	1
AT2TE24875	0	0	0	1	1
AT2TE24880	0	0	0	1	1
AT2TE24885	0	0	0	1	1
AT2TE24900	0	0	0	1	1
AT2TE24905	0	0	0	1	1
AT2TE24910	0	0	0	1	1
AT2TE24915	0	0	0	1	1
AT2TE24920	0	0	0	1	1
AT2TE24925	0	0	0	1	1
AT2TE24930	0	0	0	1	1
AT2TE24935	0	0	0	1	1
AT2TE24940	0	0	0	1	1
AT2TE24945	0	0	0	1	1
AT2TE24950	0	0	0	1	1
AT2TE24955	0	0	0	1	1
AT2TE24960	0	0	0	1	1
AT2TE24965	0	0	0	1	1
AT2TE24970	0	0	0	1	1
AT2TE24975	0	0	0	1	1
AT2TE24980	0	0	0	1	1
AT2TE24985	0	0	0	1	1
AT2TE24990	0	0	0	1	1
AT2TE24995	0	0	0	1	1
AT2TE25000	0	0	0	1	1
AT2TE25005	0	0	0	1	1
AT2TE25010	0	0	0	1	1
AT2TE25015	0	0	0	1	1
AT2TE25020	133.281305469832	127.107706651539	0.0686556978469664	0.654494887768043	1
AT2TE25025	0	0	0	1	1
AT2TE25030	0	0	0	1	1
AT2TE25035	0	0	0	1	1
AT2TE25040	0	0	0	1	1
AT2TE25050	0	0	0	1	1
AT2TE25060	0	0	0	1	1
AT2TE25065	0	0	0	1	1
AT2TE25070	0	0	0	1	1
AT2TE25075	112.271712235079	0	2.29417294423703	0.999999999999999	1
AT2TE25080	37.4239040783596	0	2.29417294422522	1	1
AT2TE25085	62.5017779453016	63.1561695780626	-0.0557300351004902	1	1
AT2TE25090	35.6841974339472	0	4.05545152368939	0.130339124424302	1
AT2TE25095	0	0	0	1	1
AT2TE25100	0	0	0	1	1
AT2TE25105	0	0	0	1	1
AT2TE25110	0	0	0	1	1
AT2TE25115	0	0	0	1	1
AT2TE25140	0	0	0	1	1
AT2TE25160	0	0	0	1	1
AT2TE25165	0	0	0	1	1
AT2TE25170	0	0	0	1	1
AT2TE25175	0	0	0	1	1
AT2TE25180	0	0	0	1	1
AT2TE25185	0	0	0	1	1
AT2TE25190	0	0	0	1	1
AT2TE25200	0	0	0	1	1
AT2TE25205	0	0	0	1	1
AT2TE25210	0	0	0	1	1
AT2TE25215	0	0	0	1	1
AT2TE25220	0	0	0	1	1
AT2TE25225	0	0	0	1	1
AT2TE25230	0	0	0	1	1
AT2TE25235	0	0	0	1	1
AT2TE25240	0	0	0	1	1
AT2TE25245	0	0	0	1	1
AT2TE25250	0	0	0	1	1
AT2TE25255	0	0	0	1	1
AT2TE25260	0	0	0	1	1
AT2TE25290	0	0	0	1	1
AT2TE25295	174.987815003867	308.937356879512	-0.758180752949985	0.730258531993479	1
AT2TE25300	37.2705274223007	0	3.66814591465994	0.253793458914141	1
AT2TE25305	0	0	0	1	1
AT2TE25310	0	0	0	1	1
AT2TE25315	0	0	0	1	1
AT2TE25320	12.8446450438438	0	2.2941729442134	0.999999999999991	1
AT2TE25325	0	0	0	1	1
AT2TE25330	0	0	0	1	1
AT2TE25335	0	0	0	1	1
AT2TE25340	0	0	0	1	1
AT2TE25350	0	0	0	1	1
AT2TE25355	0	0	0	1	1
AT2TE25360	0	0	0	1	1
AT2TE25365	0	0	0	1	1
AT2TE25390	0	0	0	1	1
AT2TE25395	0	0	0	1	1
AT2TE25400	0	0	0	1	1
AT2TE25405	0	0	0	1	1
AT2TE25410	0	0	0	1	1
AT2TE25415	0	0	0	1	1
AT2TE25425	0	0	0	1	1
AT2TE25430	0	0	0	1	1
AT2TE25435	0	0	0	1	1
AT2TE25440	0	0	0	1	1
AT2TE25445	0	0	0	1	1
AT2TE25450	0	0	0	1	1
AT2TE25460	0	0	0	1	1
AT2TE25465	0	0	0	1	1
AT2TE25470	0	0	0	1	1
AT2TE25475	0	0	0	1	1
AT2TE25480	0	0	0	1	1
AT2TE25485	0	0	0	1	1
AT2TE25490	0	0	0	1	1
AT2TE25495	0	0	0	1	1
AT2TE25505	0	0	0	1	1
AT2TE25510	0	0	0	1	1
AT2TE25515	0	0	0	1	1
AT2TE25520	0	0	0	1	1
AT2TE25525	0	0	0	1	1
AT2TE25530	0	0	0	1	1
AT2TE25535	0	0	0	1	1
AT2TE25540	0	0	0	1	1
AT2TE25545	0	0	0	1	1
AT2TE25550	0	0	0	1	1
AT2TE25555	0	0	0	1	1
AT2TE25560	0	0	0	1	1
AT2TE25565	0	0	0	1	1
AT2TE25620	0	0	0	1	1
AT2TE25625	0	0	0	1	1
AT2TE25630	0	0	0	1	1
AT2TE25635	0	0	0	1	1
AT2TE25640	0	0	0	1	1
AT2TE25645	0	0	0	1	1
AT2TE25650	0	0	0	1	1
AT2TE25655	0	0	0	1	1
AT2TE25660	0	0	0	1	1
AT2TE25665	0	0	0	1	1
AT2TE25670	0	0	0	1	1
AT2TE25675	0	0	0	1	1
AT2TE25680	0	0	0	1	1
AT2TE25685	0	0	0	1	1
AT2TE25690	0	0	0	1	1
AT2TE25695	0	0	0	1	1
AT2TE25700	0	0	0	1	1
AT2TE25730	0	0	0	1	1
AT2TE25735	0	0	0	1	1
AT2TE25740	0	0	0	1	1
AT2TE25745	0	0	0	1	1
AT2TE25760	0	0	0	1	1
AT2TE25780	0	0	0	1	1
AT2TE25820	0	0	0	1	1
AT2TE25825	0	0	0	1	1
AT2TE25830	2.74951132004275	0	2.29417294420158	1	1
AT2TE25835	0	0	0	1	1
AT2TE25840	0	0	0	1	1
AT2TE25845	0	0	0	1	1
AT2TE25850	0	0	0	1	1
AT2TE25855	0	0	0	1	1
AT2TE25865	0	0	0	1	1
AT2TE25870	0	0	0	1	1
AT2TE25875	2.89664236058015	18.1376067108256	-2.38298020855631	0.129788768230338	1
AT2TE25890	0	0	0	1	1
AT2TE25930	0	0	0	1	1
AT2TE25935	0	0	0	1	1
AT2TE25940	200.181003676216	112.269493221021	0.81772264161116	0.223357435329704	1
AT2TE25960	0	0	0	1	1
AT2TE25965	0	0	0	1	1
AT2TE25970	0	0	0	1	1
AT2TE25975	0	0	0	1	1
AT2TE25980	0	0	0	1	1
AT2TE25985	0	0	0	1	1
AT2TE25990	0	0	0	1	1
AT2TE25995	0	0	0	1	1
AT2TE26000	0	0	0	1	1
AT2TE26005	0	0	0	1	1
AT2TE26010	0	0	0	1	1
AT2TE26015	0	0	0	1	1
AT2TE26020	0	0	0	1	1
AT2TE26025	0	0	0	1	1
AT2TE26030	0	0	0	1	1
AT2TE26035	0	0	0	1	1
AT2TE26040	0	0	0	1	1
AT2TE26070	0	0	0	1	1
AT2TE26090	0	0	0	1	1
AT2TE26095	0	0	0	1	1
AT2TE26100	0	0	0	1	1
AT2TE26105	0	0	0	1	1
AT2TE26110	70553.1646116731	64349.6073996003	0.133033815053564	0.0431421892986685	1
AT2TE26115	0	0	0	1	1
AT2TE26120	0	0	0	1	1
AT2TE26130	0	0	0	1	1
AT2TE26140	0	0	0	1	1
AT2TE26145	0	0	0	1	1
AT2TE26150	0	0	0	1	1
AT2TE26155	0	0	0	1	1
AT2TE26160	0	0	0	1	1
AT2TE26165	0	0	0	1	1
AT2TE26170	0	0	0	1	1
AT2TE26175	0	0	0	1	1
AT2TE26180	0	0	0	1	1
AT2TE26185	0	0	0	1	1
AT2TE26190	0	0	0	1	1
AT2TE26195	0	0	0	1	1
AT2TE26200	0	0	0	1	1
AT2TE26205	0	0	0	1	1
AT2TE26210	0	0	0	1	1
AT2TE26215	0	0	0	1	1
AT2TE26225	0	0	0	1	1
AT2TE26230	0	0	0	1	1
AT2TE26235	0	0	0	1	1
AT2TE26240	0	0	0	1	1
AT2TE26245	0	0	0	1	1
AT2TE26250	0	0	0	1	1
AT2TE26255	0	0	0	1	1
AT2TE26260	0	0	0	1	1
AT2TE26270	0	0	0	1	1
AT2TE26275	0	0	0	1	1
AT2TE26280	0	30.0347125556237	-3.20159066225605	0.501869540469837	1
AT2TE26285	0	0	0	1	1
AT2TE26290	0	0	0	1	1
AT2TE26295	0	0	0	1	1
AT2TE26300	0	0	0	1	1
AT2TE26305	0	0	0	1	1
AT2TE26310	0	0	0	1	1
AT2TE26315	0	0	0	1	1
AT2TE26320	0	0	0	1	1
AT2TE26325	0	0	0	1	1
AT2TE26330	0	0	0	1	1
AT2TE26350	0	0	0	1	1
AT2TE26355	0	0	0	1	1
AT2TE26360	0	0	0	1	1
AT2TE26365	0	0	0	1	1
AT2TE26370	0	0	0	1	1
AT2TE26375	0	0	0	1	1
AT2TE26380	0	0	0	1	1
AT2TE26385	0	0	0	1	1
AT2TE26410	0	0	0	1	1
AT2TE26415	0	0	0	1	1
AT2TE26420	0	0	0	1	1
AT2TE26425	0	0	0	1	1
AT2TE26430	0	0	0	1	1
AT2TE26435	0	0	0	1	1
AT2TE26440	0	0	0	1	1
AT2TE26445	0	0	0	1	1
AT2TE26450	0	0	0	1	1
AT2TE26455	0	0	0	1	1
AT2TE26465	0	0	0	1	1
AT2TE26470	0	0	0	1	1
AT2TE26475	0	0	0	1	1
AT2TE26480	0	0	0	1	1
AT2TE26485	0	0	0	1	1
AT2TE26490	0	0	0	1	1
AT2TE26495	0	0	0	1	1
AT2TE26500	0	0	0	1	1
AT2TE26505	0	0	0	1	1
AT2TE26510	0	0	0	1	1
AT2TE26520	0	0	0	1	1
AT2TE26525	0	0	0	1	1
AT2TE26530	0	0	0	1	1
AT2TE26535	0	0	0	1	1
AT2TE26560	0	0	0	1	1
AT2TE26565	0	0	0	1	1
AT2TE26570	0	0	0	1	1
AT2TE26575	0	0	0	1	1
AT2TE26600	0	0	0	1	1
AT2TE26610	0	0	0	1	1
AT2TE26615	0	0	0	1	1
AT2TE26620	0	0	0	1	1
AT2TE26625	0	0	0	1	1
AT2TE26630	0	0	0	1	1
AT2TE26635	0	0	0	1	1
AT2TE26640	0	0	0	1	1
AT2TE26645	0	0	0	1	1
AT2TE26650	0	0	0	1	1
AT2TE26655	0	0	0	1	1
AT2TE26660	0	0	0	1	1
AT2TE26665	0	0	0	1	1
AT2TE26670	0	0	0	1	1
AT2TE26675	0	0	0	1	1
AT2TE26680	0	0	0	1	1
AT2TE26685	0	0	0	1	1
AT2TE26700	0	0	0	1	1
AT2TE26720	0	0	0	1	1
AT2TE26725	0	0	0	1	1
AT2TE26730	0	0	0	1	1
AT2TE26735	0	0	0	1	1
AT2TE26740	0	0	0	1	1
AT2TE26745	0	0	0	1	1
AT2TE26750	0	0	0	1	1
AT2TE26770	0	0	0	1	1
AT2TE26780	0	0	0	1	1
AT2TE26785	0	0	0	1	1
AT2TE26790	0	0	0	1	1
AT2TE26800	0	0	0	1	1
AT2TE26830	0	0	0	1	1
AT2TE26835	0	0	0	1	1
AT2TE26840	0	0	0	1	1
AT2TE26845	0	0	0	1	1
AT2TE26850	0	0	0	1	1
AT2TE26855	0	0	0	1	1
AT2TE26860	0	0	0	1	1
AT2TE26865	0	0	0	1	1
AT2TE26870	0	0	0	1	1
AT2TE26875	0	0	0	1	1
AT2TE26880	0	0	0	1	1
AT2TE26885	0	0	0	1	1
AT2TE26890	0	0	0	1	1
AT2TE26900	0	0	0	1	1
AT2TE26910	0	0	0	1	1
AT2TE26915	0	0	0	1	1
AT2TE26920	0	0	0	1	1
AT2TE26930	0	0	0	1	1
AT2TE26980	0	0	0	1	1
AT2TE26985	0	0	0	1	1
AT2TE26990	0	0	0	1	1
AT2TE26995	0	0	0	1	1
AT2TE27000	0	0	0	1	1
AT2TE27005	0	0	0	1	1
AT2TE27010	0	0	0	1	1
AT2TE27015	0	0	0	1	1
AT2TE27020	0	0	0	1	1
AT2TE27030	0	0	0	1	1
AT2TE27040	0	0	0	1	1
AT2TE27050	4148.06309403774	3509.48611713231	0.243277265244638	0.301358541818943	1
AT2TE27080	0	0	0	1	1
AT2TE27085	0	0	0	1	1
AT2TE27090	0	0	0	1	1
AT2TE27095	0	39.0200538157457	-4.11755390029508	0.130170394217491	1
AT2TE27105	0	0	0	1	1
AT2TE27110	0	0	0	1	1
AT2TE27115	0	0	0	1	1
AT2TE27120	0	0	0	1	1
AT2TE27125	288.618815387011	361.384563163925	-0.283313232775547	1	1
AT2TE27130	0	0	0	1	1
AT2TE27135	0	0	0	1	1
AT2TE27140	0	0	0	1	1
AT2TE27145	0	0	0	1	1
AT2TE27150	0	0	0	1	1
AT2TE27155	0	0	0	1	1
AT2TE27160	0	0	0	1	1
AT2TE27165	0	0	0	1	1
AT2TE27170	0	0	0	1	1
AT2TE27175	0	0	0	1	1
AT2TE27180	63.5944663709188	23.5269528836884	1.31702804111775	0.628731239387661	1
AT2TE27190	0	0	0	1	1
AT2TE27195	0	41.7932206505272	-2.35098262271341	1	1
AT2TE27200	0	0	0	1	1
AT2TE27205	0	0	0	1	1
AT2TE27210	0	0	0	1	1
AT2TE27215	0	0	0	1	1
AT2TE27220	0	0	0	1	1
AT2TE27225	0	0	0	1	1
AT2TE27230	0	0	0	1	1
AT2TE27235	0	0	0	1	1
AT2TE27240	0	0	0	1	1
AT2TE27245	0	0	0	1	1
AT2TE27250	0	0	0	1	1
AT2TE27255	0	0	0	1	1
AT2TE27265	0	0	0	1	1
AT2TE27270	0	0	0	1	1
AT2TE27275	0	0	0	1	1
AT2TE27280	0	0	0	1	1
AT2TE27285	0	0	0	1	1
AT2TE27290	0	0	0	1	1
AT2TE27295	0	0	0	1	1
AT2TE27300	0	0	0	1	1
AT2TE27305	0	0	0	1	1
AT2TE27330	0	0	0	1	1
AT2TE27335	0	0	0	1	1
AT2TE27340	0	0	0	1	1
AT2TE27345	0	0	0	1	1
AT2TE27350	0	0	0	1	1
AT2TE27355	0	0	0	1	1
AT2TE27360	0	0	0	1	1
AT2TE27365	0	0	0	1	1
AT2TE27370	0	0	0	1	1
AT2TE27375	0	0	0	1	1
AT2TE27380	0	0	0	1	1
AT2TE27390	0	0	0	1	1
AT2TE27395	0	0	0	1	1
AT2TE27400	0	0	0	1	1
AT2TE27405	0	0	0	1	1
AT2TE27410	0	0	0	1	1
AT2TE27415	0	0	0	1	1
AT2TE27425	34.3884025550608	0	2.29434778057262	0.999999999999997	1
AT2TE27435	0	0	0	1	1
AT2TE27440	0	0	0	1	1
AT2TE27445	0	0	0	1	1
AT2TE27450	0	0	0	1	1
AT2TE27455	0	0	0	1	1
AT2TE27460	0	0	0	1	1
AT2TE27465	0	0	0	1	1
AT2TE27470	0	0	0	1	1
AT2TE27480	0	0	0	1	1
AT2TE27490	0	0	0	1	1
AT2TE27495	0	0	0	1	1
AT2TE27500	0	0	0	1	1
AT2TE27505	0	0	0	1	1
AT2TE27510	0	0	0	1	1
AT2TE27520	0	0	0	1	1
AT2TE27525	0	0	0	1	1
AT2TE27530	0	40.0518364567552	-2.35098262252204	1	1
AT2TE27535	0	64.0829383308083	-2.35098262233067	1	1
AT2TE27540	0	0	0	1	1
AT2TE27550	0	0	0	1	1
AT2TE27555	0	0	0	1	1
AT2TE27560	0	0	0	1	1
AT2TE27565	0	0	0	1	1
AT2TE27575	0	0	0	1	1
AT2TE27585	0	0	0	1	1
AT2TE27595	0	0	0	1	1
AT2TE27600	0	0	0	1	1
AT2TE27605	0	0	0	1	1
AT2TE27640	0	0	0	1	1
AT2TE27645	0	0	0	1	1
AT2TE27670	0	0	0	1	1
AT2TE27675	753.827556271978	666.217416970833	0.188481563698874	0.62359812107032	1
AT2TE27680	0	0	0	1	1
AT2TE27690	0	0	0	1	1
AT2TE27695	0	0	0	1	1
AT2TE27700	577.080380377115	191.442139033502	1.31901801452201	0.628740604947863	1
AT2TE27705	210.169648562451	46.0870446899649	2.0085483426561	0.225194019378261	1
AT2TE27710	0	0	0	1	1
AT2TE27715	0	0	0	1	1
AT2TE27740	0	0	0	1	1
AT2TE27750	0	0	0	1	1
AT2TE27755	0	0	0	1	1
AT2TE27760	0	0	0	1	1
AT2TE27765	0	0	0	1	1
AT2TE27770	0	0	0	1	1
AT2TE27775	0	0	0	1	1
AT2TE27780	0	0	0	1	1
AT2TE27785	0	0	0	1	1
AT2TE27790	0	0	0	1	1
AT2TE27795	0	0	0	1	1
AT2TE27805	0	0	0	1	1
AT2TE27820	5.14771440884725	5.30918880777143	-0.0652999534964985	1	1
AT2TE27825	0	0	0	1	1
AT2TE27870	0	0	0	1	1
AT2TE27880	0	0	0	1	1
AT2TE27900	0	0	0	1	1
AT2TE27905	0	0	0	1	1
AT2TE27910	0	0	0	1	1
AT2TE27915	0	0	0	1	1
AT2TE27920	0	0	0	1	1
AT2TE27925	0	0	0	1	1
AT2TE27930	0	0	0	1	1
AT2TE27935	0	0	0	1	1
AT2TE27940	0	0	0	1	1
AT2TE27945	0	0	0	1	1
AT2TE27950	0	0	0	1	1
AT2TE27960	0	0	0	1	1
AT2TE27965	0	0	0	1	1
AT2TE27970	0	0	0	1	1
AT2TE27980	0	0	0	1	1
AT2TE27985	0	0	0	1	1
AT2TE27990	0	0	0	1	1
AT2TE27995	0	0	0	1	1
AT2TE28005	27.3093354085327	0	2.29417294418976	1	1
AT2TE28015	2145.18078264374	1220.68542562648	0.807816766911147	0.0172458431623051	1
AT2TE28020	1.83801853011523	0	2.2943477805791	1	1
AT2TE28025	0	0	0	1	1
AT2TE28030	0	0	0	1	1
AT2TE28035	0	0	0	1	1
AT2TE28045	0	0	0	1	1
AT2TE28050	0	0	0	1	1
AT2TE28055	0	0	0	1	1
AT2TE28060	0	0	0	1	1
AT2TE28100	0	0	0	1	1
AT2TE28105	0	0	0	1	1
AT2TE28110	0	0	0	1	1
AT2TE28115	0	0	0	1	1
AT2TE28120	0	0	0	1	1
AT2TE28125	0	0	0	1	1
AT2TE28130	0	0	0	1	1
AT2TE28160	0	0	0	1	1
AT2TE28180	619.818198340028	647.065162751853	-0.0684225539421872	1	1
AT2TE28190	0	0	0	1	1
AT2TE28195	0	0	0	1	1
AT2TE28200	0	0	0	1	1
AT2TE28205	0	0	0	1	1
AT2TE28210	0	0	0	1	1
AT2TE28260	0	0	0	1	1
AT2TE28265	0	0	0	1	1
AT2TE28270	0	0	0	1	1
AT2TE28275	0	0	0	1	1
AT2TE28280	13.5883533274964	0	3.13933731033387	0.502159572654374	1
AT2TE28285	0	0	0	1	1
AT2TE28290	0	0	0	1	1
AT2TE28295	0	0	0	1	1
AT2TE28305	0	0	0	1	1
AT2TE28320	0	0	0	1	1
AT2TE28325	0	0	0	1	1
AT2TE28330	0	0	0	1	1
AT2TE28340	0	0	0	1	1
AT2TE28345	0	0	0	1	1
AT2TE28350	0	0	0	1	1
AT2TE28360	0	0	0	1	1
AT2TE28365	0	0	0	1	1
AT2TE28370	0	0	0	1	1
AT2TE28375	0	0	0	1	1
AT2TE28420	0	0	0	1	1
AT2TE28425	0	0	0	1	1
AT2TE28430	5.79605397771917	6.43279973684022	-0.0568092749088313	1	1
AT2TE28435	0	0	0	1	1
AT2TE28445	0	0	0	1	1
AT2TE28470	0	0	0	1	1
AT2TE28475	0	0	0	1	1
AT2TE28480	0	0	0	1	1
AT2TE28485	0	0	0	1	1
AT2TE28490	0	0	0	1	1
AT2TE28495	0	0	0	1	1
AT2TE28500	0	0	0	1	1
AT2TE28505	0	0	0	1	1
AT2TE28510	0	0	0	1	1
AT2TE28520	0	0	0	1	1
AT2TE28525	0	0	0	1	1
AT2TE28530	0	0	0	1	1
AT2TE28550	0	0	0	1	1
AT2TE28555	8.7086218945475	4.79594335333918	0.788203806441018	1	1
AT2TE28560	0	0	0	1	1
AT2TE28565	0	0	0	1	1
AT2TE28575	0	0	0	1	1
AT2TE28580	0	0	0	1	1
AT2TE28585	0	0	0	1	1
AT2TE28620	0	0	0	1	1
AT2TE28625	0	0	0	1	1
AT2TE28630	0	0	0	1	1
AT2TE28635	0	0	0	1	1
AT2TE28640	0	0	0	1	1
AT2TE28645	71.5758611320452	142.468568583072	-0.906101862568789	1	1
AT2TE28655	0	0	0	1	1
AT2TE28670	0	0	0	1	1
AT2TE28675	34.3884025550608	0	2.29434778058558	1	1
AT2TE28685	0	0	0	1	1
AT2TE28700	0	0	0	1	1
AT2TE28710	0	0	0	1	1
AT2TE28715	0	0	0	1	1
AT2TE28720	0	0	0	1	1
AT2TE28730	0	0	0	1	1
AT2TE28735	0	0	0	1	1
AT2TE28740	0	0	0	1	1
AT2TE28745	0	0	0	1	1
AT2TE28755	0	0	0	1	1
AT2TE28760	0	0	0	1	1
AT2TE28765	0	0	0	1	1
AT2TE28770	0	0	0	1	1
AT2TE28775	0	0	0	1	1
AT2TE28790	0	0	0	1	1
AT2TE28800	0	0	0	1	1
AT2TE28810	0	0	0	1	1
AT2TE28830	0	0	0	1	1
AT2TE28835	0	0	0	1	1
AT2TE28840	0	0	0	1	1
AT2TE28850	0	0	0	1	1
AT2TE28855	32.4207083459586	101.502702796145	-1.438657891849	0.627776168032187	1
AT2TE28860	0	0	0	1	1
AT2TE28920	260.471109846614	238.823969494412	0.145487938403981	1	1
AT2TE28925	0	0	0	1	1
AT2TE28930	0	0	0	1	1
AT2TE28935	0	0	0	1	1
AT2TE28940	0	0	0	1	1
AT2TE28945	0	0	0	1	1
AT2TE28950	0	0	0	1	1
AT2TE28955	0	0	0	1	1
AT2TE28965	0	0	0	1	1
AT2TE28970	0	0	0	1	1
AT2TE28975	0	0	0	1	1
AT2TE28980	0	0	0	1	1
AT2TE28985	0	0	0	1	1
AT2TE28990	0	0	0	1	1
AT2TE28995	0	0	0	1	1
AT2TE29040	11.5921079554383	0	2.29417294417794	0.999999999999996	1
AT2TE29045	0	0	0	1	1
AT2TE29070	1499.56950295617	1201.94458758063	0.315622802705238	0.205760744482711	1
AT2TE29090	0	0	0	1	1
AT2TE29095	0	0	0	1	1
AT2TE29105	0	0	0	1	1
AT2TE29110	0	0	0	1	1
AT2TE29115	0	0	0	1	1
AT2TE29120	0	0	0	1	1
AT2TE29125	0	0	0	1	1
AT2TE29130	0	0	0	1	1
AT2TE29135	0	0	0	1	1
AT2TE29140	0	0	0	1	1
AT2TE29150	0	0	0	1	1
AT2TE29180	0	0	0	1	1
AT2TE29185	0	0	0	1	1
AT2TE29190	0	0	0	1	1
AT2TE29195	0	0	0	1	1
AT2TE29200	0	0	0	1	1
AT2TE29205	0	0	0	1	1
AT2TE29210	0	0	0	1	1
AT2TE29215	0	0	0	1	1
AT2TE29220	0	0	0	1	1
AT2TE29225	0	0	0	1	1
AT2TE29230	0	0	0	1	1
AT2TE29240	0	0	0	1	1
AT2TE29245	0	0	0	1	1
AT2TE29250	101.609035654094	37.5905504175133	1.3170280816836	0.62873109054749	1
AT2TE29280	0	0	0	1	1
AT2TE29290	0	0	0	1	1
AT2TE29340	3.13577384480687	0	2.29434778059206	0.999999999999997	1
AT2TE29345	0	0	0	1	1
AT2TE29350	0	0	0	1	1
AT2TE29355	0	0	0	1	1
AT2TE29360	0	0	0	1	1
AT2TE29365	4.29255513065264	0	2.29434778059854	0.999999999999997	1
AT2TE29370	0	0	0	1	1
AT2TE29450	0	0	0	1	1
AT2TE29460	0	0	0	1	1
AT2TE29465	0	0	0	1	1
AT2TE29500	0	0	0	1	1
AT2TE29505	0	0	0	1	1
AT2TE29510	0	0	0	1	1
AT2TE29520	0	0	0	1	1
AT2TE29525	0	0	0	1	1
AT2TE29530	0	0	0	1	1
AT2TE29580	0	0	0	1	1
AT2TE29585	0	0	0	1	1
AT2TE29590	0	0	0	1	1
AT2TE29630	508.36554654797	886.643515031784	-0.795422594548792	0.00589220142458613	1
AT2TE29680	0	0	0	1	1
AT2TE29710	35.9972167096836	19.6745863296341	0.788314085052965	0.999999999999999	1
AT2TE29720	0	0	0	1	1
AT2TE29725	0	0	0	1	1
AT2TE29730	0	0	0	1	1
AT2TE29735	0	0	0	1	1
AT2TE29740	0	7.01638010921259	-2.35098262213931	0.999999999999991	1
AT2TE29745	0	0	0	1	1
AT2TE29750	0	0	0	1	1
AT2TE29755	0	0	0	1	1
AT2TE29760	0	0	0	1	1
AT2TE29765	0	0	0	1	1
AT2TE29770	0	0	0	1	1
AT2TE29775	1111.95644441729	1119.46557786499	-0.0111107266393055	0.884301296780713	1
AT2TE29780	0	0	0	1	1
AT2TE29810	0	0	0	1	1
AT2TE29890	91.9994219263999	83.6784773912585	0.148165026741591	0.884584709847554	1
AT2TE29900	37.5336832765603	0	2.29434778060502	1	1
AT2TE29905	0	0	0	1	1
AT2TE29910	0	0	0	1	1
AT2TE29960	1791.39821037512	1573.09297955511	0.169194415537111	0.771856565903072	1
AT2TE29965	0	0	0	1	1
AT2TE29970	0	0	0	1	1
AT2TE30000	0	0	0	1	1
AT2TE30005	0	0	0	1	1
AT2TE30010	0	0	0	1	1
AT2TE30015	0	0	0	1	1
AT2TE30020	0	0	0	1	1
AT2TE30025	0	0	0	1	1
AT2TE30030	0	0	0	1	1
AT2TE30035	0	0	0	1	1
AT2TE30040	0	0	0	1	1
AT2TE30045	0	0	0	1	1
AT2TE30050	0	0	0	1	1
AT2TE30055	0	0	0	1	1
AT2TE30060	0	0	0	1	1
AT2TE30110	0	0	0	1	1
AT2TE30140	35.3765750422752	0	2.2943477806115	1	1
AT2TE30145	0	0	0	1	1
AT2TE30150	0	28.6268619115518	-2.34990269398195	1	1
AT2TE30160	29.0354908365844	77.9268456321028	-1.28898530629134	0.461625593733594	1
AT2TE30165	0	0	0	1	1
AT2TE30170	0	46.4048863774819	-2.35098262194794	0.999999999999996	1
AT2TE30175	562.488276269058	386.263905722325	0.490395438290756	0.758333163577583	1
AT2TE30180	0	51.697455266431	-3.20045128941345	0.502151349699607	1
AT2TE30240	11.6803113042806	6.38397393238603	0.788314089755712	0.999999999999999	1
AT2TE30245	0	0	0	1	1
AT2TE30340	0	0	0	1	1
AT2TE30345	0	0	0	1	1
AT2TE30350	0	0	0	1	1
AT2TE30355	0	0	0	1	1
AT2TE30360	0	0	0	1	1
AT2TE30390	70.2793246796093	20.6983956075442	1.67879286984429	0.0417725204783795	1
AT2TE30395	41.8743133153462	41.6744792453883	-0.0555552235523201	1	1
AT2TE30400	0	0	0	1	1
AT2TE30405	0	0	0	1	1
AT2TE30410	0	0	0	1	1
AT2TE30415	0	0	0	1	1
AT2TE30420	0	0	0	1	1
AT2TE30425	0	0	0	1	1
AT2TE30430	0	0	0	1	1
AT2TE30435	0	0	0	1	1
AT2TE30450	0	0	0	1	1
AT2TE30455	0	0	0	1	1
AT2TE30490	0	0	0	1	1
AT2TE30495	0	0	0	1	1
AT2TE30500	0	0	0	1	1
AT2TE30505	0	0	0	1	1
AT2TE30510	0	0	0	1	1
AT2TE30530	0	0	0	1	1
AT2TE30535	0	0	0	1	1
AT2TE30540	0	0	0	1	1
AT2TE30545	0	0	0	1	1
AT2TE30550	18.7119520391798	20.7676189035027	-0.0568092747779649	1	1
AT2TE30555	0	0	0	1	1
AT2TE30560	0	0	0	1	1
AT2TE30565	0	0	0	1	1
AT2TE30570	0	0	0	1	1
AT2TE30575	0	0	0	1	1
AT2TE30580	0	0	0	1	1
AT2TE30585	0	0	0	1	1
AT2TE30590	0	0	0	1	1
AT2TE30595	0	0	0	1	1
AT2TE30780	0	0	0	1	1
AT2TE30820	0	0	0	1	1
AT2TE30825	0	0	0	1	1
AT2TE30830	0	0	0	1	1
AT2TE30910	64.7949900774304	0	2.29434778061798	1	1
AT2TE30915	38.6157481572882	85.7160321622277	-0.908597622284887	1	1
AT2TE30920	38.0104856469859	59.5015843977399	-0.593831811182402	1	1
AT2TE30925	50.2221675240231	0	3.66838837934282	0.252813100926899	1
AT2TE30930	831.848065617711	543.15547593691	0.624241686468989	0.0917594344066946	1
AT2TE30940	0	0	0	1	1
AT2TE30945	0	0	0	1	1
AT2TE30950	0	0	0	1	1
AT2TE30955	0	0	0	1	1
AT2TE30960	0	0	0	1	1
AT2TE30965	0	0	0	1	1
AT2TE30980	0	0	0	1	1
AT2TE30985	0	0	0	1	1
AT2TE30990	0	0	0	1	1
AT2TE30995	0	0	0	1	1
AT2TE31000	0	0	0	1	1
AT2TE31130	16155.9543650105	14247.1606892059	0.182708896135181	0.438170950205256	1
AT2TE31135	0	0	0	1	1
AT2TE31140	0	0	0	1	1
AT2TE31145	0	0	0	1	1
AT2TE31150	0	0	0	1	1
AT2TE31210	0	0	0	1	1
AT2TE31215	0	0	0	1	1
AT2TE31225	0	0	0	1	1
AT2TE31230	0	0	0	1	1
AT2TE31235	0	0	0	1	1
AT2TE31260	0	0	0	1	1
AT2TE31265	0	0	0	1	1
AT2TE31270	0	0	0	1	1
AT2TE31275	0	0	0	1	1
AT2TE31280	0	0	0	1	1
AT2TE31290	0	0	0	1	1
AT2TE31300	0	0	0	1	1
AT2TE31350	0	0	0	1	1
AT2TE31380	0	0	0	1	1
AT2TE31385	0	0	0	1	1
AT2TE31430	0	0	0	1	1
AT2TE31460	0	0	0	1	1
AT2TE31465	0	0	0	1	1
AT2TE31520	0	0	0	1	1
AT2TE31530	0	0	0	1	1
AT2TE31535	0	0	0	1	1
AT2TE31545	0	0	0	1	1
AT2TE31550	0	0	0	1	1
AT2TE31555	0	0	0	1	1
AT2TE31560	0	0	0	1	1
AT2TE31640	0	0	0	1	1
AT2TE31645	0	0	0	1	1
AT2TE31650	0	0	0	1	1
AT2TE31655	0	0	0	1	1
AT2TE31710	0	0	0	1	1
AT2TE31715	0	0	0	1	1
AT2TE31720	91.8734933933715	191.863536922492	-0.907248758823418	1	1
AT2TE31730	0	0	0	1	1
AT2TE31760	0	0	0	1	1
AT2TE31765	0	0	0	1	1
AT2TE31810	0	0	0	1	1
AT2TE31815	0	0	0	1	1
AT2TE31825	535.851879602631	497.684172754286	0.098134241669501	0.735167077132632	1
AT2TE31830	0	0	0	1	1
AT2TE31890	0	0	0	1	1
AT2TE31895	0	0	0	1	1
AT2TE31900	0	0	0	1	1
AT2TE31990	0	0	0	1	1
AT2TE32000	0	0	0	1	1
AT2TE32005	0	0	0	1	1
AT2TE32040	0	0	0	1	1
AT2TE32045	0	0	0	1	1
AT2TE32050	0	0	0	1	1
AT2TE32080	830.948589942927	250.310473848572	1.72582042938173	0.0176196922008478	1
AT2TE32085	0	0	0	1	1
AT2TE32120	0	0	0	1	1
AT2TE32125	0	0	0	1	1
AT2TE32260	0	0	0	1	1
AT2TE32265	0	0	0	1	1
AT2TE32270	0	0	0	1	1
AT2TE32300	0	0	0	1	1
AT2TE32305	0	0	0	1	1
AT2TE32310	0	0	0	1	1
AT2TE32315	0	0	0	1	1
AT2TE32320	0	0	0	1	1
AT2TE32450	0	0	0	1	1
AT2TE32460	7.03488463697816	0	2.29434778062446	0.999999999999996	1
AT2TE32465	0	0	0	1	1
AT2TE32510	0	0	0	1	1
AT2TE32530	0	0	0	1	1
AT2TE32535	0	0	0	1	1
AT2TE32540	0	0	0	1	1
AT2TE32545	0	0	0	1	1
AT2TE32550	0	224.290284157829	-2.35098262175657	1	1
AT2TE32600	0	0	0	1	1
AT2TE32605	0	0	0	1	1
AT2TE32630	0	0	0	1	1
AT2TE32635	0	0	0	1	1
AT2TE32640	0	0	0	1	1
AT2TE32645	0	0	0	1	1
AT2TE32655	0	0	0	1	1
AT2TE32690	0	0	0	1	1
AT2TE32700	0	0	0	1	1
AT2TE32705	0	0	0	1	1
AT2TE32710	0	0	0	1	1
AT2TE32715	0	0	0	1	1
AT2TE32725	0	0	0	1	1
AT2TE32730	0	0	0	1	1
AT2TE32735	0	0	0	1	1
AT2TE32740	0	0	0	1	1
AT2TE32745	0	0	0	1	1
AT2TE32750	0	0	0	1	1
AT2TE32755	0	0	0	1	1
AT2TE32760	0	0	0	1	1
AT2TE32765	0	0	0	1	1
AT2TE32810	0	0	0	1	1
AT2TE32815	0	0	0	1	1
AT2TE32840	0	0	0	1	1
AT2TE32845	0	0	0	1	1
AT2TE32850	0	0	0	1	1
AT2TE32860	0	0	0	1	1
AT2TE32950	30.80180114363	5.16103491918456	2.26049976664288	0.129912471597169	1
AT2TE32970	0	0	0	1	1
AT2TE32975	0	0	0	1	1
AT2TE33000	0	0	0	1	1
AT2TE33005	0	0	0	1	1
AT2TE33010	0	0	0	1	1
AT2TE33015	0	0	0	1	1
AT2TE33020	0	0	0	1	1
AT2TE33025	0	0	0	1	1
AT2TE33035	0	0	0	1	1
AT2TE33080	0	0	0	1	1
AT2TE33085	0	0	0	1	1
AT2TE33090	0	0	0	1	1
AT2TE33095	0	0	0	1	1
AT2TE33100	0	0	0	1	1
AT2TE33105	185.727226151499	137.106879821107	0.407964847187314	0.556638039687227	1
AT2TE33140	0	0	0	1	1
AT2TE33145	0	0	0	1	1
AT2TE33160	0	0	0	1	1
AT2TE33240	0	0	0	1	1
AT2TE33245	86.6096065813465	87.5164064153154	-0.055730034943225	1	1
AT2TE33250	616.904584277239	525.087290488955	0.223695877594726	0.684286316248117	1
AT2TE33280	0	0	0	1	1
AT2TE33285	0	0	0	1	1
AT2TE33290	0	0	0	1	1
AT2TE33295	0	0	0	1	1
AT2TE33305	0	0	0	1	1
AT2TE33310	0	0	0	1	1
AT2TE33315	0	0	0	1	1
AT2TE33320	0	0	0	1	1
AT2TE33330	61.7077377566768	57.8071139912623	0.0978262351713688	0.869994266768208	1
AT2TE33335	0	0	0	1	1
AT2TE33340	0	0	0	1	1
AT2TE33360	0	0	0	1	1
AT2TE33365	0	0	0	1	1
AT2TE33370	0	0	0	1	1
AT2TE33375	0	0	0	1	1
AT2TE33380	0	0	0	1	1
AT2TE33385	0	0	0	1	1
AT2TE33390	0	0	0	1	1
AT2TE33400	0	0	0	1	1
AT2TE33405	0	0	0	1	1
AT2TE33410	0	0	0	1	1
AT2TE33415	0	0	0	1	1
AT2TE33430	0	0	0	1	1
AT2TE33435	0	0	0	1	1
AT2TE33445	0	0	0	1	1
AT2TE33450	0	0	0	1	1
AT2TE33455	0	0	0	1	1
AT2TE33460	0	16.0791297875908	-2.34990269386225	1	1
AT2TE33465	37.2910397312773	17.5837330785755	1.08962547933149	0.353802126481086	1
AT2TE33470	0	0	0	1	1
AT2TE33480	0	0	0	1	1
AT2TE33485	0	0	0	1	1
AT2TE33490	0	0	0	1	1
AT2TE33495	0	0	0	1	1
AT2TE33500	0	0	0	1	1
AT2TE33505	0	0	0	1	1
AT2TE33510	35.9972167096836	0	2.29434778063094	1	1
AT2TE33515	0	0	0	1	1
AT2TE33525	0	0	0	1	1
AT2TE33530	0	0	0	1	1
AT2TE33535	0	0	0	1	1
AT2TE33540	0	3.02685943532833	-2.3509826215652	1	1
AT2TE33545	47.3646285991739	406.421781022583	-2.78580102411877	0.042231451202802	1
AT2TE33555	0	0	0	1	1
AT2TE33560	0	0	0	1	1
AT2TE33570	0	0	0	1	1
AT2TE33580	0	0	0	1	1
AT2TE33630	0	0	0	1	1
AT2TE33635	0	0	0	1	1
AT2TE33645	0	0	0	1	1
AT2TE33750	16526.8599323948	19000.6921830053	-0.199913384993827	0.280024802252315	1
AT2TE33870	0	0	0	1	1
AT2TE33880	0	0	0	1	1
AT2TE33885	0	0	0	1	1
AT2TE33890	0	0	0	1	1
AT2TE33895	0	0	0	1	1
AT2TE33900	0	0	0	1	1
AT2TE33910	0	0	0	1	1
AT2TE33940	82.2416940521576	150.982160035449	-0.837287612207259	0.556211314839128	1
AT2TE33945	0	0	0	1	1
AT2TE33950	0	0	0	1	1
AT2TE33955	0	0	0	1	1
AT2TE33965	318.455308282524	294.55710457215	0.131268027436567	1	1
AT2TE33970	38.3184996358833	52.9894346397967	-0.467429624603057	0.795234897831112	1
AT2TE33975	0	0	0	1	1
AT2TE33980	0	0	0	1	1
AT2TE34010	0	0	0	1	1
AT2TE34015	0	0	0	1	1
AT2TE34020	0	0	0	1	1
AT2TE34025	0	0	0	1	1
AT2TE34110	0	0	0	1	1
AT2TE34115	0	0	0	1	1
AT2TE34120	0	0	0	1	1
AT2TE34125	0	0	0	1	1
AT2TE34135	0	0	0	1	1
AT2TE34160	0	0	0	1	1
AT2TE34165	0	0	0	1	1
AT2TE34180	0	0	0	1	1
AT2TE34185	0	0	0	1	1
AT2TE34190	0	0	0	1	1
AT2TE34195	0	0	0	1	1
AT2TE34200	64.4965155393006	0	2.29417294416613	0.999999999999998	1
AT2TE34230	0	0	0	1	1
AT2TE34260	1427.00378705021	1489.6906456831	-0.0685832526571038	0.911711101305682	1
AT2TE34265	45.5964744989325	46.8666800564914	-0.063988743525147	1	1
AT2TE34270	0	0	0	1	1
AT2TE34275	4.38371110679266	0	2.29417294415431	0.999999999999998	1
AT2TE34290	0	0	0	1	1
AT2TE34310	0	0	0	1	1
AT2TE34350	8.44379157387639	9.2300528460012	-0.0566342463485152	1	1
AT2TE34355	108.777138061028	173.6901596323	-0.641790688007614	0.530616587116264	1
AT2TE34400	0	0	0	1	1
AT2TE34405	0	0	0	1	1
AT2TE34410	0	4.63049769393203	-4.11755431723982	0.130169718109832	1
AT2TE34415	0	0	0	1	1
AT2TE34420	0	0	0	1	1
AT2TE34430	21.5753468352109	47.8911638771165	-0.908597604918812	0.999999999999997	1
AT2TE34435	70.8146229015189	29.7566133652939	1.1578065321878	0.458630984291669	1
AT2TE34490	0	0	0	1	1
AT2TE34500	61.0927147681214	64.9958082451705	-0.0712734613780495	1	1
AT2TE34505	0	0	0	1	1
AT2TE34510	0	0	0	1	1
AT2TE34515	0	0	0	1	1
AT2TE34520	0	0	0	1	1
AT2TE34525	0	0	0	1	1
AT2TE34530	0	0	0	1	1
AT2TE34535	0	0	0	1	1
AT2TE34540	0	0	0	1	1
AT2TE34610	0	0	0	1	1
AT2TE34900	0	0	0	1	1
AT2TE34905	0	0	0	1	1
AT2TE34910	27.1877982155099	34.3253857778557	-0.325958103737986	0.836380759621065	1
AT2TE34915	25.7986062157202	14.3164011164572	0.787942970804554	0.999999999999997	1
AT2TE35010	0	0	0	1	1
AT2TE35015	8.08873069297752	0	2.29434778063742	0.999999999999992	1
AT2TE35040	0	0	0	1	1
AT2TE35060	0	0	0	1	1
AT2TE35065	0	0	0	1	1
AT2TE35070	0	0	0	1	1
AT2TE35100	0	0	0	1	1
AT2TE35105	0	0	0	1	1
AT2TE35110	0	0	0	1	1
AT2TE35115	4.90100141117134	0	3.13915052752799	0.501872386798155	1
AT2TE35120	0	0	0	1	1
AT2TE35125	0	0	0	1	1
AT2TE35130	0	0	0	1	1
AT2TE35135	0	0	0	1	1
AT2TE35140	0	0	0	1	1
AT2TE35160	11.8180749721136	13.1163908864228	-0.0568092746470985	1	1
AT2TE35190	0	28.1015983902389	-2.34990269374256	0.999999999999998	1
AT2TE35195	0	0	0	1	1
AT2TE35200	0	0	0	1	1
AT2TE35205	0	0	0	1	1
AT2TE35260	0	0	0	1	1
AT2TE35265	0	0	0	1	1
AT2TE35270	0	0	0	1	1
AT2TE35275	0	0	0	1	1
AT2TE35280	0	0	0	1	1
AT2TE35285	0	0	0	1	1
AT2TE35290	0	0	0	1	1
AT2TE35295	0	0	0	1	1
AT2TE35300	0	0	0	1	1
AT2TE35305	0	0	0	1	1
AT2TE35310	0	0	0	1	1
AT2TE35315	0	0	0	1	1
AT2TE35320	0	0	0	1	1
AT2TE35325	0	0	0	1	1
AT2TE35490	0	0	0	1	1
AT2TE35495	0	0	0	1	1
AT2TE35500	0	0	0	1	1
AT2TE35505	0	0	0	1	1
AT2TE35630	0	0	0	1	1
AT2TE35635	92.1174966405281	26.8636015069161	1.72418644021926	0.0625904185180639	1
AT2TE35680	0	0	0	1	1
AT2TE35685	0	0	0	1	1
AT2TE35690	0	0	0	1	1
AT2TE35695	704.461309501771	866.323411923491	-0.302351532965607	0.308985134366767	1
AT2TE35710	0	0	0	1	1
AT2TE35715	109.315646941916	72.3517045670416	0.624139354117741	0.731288350464161	1
AT2TE35720	0	0	0	1	1
AT2TE35725	0	0	0	1	1
AT2TE35730	0	19.2042271130786	-2.34990269362286	0.999999999999997	1
AT2TE35735	0	0	0	1	1
AT2TE35740	5.07881522884149	0	2.2943477806439	0.999999999999993	1
AT2TE35745	0	0	0	1	1
AT2TE35750	0	0	0	1	1
AT2TE35755	0	41.1150902622287	-2.34990269350317	0.999999999999992	1
AT2TE35760	0	0	0	1	1
AT2TE35765	0	0	0	1	1
AT2TE35770	0	0	0	1	1
AT2TE35775	0	0	0	1	1
AT2TE35780	0	0	0	1	1
AT2TE35790	0	0	0	1	1
AT2TE35795	0	0	0	1	1
AT2TE35800	0	0	0	1	1
AT2TE35805	0	0	0	1	1
AT2TE35810	0	0	0	1	1
AT2TE35820	0	14.2138015059677	-2.34990269338347	0.999999999999996	1
AT2TE35825	0	0	0	1	1
AT2TE35830	0	0	0	1	1
AT2TE35835	0	0	0	1	1
AT2TE35840	1.17379912114119	0	2.29417294414249	0.999999999999994	1
AT2TE35880	0	0	0	1	1
AT2TE35885	0	0	0	1	1
AT2TE35895	0	0	0	1	1
AT2TE35900	0	0	0	1	1
AT2TE35905	0	0	0	1	1
AT2TE36010	0	0	0	1	1
AT2TE36130	19.9430015154416	42.2857137296281	-0.907412098748333	0.999999999999998	1
AT2TE36135	0	0	0	1	1
AT2TE36200	0	0	0	1	1
AT2TE36260	0	0	0	1	1
AT2TE36320	0	0	0	1	1
AT2TE36360	0	0	0	1	1
AT2TE36430	0	18.8487638912125	-3.20159066270126	0.501869558485323	1
AT2TE36460	85.9953540524008	43.4478613409367	0.789098799497847	0.999999999999999	1
AT2TE36470	0	0	0	1	1
AT2TE36500	0	0	0	1	1
AT2TE36505	0	0	0	1	1
AT2TE36510	0	0	0	1	1
AT2TE36590	0	0	0	1	1
AT2TE36595	15.0438522597872	15.2013609158116	-0.0557300347859624	1	1
AT2TE36620	0	0	0	1	1
AT2TE36625	0	0	0	1	1
AT2TE36630	0	0	0	1	1
AT2TE36670	14447.1131823579	11942.2683212669	0.270767603946577	0.305921031047333	1
AT2TE36730	0	8.30704756140108	-2.35098262137384	0.999999999999995	1
AT2TE36735	0	0	0	1	1
AT2TE36740	0	0	0	1	1
AT2TE36745	0	0	0	1	1
AT2TE36790	0	0	0	1	1
AT2TE36880	0	0	0	1	1
AT2TE36940	0	0	0	1	1
AT2TE36990	0	0	0	1	1
AT2TE37050	26.581839179148	16.9700455306284	0.6153328606932	0.265340575983282	1
AT2TE37060	0	0	0	1	1
AT2TE37065	0	0	0	1	1
AT2TE37070	0	0	0	1	1
AT2TE37075	0	0	0	1	1
AT2TE37080	0	0	0	1	1
AT2TE37085	0	0	0	1	1
AT2TE37090	0	0	0	1	1
AT2TE37230	0	0	0	1	1
AT2TE37235	0	0	0	1	1
AT2TE37310	0	0	0	1	1
AT2TE37315	0	0	0	1	1
AT2TE37320	0	0	0	1	1
AT2TE37325	2010.30870084454	2019.23807499157	-0.00621725129902211	0.958172859164545	1
AT2TE37330	0	0	0	1	1
AT2TE37335	0	0	0	1	1
AT2TE37340	0	0	0	1	1
AT2TE37345	0	0	0	1	1
AT2TE37350	0	0	0	1	1
AT2TE37380	0	0	0	1	1
AT2TE37385	0	0	0	1	1
AT2TE37390	0	0	0	1	1
AT2TE37400	0	0	0	1	1
AT2TE37405	0	0	0	1	1
AT2TE37410	0	0	0	1	1
AT2TE37415	0	0	0	1	1
AT2TE37425	0	0	0	1	1
AT2TE37430	0	0	0	1	1
AT2TE37435	0	0	0	1	1
AT2TE37440	0	0	0	1	1
AT2TE37450	5872.41470886794	6880.96664576631	-0.22656467295633	0.423895138123667	1
AT2TE37490	0	0	0	1	1
AT2TE37495	0	0	0	1	1
AT2TE37500	0	0	0	1	1
AT2TE37505	0	0	0	1	1
AT2TE37510	0	0	0	1	1
AT2TE37520	0	0	0	1	1
AT2TE37525	0	0	0	1	1
AT2TE37530	0	0	0	1	1
AT2TE37535	0	0	0	1	1
AT2TE37540	0	0	0	1	1
AT2TE37545	0	0	0	1	1
AT2TE37550	0	0	0	1	1
AT2TE37555	0	0	0	1	1
AT2TE37560	0	0	0	1	1
AT2TE37565	0	0	0	1	1
AT2TE37570	0	0	0	1	1
AT2TE37610	0	187.535156604247	-3.73137178217965	0.253766762533739	1
AT2TE37680	0	0	0	1	1
AT2TE37685	0	0	0	1	1
AT2TE37760	0	0	0	1	1
AT2TE37765	0	0	0	1	1
AT2TE37850	0	0	0	1	1
AT2TE37855	319.088024247066	2320.42943657001	-2.59675008260141	0.0747097636139188	1
AT2TE37940	0	0	0	1	1
AT2TE38000	992.214962727412	857.916341746009	0.214156608472317	0.512450588156145	1
AT2TE38070	0	0	0	1	1
AT2TE38075	0	0	0	1	1
AT2TE38080	0	0	0	1	1
AT2TE38090	0	0	0	1	1
AT2TE38095	0	0	0	1	1
AT2TE38105	0	0	0	1	1
AT2TE38110	0	0	0	1	1
AT2TE38115	0	0	0	1	1
AT2TE38120	0	0	0	1	1
AT2TE38125	0	0	0	1	1
AT2TE38150	0	0	0	1	1
AT2TE38240	0	0	0	1	1
AT2TE38245	0	0	0	1	1
AT2TE38250	0	0	0	1	1
AT2TE38255	0	0	0	1	1
AT2TE38350	0	0	0	1	1
AT2TE38355	0	131.935461269311	-2.35098262118247	1	1
AT2TE38410	0	0	0	1	1
AT2TE38415	0	0	0	1	1
AT2TE38420	0	0	0	1	1
AT2TE38450	0	0	0	1	1
AT2TE38455	0	0	0	1	1
AT2TE38460	0	0	0	1	1
AT2TE38570	0	0	0	1	1
AT2TE38575	1.57064053385861	3.48637747395589	-0.908597587553319	1	1
AT2TE38580	0	128.548569738069	-3.20159066314649	0.501869576501219	1
AT2TE38610	0	0	0	1	1
AT2TE38700	0	0	0	1	1
AT2TE38760	0	0	0	1	1
AT2TE38765	0	0	0	1	1
AT2TE38810	0	0	0	1	1
AT2TE38880	0	0	0	1	1
AT2TE38885	0	0	0	1	1
AT2TE38890	0	0	0	1	1
AT2TE38895	0	0	0	1	1
AT2TE38900	0	0	0	1	1
AT2TE38905	0	0	0	1	1
AT2TE38910	0	0	0	1	1
AT2TE38915	0	0	0	1	1
AT2TE38920	0	0	0	1	1
AT2TE38925	0	0	0	1	1
AT2TE39060	0	0	0	1	1
AT2TE39065	0	0	0	1	1
AT2TE39070	0	0	0	1	1
AT2TE39075	0	0	0	1	1
AT2TE39085	566.12887068462	0	4.05468903197654	0.127995868121126	1
AT2TE39090	11.1037957155572	47.087388182443	-1.82682496762528	0.379410608127877	1
AT2TE39100	0	0	0	1	1
AT2TE39105	0	0	0	1	1
AT2TE39110	0	0	0	1	1
AT2TE39115	0	0	0	1	1
AT2TE39250	0	0	0	1	1
AT2TE39255	0	0	0	1	1
AT2TE39260	0	0	0	1	1
AT2TE39265	0	0	0	1	1
AT2TE39270	0	0	0	1	1
AT2TE39275	0	0	0	1	1
AT2TE39330	0	0	0	1	1
AT2TE39335	0	7.89452119725783	-2.34990269326378	1	1
AT2TE39480	0	0	0	1	1
AT2TE39485	0	0	0	1	1
AT2TE39490	0	0	0	1	1
AT2TE39495	0	0	0	1	1
AT2TE39500	0	0	0	1	1
AT2TE39505	0	0	0	1	1
AT2TE39510	0	0	0	1	1
AT2TE39515	0	0	0	1	1
AT2TE39520	0	0	0	1	1
AT2TE39600	0	0	0	1	1
AT2TE39610	0	0	0	1	1
AT2TE39660	0	0	0	1	1
AT2TE39665	0	0	0	1	1
AT2TE39680	0	0	0	1	1
AT2TE39685	0	0	0	1	1
AT2TE39780	0	0	0	1	1
AT2TE39820	0	0	0	1	1
AT2TE39825	0	0	0	1	1
AT2TE39830	0	0	0	1	1
AT2TE39835	0	0	0	1	1
AT2TE39840	0	45.0452091843535	-2.34990269314408	0.999999999999999	1
AT2TE39860	12998.5317994007	14133.0389126948	-0.119421199828904	0.225056972200349	1
AT2TE39870	0	0	0	1	1
AT2TE40010	0	0	0	1	1
AT2TE40015	0	0	0	1	1
AT2TE40020	0	0	0	1	1
AT2TE40025	0	0	0	1	1
AT2TE40040	0	0	0	1	1
AT2TE40045	0	0	0	1	1
AT2TE40050	0	0	0	1	1
AT2TE40090	143.388913906563	133.651815267363	0.0935023485852262	1	1
AT2TE40110	0	0	0	1	1
AT2TE40115	0	0	0	1	1
AT2TE40120	0	0	0	1	1
AT2TE40160	0	0	0	1	1
AT2TE40165	0	0	0	1	1
AT2TE40190	0	0	0	1	1
AT2TE40195	0	0	0	1	1
AT2TE40200	0	0	0	1	1
AT2TE40205	0	0	0	1	1
AT2TE40260	0	0	0	1	1
AT2TE40265	0	0	0	1	1
AT2TE40270	0	0	0	1	1
AT2TE40330	0	0	0	1	1
AT2TE40340	0	0	0	1	1
AT2TE40345	0	0	0	1	1
AT2TE40350	0	0	0	1	1
AT2TE40355	0	0	0	1	1
AT2TE40360	0	0	0	1	1
AT2TE40380	0	0	0	1	1
AT2TE40385	0	0	0	1	1
AT2TE40390	0	0	0	1	1
AT2TE40395	0	0	0	1	1
AT2TE40400	0	0	0	1	1
AT2TE40405	0	0	0	1	1
AT2TE40470	0	0	0	1	1
AT2TE40475	0	0	0	1	1
AT2TE40530	0	0	0	1	1
AT2TE40535	0	12.4011102207937	-2.34990269302439	0.999999999999992	1
AT2TE40590	0	0	0	1	1
AT2TE40670	0	0	0	1	1
AT2TE40675	35.8390898904754	75.5279493173146	-1.03313382981916	0.312184988393656	1
AT2TE40685	0	0	0	1	1
AT2TE40690	0	0	0	1	1
AT2TE40695	0	0	0	1	1
AT2TE40700	0	0	0	1	1
AT2TE40730	0	0	0	1	1
AT2TE40830	0	0	0	1	1
AT2TE40835	0	0	0	1	1
AT2TE40840	0	0	0	1	1
AT2TE40890	73.7188509862981	0	3.13933730831618	0.502159549128594	1
AT2TE40895	0	0	0	1	1
AT2TE40970	0	0	0	1	1
AT2TE40975	0	0	0	1	1
AT2TE40980	0	0	0	1	1
AT2TE40985	0	0	0	1	1
AT2TE41080	0	0	0	1	1
AT2TE41085	0	0	0	1	1
AT2TE41090	0	0	0	1	1
AT2TE41095	0	0	0	1	1
AT2TE41110	0	0	0	1	1
AT2TE41120	0	0	0	1	1
AT2TE41125	0	0	0	1	1
AT2TE41130	0	0	0	1	1
AT2TE41135	0	0	0	1	1
AT2TE41170	33.4703688112212	34.1721031958678	-0.0653723378077224	1	1
AT2TE41175	0	23.4449774381006	-2.3509826209911	1	1
AT2TE41180	0	0	0	1	1
AT2TE41185	0	0	0	1	1
AT2TE41280	0	0	0	1	1
AT2TE41310	0	0	0	1	1
AT2TE41315	0	0	0	1	1
AT2TE41320	0	0	0	1	1
AT2TE41325	0	0	0	1	1
AT2TE41335	0	0	0	1	1
AT2TE41340	0	0	0	1	1
AT2TE41350	0	0	0	1	1
AT2TE41355	0	0	0	1	1
AT2TE41360	0	0	0	1	1
AT2TE41365	0	0	0	1	1
AT2TE41370	0	6.69523236292027	-2.35098262079974	0.999999999999995	1
AT2TE41375	0	0	0	1	1
AT2TE41380	5059.17136900187	5582.03592077117	-0.14477896312959	0.482782760673118	1
AT2TE41385	5831.37421341594	5442.79197720444	0.101913868748517	0.854132313052753	1
AT2TE41390	5475.48526989081	4794.72831371907	0.18949290836592	0.219073870087005	1
AT2TE41400	0	0	0	1	1
AT2TE41430	0	0	0	1	1
AT2TE41435	0	0	0	1	1
AT2TE41440	0	0	0	1	1
AT2TE41445	0	0	0	1	1
AT2TE41450	0	0	0	1	1
AT2TE41455	0	0	0	1	1
AT2TE41465	0	0	0	1	1
AT2TE41470	0	0	0	1	1
AT2TE41500	93.2655160205438	0	2.29434778065038	1	1
AT2TE41505	0	0	0	1	1
AT2TE41515	378.917028793391	0	4.05427873975117	0.130255539410616	1
AT2TE41520	0	0	0	1	1
AT2TE41525	0	0	0	1	1
AT2TE41560	0	0	0	1	1
AT2TE41565	0	0	0	1	1
AT2TE41575	0	0	0	1	1
AT2TE41650	0	0	0	1	1
AT2TE41655	0	0	0	1	1
AT2TE41660	0	524.460040444628	-4.42820150358772	0.0655582050128639	1
AT2TE41665	2472.23145807591	3851.96416042026	-0.635592875508925	0.00111676190894342	1
AT2TE41670	0	0	0	1	1
AT2TE41675	40.3344042091739	18.8764419586005	1.05467969684377	0.276118202920491	1
AT2TE41680	102.690456218163	84.535871622731	0.239163310681237	0.999999999999999	1
AT2TE41685	0	86.2837809728462	-2.34990269290469	0.999999999999999	1
AT2TE41690	0	0	0	1	1
AT2TE41695	0	0	0	1	1
AT2TE41700	0	0	0	1	1
AT2TE41740	0	0	0	1	1
AT2TE41745	0	0	0	1	1
AT2TE41750	0	0	0	1	1
AT2TE41755	0	0	0	1	1
AT2TE41765	1550.75465405218	1079.97083587033	0.529276161390352	0.152976365730341	1
AT2TE41780	0	0	0	1	1
AT2TE41820	0	0	0	1	1
AT2TE41825	0	0	0	1	1
AT2TE41835	45.2438243335392	45.7175257393439	-0.0557300346286972	1	1
AT2TE41840	76.5571690641918	53.561904057529	0.466956925502372	1	1
AT2TE41845	0	0	0	1	1
AT2TE41850	3.95994282213864	0	2.29417294413067	1	1
AT2TE41855	0	0	0	1	1
AT2TE41860	0	0	0	1	1
AT2TE41865	0	0	0	1	1
AT2TE41910	0	0	0	1	1
AT2TE41960	0	34.0341580504004	-2.349902692785	0.999999999999997	1
AT2TE42050	0	0	0	1	1
AT2TE42055	0	0	0	1	1
AT2TE42060	0	235.62109419508	-2.3499026926653	0.999999999999995	1
AT2TE42065	545.754076497209	321.172499726226	0.749208631893407	0.435588502349233	1
AT2TE42070	0	0	0	1	1
AT2TE42130	0	0	0	1	1
AT2TE42135	0	0	0	1	1
AT2TE42140	0	0	0	1	1
AT2TE42160	0	0	0	1	1
AT2TE42165	0	0	0	1	1
AT2TE42170	0	0	0	1	1
AT2TE42175	0	0	0	1	1
AT2TE42190	0	0	0	1	1
AT2TE42280	0	0	0	1	1
AT2TE42285	0	0	0	1	1
AT2TE42295	0	0	0	1	1
AT2TE42300	0	0	0	1	1
AT2TE42310	0	0	0	1	1
AT2TE42315	0	0	0	1	1
AT2TE42320	0	0	0	1	1
AT2TE42325	0	0	0	1	1
AT2TE42330	0	0	0	1	1
AT2TE42350	0	0	0	1	1
AT2TE42355	0	0	0	1	1
AT2TE42360	0	0	0	1	1
AT2TE42370	0	0	0	1	1
AT2TE42375	0	0	0	1	1
AT2TE42380	0	0	0	1	1
AT2TE42390	0	0	0	1	1
AT2TE42410	0	0	0	1	1
AT2TE42420	685.372258354934	935.452699909144	-0.43901782852616	0.686735299241839	1
AT2TE42450	0	60.0777546851328	-2.35098262060837	0.999999999999994	1
AT2TE42455	0	0	0	1	1
AT2TE42460	0	13.7050300874096	-3.2004513003827	0.502151327769483	1
AT2TE42480	0	0	0	1	1
AT2TE42485	208.003581415692	255.675715707909	-0.30083708902651	0.0989699545424573	1
AT2TE42490	0	0	0	1	1
AT2TE42500	0	0	0	1	1
AT2TE42505	3395.85376034761	4054.8028090436	-0.245977400953015	0.593869687000165	1
AT2TE42540	0	0	0	1	1
AT2TE42545	0	0	0	1	1
AT2TE42550	9.16000603773198	0	2.29434778065686	1	1
AT2TE42620	0	0	0	1	1
AT2TE42650	22.8829890608026	0	2.29434778066334	0.999999999999997	1
AT2TE42655	0	6.50334230262429	-2.34990269254561	1	1
AT2TE42660	0	0	0	1	1
AT2TE42665	0	0	0	1	1
AT2TE42670	0	58.0061079718524	-2.35098262041701	0.999999999999999	1
AT2TE42690	0	0	0	1	1
AT2TE42700	0	0	0	1	1
AT2TE42705	0	0	0	1	1
AT2TE42710	0	0	0	1	1
AT2TE42715	0	0	0	1	1
AT2TE42720	0	0	0	1	1
AT2TE42725	0	0	0	1	1
AT2TE42730	0	0	0	1	1
AT2TE42780	0	0	0	1	1
AT2TE42785	371.45403794389	342.842164420228	0.123448377085895	1	1
AT2TE42810	0	0	0	1	1
AT2TE42815	0	0	0	1	1
AT2TE42850	0	0	0	1	1
AT2TE42855	0	0	0	1	1
AT2TE42860	0	0	0	1	1
AT2TE42870	0	0	0	1	1
AT2TE42875	0	0	0	1	1
AT2TE42930	0	0	0	1	1
AT2TE42935	0	0	0	1	1
AT2TE42940	1.64894831431982	0	2.29434778066982	1	1
AT2TE42945	0	0	0	1	1
AT2TE42950	0	0	0	1	1
AT2TE42955	0	0	0	1	1
AT2TE42990	208.064456747339	248.49630948702	-0.234269923064095	0.999999999999998	1
AT2TE42995	0	0	0	1	1
AT2TE43005	0	0	0	1	1
AT2TE43010	0	0	0	1	1
AT2TE43060	64.4965155393006	0	2.29417294411885	1	1
AT2TE43070	119.685094842908	154.253028399162	-0.357415131224923	0.393063111976183	1
AT2TE43075	0	0	0	1	1
AT2TE43090	0	0	0	1	1
AT2TE43095	58.6004629163076	16.1359916660309	1.70393932306604	0.379440673725473	1
AT2TE43100	0	0	0	1	1
AT2TE43105	0	0	0	1	1
AT2TE43120	0	0	0	1	1
AT2TE43125	80.2464279804375	107.37947352822	-0.409985524189792	0.698995517480502	1
AT2TE43150	0	0	0	1	1
AT2TE43160	0	0	0	1	1
AT2TE43165	0	0	0	1	1
AT2TE43175	0	0	0	1	1
AT2TE43180	0	0	0	1	1
AT2TE43185	0	0	0	1	1
AT2TE43240	79.1181435542942	99.9932271196261	-0.346667713292626	0.839886536572764	1
AT2TE43260	0	0	0	1	1
AT2TE43265	0	0	0	1	1
AT2TE43280	0	0	0	1	1
AT2TE43285	0	0	0	1	1
AT2TE43295	630.266350293447	688.392439390562	-0.139451287938617	0.861854463842549	1
AT2TE43305	0	0	0	1	1
AT2TE43360	0	0	0	1	1
AT2TE43365	0	0	0	1	1
AT2TE43370	0	0	0	1	1
AT2TE43375	0	0	0	1	1
AT2TE43380	0	0	0	1	1
AT2TE43385	0	0	0	1	1
AT2TE43390	0	0	0	1	1
AT2TE43395	3772.40695546212	4723.13496026351	-0.327837163879384	0.1773287977432	1
AT2TE43405	0	0	0	1	1
AT2TE43410	0	0	0	1	1
AT2TE43430	3.48754904099484	3.81229944744186	-0.0566342462225283	1	1
AT2TE43435	0	0	0	1	1
AT2TE43440	0	0	0	1	1
AT2TE43450	0	0	0	1	1
AT2TE43460	0	0	0	1	1
AT2TE43465	0	0	0	1	1
AT2TE43470	0	0	0	1	1
AT2TE43475	0	0	0	1	1
AT2TE43485	2.19918687293887	0	2.2943477806763	0.999999999999998	1
AT2TE43540	0	0	0	1	1
AT2TE43600	0	0	0	1	1
AT2TE43610	0	0	0	1	1
AT2TE43615	0	0	0	1	1
AT2TE43720	0	0	0	1	1
AT2TE43725	0	0	0	1	1
AT2TE43730	0	0	0	1	1
AT2TE43800	0	0	0	1	1
AT2TE43805	0	0	0	1	1
AT2TE43810	0	0	0	1	1
AT2TE43820	0	0	0	1	1
AT2TE43870	0	0	0	1	1
AT2TE43875	0	0	0	1	1
AT2TE43880	0	0	0	1	1
AT2TE43960	0	0	0	1	1
AT2TE43990	0	0	0	1	1
AT2TE44040	0	0	0	1	1
AT2TE44045	0	0	0	1	1
AT2TE44050	0	0	0	1	1
AT2TE44055	0	0	0	1	1
AT2TE44110	0	0	0	1	1
AT2TE44115	0	0	0	1	1
AT2TE44120	0	0	0	1	1
AT2TE44180	0	0	0	1	1
AT2TE44200	0	0	0	1	1
AT2TE44205	0	0	0	1	1
AT2TE44210	0	0	0	1	1
AT2TE44215	0	0	0	1	1
AT2TE44220	0	0	0	1	1
AT2TE44240	0	0	0	1	1
AT2TE44280	0	0	0	1	1
AT2TE44350	0	0	0	1	1
AT2TE44355	0	0	0	1	1
AT2TE44360	0	0	0	1	1
AT2TE44365	29.2301352106463	60.064961416151	-0.98088961276458	0.690921781995241	1
AT2TE44370	53.5262961509208	223.562729979251	-1.82667023898532	0.37941305216378	1
AT2TE44390	128.993031078601	0	3.13896425942211	0.502158160414291	1
AT2TE44395	0	0	0	1	1
AT2TE44400	0	0	0	1	1
AT2TE44430	0	0	0	1	1
AT2TE44435	0	0	0	1	1
AT2TE44480	0	0	0	1	1
AT2TE44510	0	106.963364113093	-4.42459357858067	0.0652600097177981	1
AT2TE44620	0	0	0	1	1
AT2TE44680	68.2649866030802	131.652527842744	-0.918719164868435	0.132227023636575	1
AT2TE44685	0	0	0	1	1
AT2TE44710	44516.7865497539	56977.2695228355	-0.356407825409665	0.0885391055966176	1
AT2TE44715	0	0	0	1	1
AT2TE44725	0	0	0	1	1
AT2TE44730	23.4645135604418	49.7676378616056	-1.01058619954411	0.516923346304902	1
AT2TE44735	85.4419336926584	179.788209423873	-0.981853283026718	0.690631582967139	1
AT2TE44740	71.4930761688951	76.2006439631978	-0.0652581503834748	1	1
AT2TE44745	0	0	0	1	1
AT2TE44750	0	0	0	1	1
AT2TE44760	0	0	0	1	1
AT2TE44765	0	0	0	1	1
AT2TE44770	0	0	0	1	1
AT2TE44830	0	0	0	1	1
AT2TE44860	0	0	0	1	1
AT2TE44865	0	0	0	1	1
AT2TE44870	0	0	0	1	1
AT2TE44880	0	0	0	1	1
AT2TE44885	0	0	0	1	1
AT2TE44890	0	0	0	1	1
AT2TE44895	0	0	0	1	1
AT2TE44900	0	0	0	1	1
AT2TE44905	0	0	0	1	1
AT2TE44910	9.95512719325822	0	2.29417294410703	0.999999999999995	1
AT2TE44915	0	0	0	1	1
AT2TE44920	0	0	0	1	1
AT2TE44925	0	0	0	1	1
AT2TE44930	0	0	0	1	1
AT2TE44935	0	0	0	1	1
AT2TE44940	566.657225554033	478.512741753253	0.216227527382382	0.8328074965663	1
AT2TE44980	0	0	0	1	1
AT2TE45020	8.50523465737983	7.36007664986761	0.236791937488699	1	1
AT2TE45025	0	0	0	1	1
AT2TE45030	0	0	0	1	1
AT2TE45040	159.714987164054	84.018673031418	0.85327219963994	0.690634590100589	1
AT2TE45080	0	0	0	1	1
AT2TE45090	0	0	0	1	1
AT2TE45095	0	0	0	1	1
AT2TE45100	0	0	0	1	1
AT2TE45105	0	0	0	1	1
AT2TE45115	0	0	0	1	1
AT2TE45120	19.9912344195289	10.4766560503724	0.853428242192949	0.690990737418232	1
AT2TE45130	0	0	0	1	1
AT2TE45140	0	0	0	1	1
AT2TE45145	0	0	0	1	1
AT2TE45150	0	0	0	1	1
AT2TE45180	0	0	0	1	1
AT2TE45200	0	0	0	1	1
AT2TE45205	0	0	0	1	1
AT2TE45210	0	0	0	1	1
AT2TE45215	0	0	0	1	1
AT2TE45230	0	0	0	1	1
AT2TE45235	0	0	0	1	1
AT2TE45240	0	0	0	1	1
AT2TE45245	0	0	0	1	1
AT2TE45250	0	0	0	1	1
AT2TE45270	0	0	0	1	1
AT2TE45275	0	0	0	1	1
AT2TE45280	0	0	0	1	1
AT2TE45290	0	0	0	1	1
AT2TE45295	0	0	0	1	1
AT2TE45300	0	0	0	1	1
AT2TE45305	0	0	0	1	1
AT2TE45310	0	0	0	1	1
AT2TE45315	0	0	0	1	1
AT2TE45325	0	0	0	1	1
AT2TE45380	0	0	0	1	1
AT2TE45410	0	0	0	1	1
AT2TE45420	0	0	0	1	1
AT2TE45460	0	0	0	1	1
AT2TE45465	0	0.361744815416125	-2.34990269242591	1	1
AT2TE45475	0	0	0	1	1
AT2TE45485	0	0	0	1	1
AT2TE45500	0	204.204948302403	-2.34990269230621	1	1
AT2TE45505	0	0	0	1	1
AT2TE45510	0	0	0	1	1
AT2TE45515	0	0	0	1	1
AT2TE45520	13001.017441871	13868.010252911	-0.0921757970242332	0.764186871198962	1
AT2TE45540	2244.39896489493	2592.92825414469	-0.21338508359169	0.456942116436371	1
AT2TE45545	0	0	0	1	1
AT2TE45550	0	0	0	1	1
AT2TE45555	113.991186247331	0	2.29434778068278	1	1
AT2TE45590	0	0	0	1	1
AT2TE45595	0	0	0	1	1
AT2TE45600	0	0	0	1	1
AT2TE45605	0	0	0	1	1
AT2TE45610	0	0	0	1	1
AT2TE45615	0	0	0	1	1
AT2TE45620	0	0	0	1	1
AT2TE45630	0	0	0	1	1
AT2TE45635	0	0	0	1	1
AT2TE45640	0	0	0	1	1
AT2TE45645	0	0	0	1	1
AT2TE45650	0	0	0	1	1
AT2TE45655	0	0	0	1	1
AT2TE45665	0	0	0	1	1
AT2TE45700	0	12.7922215299142	-2.35098262022564	1	1
AT2TE45730	0	0	0	1	1
AT2TE45780	0	0	0	1	1
AT2TE45785	0	0	0	1	1
AT2TE45795	10.5437781925117	0	2.29417294409521	0.999999999999994	1
AT2TE45800	0	0	0	1	1
AT2TE45805	0	0	0	1	1
AT2TE45810	0	0	0	1	1
AT2TE45840	0	0	0	1	1
AT2TE45845	0	0	0	1	1
AT2TE45910	10.1893654801584	0	3.13896426133498	0.502158137764065	1
AT2TE45915	0	0	0	1	1
AT2TE45920	50.5222705057854	25.5256185378003	0.789098795798458	1	1
AT2TE45925	73.5792740488454	37.8250987664197	0.975623343142249	0.0987604087875999	1
AT2TE45930	224.30514084349	199.008726824226	0.18372752098212	1	1
AT2TE46040	0	0	0	1	1
AT2TE46050	0	0	0	1	1
AT2TE46055	21.4105184603683	0	3.13933730629853	0.502159525603455	1
AT2TE46070	0	0	0	1	1
AT2TE46110	0	0	0	1	1
AT2TE46115	0	0	0	1	1
AT2TE46125	0	0	0	1	1
AT2TE46130	0	0	0	1	1
AT2TE46135	0	0	0	1	1
AT2TE46140	0	0	0	1	1
AT2TE46150	70.4961914034216	78.2407967992427	-0.0568092745162347	1	1
AT2TE46160	0	0	0	1	1
AT2TE46165	0	0	0	1	1
AT2TE46170	979.319758166395	1169.73580531021	-0.270142291115248	0.670916708679891	1
AT2TE46175	1093.69396991741	1561.20787042428	-0.514685204012619	0.00200586564416381	1
AT2TE46210	0	0	0	1	1
AT2TE46215	0	0	0	1	1
AT2TE46220	0	0	0	1	1
AT2TE46250	0	0	0	1	1
AT2TE46255	0	0	0	1	1
AT2TE46265	0	0	0	1	1
AT2TE46270	0	0	0	1	1
AT2TE46275	0	0	0	1	1
AT2TE46350	0	0	0	1	1
AT2TE46355	0	0	0	1	1
AT2TE46360	0	0	0	1	1
AT2TE46365	0	0	0	1	1
AT2TE46400	0	0	0	1	1
AT2TE46405	0	0	0	1	1
AT2TE46410	0	0	0	1	1
AT2TE46440	0	0	0	1	1
AT2TE46445	0	0	0	1	1
AT2TE46450	0	0	0	1	1
AT2TE46470	10.1893654801584	20.592095627133	-0.906288652899496	0.999999999999999	1
AT2TE46480	0	0	0	1	1
AT2TE46485	0	0	0	1	1
AT2TE46490	0	0	0	1	1
AT2TE46570	0	0	0	1	1
AT2TE46575	0	0	0	1	1
AT2TE46580	6768.78254503176	5769.9555851647	0.23466199856316	0.497917612521098	1
AT2TE46590	33.2201230722973	0	3.13896426324781	0.502158115114434	1
AT2TE46720	0	0	0	1	1
AT2TE46725	0	0	0	1	1
AT2TE46730	0	0	0	1	1
AT2TE46735	0	0	0	1	1
AT2TE46740	0	0	0	1	1
AT2TE46745	0	0	0	1	1
AT2TE46755	0	0	0	1	1
AT2TE46760	0	0	0	1	1
AT2TE46765	0	0	0	1	1
AT2TE46890	0	0	0	1	1
AT2TE47020	1026.83100061486	689.390538135274	0.571016912897469	0.217550719989354	1
AT2TE47025	0	0	0	1	1
AT2TE47030	0	0	0	1	1
AT2TE47035	0	0	0	1	1
AT2TE47040	382.398963668202	650.274849636132	-0.735648992788957	0.350142539605441	1
AT2TE47045	0	0	0	1	1
AT2TE47050	0	0	0	1	1
AT2TE47055	0	0	0	1	1
AT2TE47060	0	0	0	1	1
AT2TE47065	0	0	0	1	1
AT2TE47070	0	0	0	1	1
AT2TE47075	0	0	0	1	1
AT2TE47100	0	0	0	1	1
AT2TE47105	0	0	0	1	1
AT2TE47120	0	0	0	1	1
AT2TE47125	0	0	0	1	1
AT2TE47130	23.5993877482046	12.1466637019599	0.890561316009027	0.397641076889955	1
AT2TE47135	0	0	0	1	1
AT2TE47140	0	0	0	1	1
AT2TE47360	0	0	0	1	1
AT2TE47365	6.08702054286572	0	2.2941729440834	1	1
AT2TE47370	0	0	0	1	1
AT2TE47375	0	0	0	1	1
AT2TE47380	0	0	0	1	1
AT2TE47440	0	0	0	1	1
AT2TE47445	0	0	0	1	1
AT2TE47455	0	0	0	1	1
AT2TE47580	0	0	0	1	1
AT2TE47585	0	0	0	1	1
AT2TE47590	0	0	0	1	1
AT2TE47595	0	0	0	1	1
AT2TE47600	0	0	0	1	1
AT2TE47605	0	0	0	1	1
AT2TE47610	0	0	0	1	1
AT2TE47615	0	0	0	1	1
AT2TE47625	0	0	0	1	1
AT2TE47630	0	0	0	1	1
AT2TE47640	5.01461741992908	10.6326360411968	-0.907412099989195	1	1
AT2TE47645	0	0	0	1	1
AT2TE47650	69.8182658174294	51.0751078519919	0.431692004145286	0.637050164813752	1
AT2TE47655	0	0	0	1	1
AT2TE47660	0	0	0	1	1
AT2TE47665	0	0	0	1	1
AT2TE47710	0	0	0	1	1
AT2TE47760	0	0	0	1	1
AT2TE47765	0	0	0	1	1
AT2TE47770	859.81734577432	899.149630379686	-0.0680268631661877	1	1
AT2TE47780	0	78.2407967992427	-2.35098262003428	1	1
AT2TE47785	0	0	0	1	1
AT2TE47790	211.369524995107	169.554679641055	0.336561930900849	0.58981952734889	1
AT2TE47850	0	0	0	1	1
AT2TE47855	21.9448272989515	0	3.13933730428094	0.502159502078962	1
AT2TE47860	0	0	0	1	1
AT2TE47865	0	0	0	1	1
AT2TE47870	0	0	0	1	1
AT2TE47875	0	0	0	1	1
AT2TE47880	0	0	0	1	1
AT2TE47885	0	0	0	1	1
AT2TE47890	0	0	0	1	1
AT2TE47895	0	0	0	1	1
AT2TE47940	0	0	0	1	1
AT2TE47950	0	0	0	1	1
AT2TE47960	0	0	0	1	1
AT2TE47965	0	0	0	1	1
AT2TE47970	0	0	0	1	1
AT2TE47975	0	0	0	1	1
AT2TE47980	0	0	0	1	1
AT2TE48010	0	0	0	1	1
AT2TE48070	47.6126109478606	17.614420221819	1.31702812224517	0.628730941723063	1
AT2TE48170	0	0	0	1	1
AT2TE48175	0	0	0	1	1
AT2TE48180	0	0	0	1	1
AT2TE48185	0	0	0	1	1
AT2TE48190	0	0	0	1	1
AT2TE48195	137.534132426207	107.237318773328	0.321862313949691	1	1
AT2TE48200	0	0	0	1	1
AT2TE48205	0	0	0	1	1
AT2TE48220	0	0	0	1	1
AT2TE48225	0	0	0	1	1
AT2TE48230	0	0	0	1	1
AT2TE48235	31.0101967624982	0	3.13933730226341	0.502159478555109	1
AT2TE48300	0	0	0	1	1
AT2TE48340	0	0	0	1	1
AT2TE48400	0	0	0	1	1
AT2TE48405	0	0	0	1	1
AT2TE48410	0	0	0	1	1
AT2TE48415	0	0	0	1	1
AT2TE48420	0	0	0	1	1
AT2TE48425	0	0	0	1	1
AT2TE48470	0	0	0	1	1
AT2TE48475	0	30.7846655732265	-2.34990269218652	0.999999999999994	1
AT2TE48540	0	0	0	1	1
AT2TE48545	0	0	0	1	1
AT2TE48570	0	0	0	1	1
AT2TE48710	0	0	0	1	1
AT2TE48720	0	0	0	1	1
AT2TE48780	0	0	0	1	1
AT2TE48790	0	0	0	1	1
AT2TE48795	0	0	0	1	1
AT2TE48800	333.223541401368	940.376507873804	-1.44773831350251	0.0599333180119953	1
AT2TE48870	2456.35983675767	2517.2844520961	-0.0359267313360067	1	1
AT2TE48875	0	0	0	1	1
AT2TE48880	0	0	0	1	1
AT2TE48885	0	0	0	1	1
AT2TE48890	0	0	0	1	1
AT2TE48900	0	0	0	1	1
AT2TE48905	0	0	0	1	1
AT2TE48930	0	0	0	1	1
AT2TE48990	0	22.2000063425486	-3.73283741134922	0.252789016657813	1
AT2TE49030	0	0	0	1	1
AT2TE49070	0	37.4479200308347	-4.68161891700457	0.0344894396032607	1
AT2TE49075	0	0	0	1	1
AT2TE49130	0	0	0	1	1
AT2TE49135	0	0	0	1	1
AT2TE49145	0	0	0	1	1
AT2TE49155	0	0	0	1	1
AT2TE49160	0	0	0	1	1
AT2TE49190	0	0	0	1	1
AT2TE49195	0	0	0	1	1
AT2TE49200	0	0	0	1	1
AT2TE49210	0	0	0	1	1
AT2TE49215	0	0	0	1	1
AT2TE49220	0	0	0	1	1
AT2TE49225	0	0	0	1	1
AT2TE49230	0	0	0	1	1
AT2TE49260	0	0	0	1	1
AT2TE49265	0	0	0	1	1
AT2TE49270	0	0	0	1	1
AT2TE49310	0	0	0	1	1
AT2TE49315	0	0	0	1	1
AT2TE49320	0	0	0	1	1
AT2TE49325	0	0	0	1	1
AT2TE49330	0	0	0	1	1
AT2TE49335	0	0	0	1	1
AT2TE49340	0	0	0	1	1
AT2TE49345	0	0	0	1	1
AT2TE49350	0	0	0	1	1
AT2TE49500	0	0	0	1	1
AT2TE49520	0	0	0	1	1
AT2TE49530	0	0	0	1	1
AT2TE49535	0	0	0	1	1
AT2TE49540	0	0	0	1	1
AT2TE49545	0	0	0	1	1
AT2TE49550	0	0	0	1	1
AT2TE49620	0	0	0	1	1
AT2TE49660	0	0	0	1	1
AT2TE49750	0	0	0	1	1
AT2TE49760	0	0	0	1	1
AT2TE49765	0	0	0	1	1
AT2TE49830	0	0	0	1	1
AT2TE49840	0	0	0	1	1
AT2TE49850	0	0	0	1	1
AT2TE49855	0	0	0	1	1
AT2TE49860	0	0	0	1	1
AT2TE49865	0	0	0	1	1
AT2TE49870	0	0	0	1	1
AT2TE49875	0	0	0	1	1
AT2TE49885	0	0	0	1	1
AT2TE49890	0	0	0	1	1
AT2TE49900	0	0	0	1	1
AT2TE49930	0	0	0	1	1
AT2TE49950	282.220019736222	325.789444522877	-0.18769963946826	0.729895916785775	1
AT2TE50060	0	0	0	1	1
AT2TE50110	0	0	0	1	1
AT2TE50115	0	0	0	1	1
AT2TE50120	0	0	0	1	1
AT2TE50125	0	0	0	1	1
AT2TE50135	0	0	0	1	1
AT2TE50140	0	0	0	1	1
AT2TE50145	0	0	0	1	1
AT2TE50150	0	0	0	1	1
AT2TE50155	0	0	0	1	1
AT2TE50160	0	0	0	1	1
AT2TE50165	0	0	0	1	1
AT2TE50170	0	0	0	1	1
AT2TE50330	0	0	0	1	1
AT2TE50335	0	0	0	1	1
AT2TE50340	17.3219213162693	0	2.29417294407158	1	1
AT2TE50345	0	0	0	1	1
AT2TE50460	0	0	0	1	1
AT2TE50465	0	0	0	1	1
AT2TE50470	0	0	0	1	1
AT2TE50475	33.1440055183707	46.4604974469172	-0.500530343269461	0.835338011321836	1
AT2TE50550	0	0	0	1	1
AT2TE50555	0	0	0	1	1
AT2TE50560	0	0	0	1	1
AT2TE50565	0	0	0	1	1
AT2TE50570	0	0	0	1	1
AT2TE50575	0	0	0	1	1
AT2TE50580	0	0	0	1	1
AT2TE50630	0	0	0	1	1
AT2TE50660	0	0	0	1	1
AT2TE50665	0	0	0	1	1
AT2TE50670	0	0	0	1	1
AT2TE50680	0	0	0	1	1
AT2TE50690	365.850924352239	58.0061079718524	2.45212505723672	0.216129271070654	1
AT2TE50695	418.549699110136	42.054428279593	3.10613519291115	0.00821378625642618	1
AT2TE50750	0	0	0	1	1
AT2TE50760	0	0	0	1	1
AT2TE50765	0	0	0	1	1
AT2TE50770	0	0	0	1	1
AT2TE50775	7.05782591466153	0	2.29417294405976	0.999999999999994	1
AT2TE50780	0	0	0	1	1
AT2TE50820	4496.9751073379	5033.28485299261	-0.162095149211207	0.453686939502576	1
AT2TE50880	854.690619735311	651.894227164812	0.399772590904993	0.28502734137006	1
AT2TE50890	0	0	0	1	1
AT2TE50950	4599.10589870368	2875.82599043147	0.680832821836214	0.0452389780811586	1
AT2TE50990	44.1887758338161	36.5029395555237	0.31976275651522	1	1
AT2TE51030	0	0	0	1	1
AT2TE51050	2527.36210838672	2576.02997425171	-0.0303487729131977	0.948176022999538	1
AT2TE51070	844.684738471912	530.468799313428	0.675235910837732	0.249658206920249	1
AT2TE51075	186.531032041088	0	2.29434778068926	1	1
AT2TE51120	0	0	0	1	1
AT2TE51125	0	0	0	1	1
AT2TE51150	0	0	0	1	1
AT2TE51155	0	0	0	1	1
AT2TE51160	0	0	0	1	1
AT2TE51165	0	0	0	1	1
AT2TE51170	0	0	0	1	1
AT2TE51180	0	0	0	1	1
AT2TE51240	0	0	0	1	1
AT2TE51245	0	0	0	1	1
AT2TE51255	0	67.3203126271657	-2.34990269206682	1	1
AT2TE51280	0	0	0	1	1
AT2TE51340	0	0	0	1	1
AT2TE51345	0	0	0	1	1
AT2TE51350	0	82.4029293192753	-3.20159066359172	0.501869594517525	1
AT2TE51360	0	0	0	1	1
AT2TE51365	0	0	0	1	1
AT2TE51370	0	0	0	1	1
AT2TE51380	0	0	0	1	1
AT2TE51470	0	0	0	1	1
AT2TE51475	0	0	0	1	1
AT2TE51490	0	0	0	1	1
AT2TE51495	121157.318977057	193861.095575355	-0.678285220792185	0.0849992952522954	1
AT2TE51520	0	0	0	1	1
AT2TE51525	0	0	0	1	1
AT2TE51630	0	0	0	1	1
AT2TE51750	0	0	0	1	1
AT2TE51760	0	0	0	1	1
AT2TE51765	0	0	0	1	1
AT2TE51800	0	0	0	1	1
AT2TE51810	0	0	0	1	1
AT2TE51815	0	13.690149592543	-3.20276772453346	0.502193001158	1
AT2TE51820	0	0	0	1	1
AT2TE51870	0	0	0	1	1
AT2TE51875	0	0	0	1	1
AT2TE51920	0	0	0	1	1
AT2TE51925	0	0	0	1	1
AT2TE51940	65.5862155956201	68.7425506620692	-0.0659974806957378	1	1
AT2TE51945	96.2328962014961	301.285800363159	-1.43865788819296	0.627776198133137	1
AT2TE51955	0	29.1721354717718	-2.34990269194713	1	1
AT2TE51960	0	0	0	1	1
AT2TE52000	0	0	0	1	1
AT2TE52005	0	0	0	1	1
AT2TE52010	0	0	0	1	1
AT2TE52020	0	0	0	1	1
AT2TE52070	62.0733803223177	77.5267559490178	-0.283321961770449	1	1
AT2TE52075	0	17.7773012542533	-3.20276770807337	0.502192971225512	1
AT2TE52080	0	0	0	1	1
AT2TE52085	0	0	0	1	1
AT2TE52160	0	0	0	1	1
AT2TE52165	0	0	0	1	1
AT2TE52200	0	29.255254455369	-2.35098261984291	0.999999999999995	1
AT2TE52205	0	0	0	1	1
AT2TE52210	0	0	0	1	1
AT2TE52215	0	0	0	1	1
AT2TE52260	0	0	0	1	1
AT2TE52390	0	269.148340989395	-2.35098261965154	0.999999999999994	1
AT2TE52395	8.16521543527845	9.06223370334663	-0.0639054131950735	1	1
AT2TE52400	0	34.4165643206296	-2.34990269182743	0.999999999999995	1
AT2TE52410	0	0	0	1	1
AT2TE52460	0	0	0	1	1
AT2TE52590	0	16.2529191418717	-2.35098261946018	0.999999999999998	1
AT2TE52595	18.0975297334157	0	2.29417294404794	0.999999999999993	1
AT2TE52640	1493.27444626144	1969.43894903764	-0.395977163962084	0.17919009411237	1
AT2TE52670	0	0	0	1	1
AT2TE52675	0	0	0	1	1
AT2TE52700	0	0	0	1	1
AT2TE52705	0	0	0	1	1
AT2TE52710	0	0	0	1	1
AT2TE52730	0	0	0	1	1
AT2TE52740	0	0	0	1	1
AT2TE52745	0	0	0	1	1
AT2TE52770	0	0	0	1	1
AT2TE52775	0	0	0	1	1
AT2TE52780	0	0	0	1	1
AT2TE52785	0	0	0	1	1
AT2TE52790	0	0	0	1	1
AT2TE52795	0	0	0	1	1
AT2TE52800	0	0	0	1	1
AT2TE52840	0	0	0	1	1
AT2TE52880	0	0	0	1	1
AT2TE52900	0	0	0	1	1
AT2TE52905	0	0	0	1	1
AT2TE52920	0	0	0	1	1
AT2TE53070	0	0	0	1	1
AT2TE53075	0	0	0	1	1
AT2TE53080	0	0	0	1	1
AT2TE53160	10.0644122883444	0	3.13915052753918	0.501872404025213	1
AT2TE53165	0	0	0	1	1
AT2TE53170	0	0	0	1	1
AT2TE53190	0	0	0	1	1
AT2TE53195	0	0	0	1	1
AT2TE53200	0	0	0	1	1
AT2TE53205	0	116.862336125518	-3.20159066403696	0.501869612534243	1
AT2TE53310	0	0	0	1	1
AT2TE53350	0	0	0	1	1
AT2TE53380	0	0	0	1	1
AT2TE53385	0	0	0	1	1
AT2TE53395	742.908904605995	457.604765622203	0.717580323665403	0.307082195151312	1
AT2TE53430	0	0	0	1	1
AT2TE53550	0	0	0	1	1
AT2TE53555	0	0	0	1	1
AT2TE53560	0	0	0	1	1
AT2TE53565	0	0	0	1	1
AT2TE53630	401.777340192185	821.086830111984	-1.02399273639451	0.329439525509692	1
AT2TE53635	0	27.3488770047861	-3.20045131135167	0.50215130583992	1
AT2TE53640	0	0	0	1	1
AT2TE53650	0	0	0	1	1
AT2TE53710	0	0	0	1	1
AT2TE53715	0	0	0	1	1
AT2TE53730	0	0	0	1	1
AT2TE53735	0	0	0	1	1
AT2TE53740	0	0	0	1	1
AT2TE53790	0	0	0	1	1
AT2TE53850	0	0	0	1	1
AT2TE53855	0	0	0	1	1
AT2TE53880	0	0	0	1	1
AT2TE54000	0	0	0	1	1
AT2TE54005	0	0	0	1	1
AT2TE54050	0	0	0	1	1
AT2TE54070	0	0	0	1	1
AT2TE54075	0	0	0	1	1
AT2TE54130	0	0	0	1	1
AT2TE54135	0	0	0	1	1
AT2TE54150	0	0	0	1	1
AT2TE54155	0	0	0	1	1
AT2TE54160	0	0	0	1	1
AT2TE54165	0	0	0	1	1
AT2TE54180	0	0	0	1	1
AT2TE54185	0	0	0	1	1
AT2TE54190	0	0	0	1	1
AT2TE54200	28674.5478183579	37155.8114302292	-0.373230269356592	4.41153590732023e-06	0.0687956967067054
AT2TE54210	0	0	0	1	1
AT2TE54215	0	0	0	1	1
AT2TE54230	0	0	0	1	1
AT2TE54235	0	0	0	1	1
AT2TE54360	9.7287464051733	7.81155384864054	0.331639639292437	0.795475884514499	1
AT2TE54365	0	0	0	1	1
AT2TE54470	0	0	0	1	1
AT2TE54490	2549.32642445468	969.135606999378	1.37958865191575	0.0188304770361675	1
AT2TE54495	62.2596967760579	34.4179464180812	0.851926471270702	0.69149673340909	1
AT2TE54500	0	0	0	1	1
AT2TE54505	0	0	0	1	1
AT2TE54620	6.52068226414819	0	2.29434778069574	0.999999999999993	1
AT2TE54625	0	0	0	1	1
AT2TE54690	0	0	0	1	1
AT2TE54695	0	0	0	1	1
AT2TE54720	0	0	0	1	1
AT2TE54725	0	0	0	1	1
AT2TE54780	0	0	0	1	1
AT2TE54840	0	0	0	1	1
AT2TE54845	0	0	0	1	1
AT2TE54850	0	0	0	1	1
AT2TE54855	0	0	0	1	1
AT2TE54860	0	0	0	1	1
AT2TE54865	0	0	0	1	1
AT2TE54910	0	0	0	1	1
AT2TE54920	0	0	0	1	1
AT2TE55030	0	0	0	1	1
AT2TE55130	0	0	0	1	1
AT2TE55135	0	0	0	1	1
AT2TE55480	0	0	0	1	1
AT2TE55520	767.456829562333	1108.66824123003	-0.522631912541694	0.446681203391803	1
AT2TE55525	0	0	0	1	1
AT2TE55530	0	0	0	1	1
AT2TE55560	0	0	0	1	1
AT2TE55565	0	0	0	1	1
AT2TE55575	1601.10730113349	1049.71807844834	0.566839299153088	0.492998931032676	1
AT2TE55600	0	0	0	1	1
AT2TE55605	0	0	0	1	1
AT2TE55610	0	0	0	1	1
AT2TE55620	0	0	0	1	1
AT2TE55625	0	0	0	1	1
AT2TE55660	0	0	0	1	1
AT2TE55690	0	0	0	1	1
AT2TE55695	0	0	0	1	1
AT2TE55700	0	0	0	1	1
AT2TE55770	0	0	0	1	1
AT2TE55860	41.1731283305054	42.7500122136915	-0.0644659640528539	1	1
AT2TE55910	19600.3960954127	17500.7105302005	0.163375186765335	0.450319026107964	1
AT2TE55920	0	0	0	1	1
AT2TE55970	389.732959436477	334.887814673513	0.209839630232626	0.73509532726177	1
AT2TE55975	0	0	0	1	1
AT2TE55980	1.95570079377234	0	2.29417294403612	1	1
AT2TE55985	0	0	0	1	1
AT2TE56020	0	0	0	1	1
AT2TE56025	0	0	0	1	1
AT2TE56030	0	0	0	1	1
AT2TE56035	0	0	0	1	1
AT2TE56040	5841.37827798048	1838.01824371342	1.6661374814147	0.013794025940395	1
AT2TE56130	0	0	0	1	1
AT2TE56135	0	0	0	1	1
AT2TE56140	0	0	0	1	1
AT2TE56145	0	0	0	1	1
AT2TE56190	0	82.0574210333521	-2.35098261926881	0.999999999999994	1
AT2TE56195	0	0	0	1	1
AT2TE56250	0	0	0	1	1
AT2TE56255	0	0	0	1	1
AT2TE56260	0	0	0	1	1
AT2TE56270	0	0	0	1	1
AT2TE56275	0	0	0	1	1
AT2TE56340	15.9714987164054	20.8077532004484	-0.370988344789566	1	1
AT2TE56345	0	0	0	1	1
AT2TE56420	0	0	0	1	1
AT2TE56430	0	0	0	1	1
AT2TE56530	0	0	0	1	1
AT2TE56730	0	0	0	1	1
AT2TE56780	0	0	0	1	1
AT2TE56785	0	0	0	1	1
AT2TE56790	0	0	0	1	1
AT2TE56840	0	0	0	1	1
AT2TE56845	0	4.66299967064094	-2.35098261907745	1	1
AT2TE56850	0	0	0	1	1
AT2TE56855	1094.91727601322	1216.14902281264	-0.156474576702594	1	1
AT2TE56870	14.9326907898873	0	2.2941729440243	1	1
AT2TE57070	0	0	0	1	1
AT2TE57075	779.040986366745	723.450920204278	0.104542713773756	0.913004002199532	1
AT2TE57110	4034.7903988564	4444.29921607315	-0.140567206738844	0.615688645855429	1
AT2TE57115	0	0	0	1	1
AT2TE57140	0	0	0	1	1
AT2TE57160	310.086402829613	261.761964946506	0.238252013066805	0.372295353255556	1
AT2TE57220	0	0	0	1	1
AT2TE57225	0	0	0	1	1
AT2TE57230	0	0	0	1	1
AT2TE57235	0	0	0	1	1
AT2TE57240	0	0	0	1	1
AT2TE57250	0	0	0	1	1
AT2TE57255	0	0	0	1	1
AT2TE57260	0	0	0	1	1
AT2TE57270	0	0	0	1	1
AT2TE57275	0	0	0	1	1
AT2TE57280	0	0	0	1	1
AT2TE57380	17.0883867385317	0	3.13915052755036	0.501872421252644	1
AT2TE57390	200.888670096092	141.262164547329	0.497431123879304	0.616181917927098	1
AT2TE57395	1742.14051698353	1398.8261070387	0.331639614645222	0.795475989502192	1
AT2TE57405	0	15.0890355888475	-2.34990269170774	1	1
AT2TE57415	0	0	0	1	1
AT2TE57420	0	0	0	1	1
AT2TE57425	0	0	0	1	1
AT2TE57430	0	0	0	1	1
AT2TE57460	0	0	0	1	1
AT2TE57465	0	0	0	1	1
AT2TE57475	0	0	0	1	1
AT2TE57480	0	0	0	1	1
AT2TE57485	0	0	0	1	1
AT2TE57490	0	0	0	1	1
AT2TE57495	0	0	0	1	1
AT2TE57560	0	0	0	1	1
AT2TE57590	747.105382771829	1149.80522842805	-0.631189496573646	0.463240960245027	1
AT2TE57600	0	0	0	1	1
AT2TE57770	48.6602692281098	0	3.13933730024593	0.5021594550319	1
AT2TE57775	0	0	0	1	1
AT2TE57785	784.783172103558	675.890333686216	0.221924084653089	0.718501848954408	1
AT2TE57820	303.510820623728	213.063927742657	0.497594863055819	0.614975394439117	1
AT2TE57840	104.429030068805	52.3602431544622	0.789215308777395	1	1
AT2TE57910	8.00881434702015	0	2.29417294401248	1	1
AT2TE57940	0	0	0	1	1
AT2TE57945	0	0	0	1	1
AT2TE57950	0	0	0	1	1
AT2TE57955	0	0	0	1	1
AT2TE57960	0	0	0	1	1
AT2TE58000	0	0	0	1	1
AT2TE58010	0	0	0	1	1
AT2TE58015	0	0	0	1	1
AT2TE58020	0	0	0	1	1
AT2TE58040	0	0	0	1	1
AT2TE58050	0	0	0	1	1
AT2TE58090	0	0	0	1	1
AT2TE58095	0	0	0	1	1
AT2TE58100	0	0	0	1	1
AT2TE58120	0	0	0	1	1
AT2TE58125	0	0	0	1	1
AT2TE58130	0	0	0	1	1
AT2TE58190	0	0	0	1	1
AT2TE58195	0	0	0	1	1
AT2TE58200	0	0	0	1	1
AT2TE58205	0	0	0	1	1
AT2TE58210	0	0	0	1	1
AT2TE58215	0	0	0	1	1
AT2TE58390	0	0	0	1	1
AT2TE58430	0	0	0	1	1
AT2TE58500	0	0	0	1	1
AT2TE58505	0	0	0	1	1
AT2TE58530	0	0	0	1	1
AT2TE58535	0	0	0	1	1
AT2TE58540	0	0	0	1	1
AT2TE58720	0	0	0	1	1
AT2TE58730	0	0	0	1	1
AT2TE58810	26.4185581860768	0	3.13933729822851	0.502159431509331	1
AT2TE58860	0	0	0	1	1
AT2TE58900	0	0	0	1	1
AT2TE58950	0	0	0	1	1
AT2TE58955	0	0	0	1	1
AT2TE58960	0	0	0	1	1
AT2TE58965	0	0	0	1	1
AT2TE59000	0	0	0	1	1
AT2TE59240	0	0	0	1	1
AT2TE59250	0	0	0	1	1
AT2TE59330	113.291853816366	0	3.66879442582438	0.253806768483449	1
AT2TE59370	0	0	0	1	1
AT2TE59380	0	0	0	1	1
AT2TE59390	0	0	0	1	1
AT2TE59470	3473.31046860606	4986.078647074	-0.526478549476789	0.100391660375639	1
AT2TE59520	0	0	0	1	1
AT2TE59525	0	0	0	1	1
AT2TE59610	1009.51251775439	945.909724921121	0.104366268069224	0.811429740840202	1
AT2TE59720	30.932096410735	33.1363206405107	-0.0654110240311753	1	1
AT2TE59730	0	0	0	1	1
AT2TE59880	78.6950617858572	103.567015060614	-0.41670021788413	0.810701493917682	1
AT2TE59885	72.4179300865399	79.1612767615867	-0.0566342460965439	1	1
AT2TE59940	0	0	0	1	1
AT2TE59980	0	0	0	1	1
AT2TE59985	305.454912951254	153.153711226802	0.789215313300851	0.999999999999998	1
AT2TE59990	0	0	0	1	1
AT2TE59995	8.25690685091333	0	3.13933729621113	0.502159407987403	1
AT2TE60090	0	0	0	1	1
AT2TE60095	0	0	0	1	1
AT2TE60105	0	0	0	1	1
AT2TE60110	0	0	0	1	1
AT2TE60115	0	0	0	1	1
AT2TE60120	0	0	0	1	1
AT2TE60125	0	0	0	1	1
AT2TE60190	0	0	0	1	1
AT2TE60270	0	0	0	1	1
AT2TE60275	0	0	0	1	1
AT2TE60320	0	0	0	1	1
AT2TE60325	0	6.42153925479253	-2.34990269158804	0.999999999999993	1
AT2TE60335	61.5552405735589	0	2.29434778070222	1	1
AT2TE60350	0	0	0	1	1
AT2TE60355	11.9109478599101	0	2.29417294400067	1	1
AT2TE60360	0	0	0	1	1
AT2TE60365	6.33936566154057	6.30911271789091	-0.0555552233681051	1	1
AT2TE60380	0	0	0	1	1
AT2TE60480	0	0	0	1	1
AT2TE60490	0	0	0	1	1
AT2TE60570	0	0	0	1	1
AT2TE60640	0	0	0	1	1
AT2TE60645	0	0	0	1	1
AT2TE60750	0	0	0	1	1
AT2TE60850	0	0	0	1	1
AT2TE61100	77.5668721942166	15.6279297170206	2.00919911746705	0.22507390395942	1
AT2TE61105	0	0	0	1	1
AT2TE61110	0	0	0	1	1
AT2TE61210	0	0	0	1	1
AT2TE61215	0	0	0	1	1
AT2TE61220	72.4179300865399	39.5806383807934	0.851679725125332	0.695267909801172	1
AT2TE61300	0	0	0	1	1
AT2TE61310	0	0	0	1	1
AT2TE61315	0	0	0	1	1
AT2TE61320	0	0	0	1	1
AT2TE61325	0	0	0	1	1
AT2TE61330	0	0	0	1	1
AT2TE61335	0	0	0	1	1
AT2TE61550	0	0	0	1	1
AT2TE61580	39.9709354373759	0	3.66879441253958	0.253806609666493	1
AT2TE61640	0	0	0	1	1
AT2TE61710	0	0	0	1	1
AT2TE61760	0	0	0	1	1
AT2TE61810	0	0	0	1	1
AT2TE61840	0	0	0	1	1
AT2TE61845	0	0	0	1	1
AT2TE61850	0	0	0	1	1
AT2TE61855	0	0	0	1	1
AT2TE62060	0	0	0	1	1
AT2TE62065	0	0	0	1	1
AT2TE62070	0	0	0	1	1
AT2TE62260	179.224205673965	252.056019094254	-0.452607593293346	1	1
AT2TE62350	0	0	0	1	1
AT2TE62355	125.622939946039	0	2.2943477807087	1	1
AT2TE62390	0	0	0	1	1
AT2TE62550	0	118.047517977805	-2.35098261888608	1	1
AT2TE62555	0	0	0	1	1
AT2TE62700	0	0	0	1	1
AT2TE62705	72.9880317685194	29.2766950971186	1.20492980164991	0.192275320097778	1
AT2TE62740	0	0	0	1	1
AT2TE62940	0	0	0	1	1
AT2TE62945	0	0	0	1	1
AT2TE62950	0	0	0	1	1
AT2TE62955	0	0	0	1	1
AT2TE62960	0	0	0	1	1
AT2TE62965	0	0	0	1	1
AT2TE63080	0	0	0	1	1
AT2TE63090	0	8.19003803351882	-2.34990269146834	0.999999999999997	1
AT2TE63120	5804.76116766187	4296.30133935868	0.419473383817764	0.295296818987634	1
AT2TE63125	4481.71212761182	3702.65401574887	0.270404680700302	0.316784059578056	1
AT2TE63150	0	0	0	1	1
AT2TE63200	0	0	0	1	1
AT2TE63205	0	0	0	1	1
AT2TE63215	0	0	0	1	1
AT2TE63220	0	0	0	1	1
AT2TE63225	0	0	0	1	1
AT2TE63320	0	26.1817452324314	-2.35098261869472	1	1
AT2TE63325	11.1446184939233	0	2.29417294398885	1	1
AT2TE63330	0	0	0	1	1
AT2TE63430	0	0	0	1	1
AT2TE63435	0	0	0	1	1
AT2TE63440	0	0	0	1	1
AT2TE63445	0	0	0	1	1
AT2TE63580	0	0	0	1	1
AT2TE63585	0	0	0	1	1
AT2TE63720	0	0	0	1	1
AT2TE63770	0	0	0	1	1
AT2TE63775	0	0	0	1	1
AT2TE63780	0	0	0	1	1
AT2TE63785	0	0	0	1	1
AT2TE63790	0	0	0	1	1
AT2TE63795	0	0	0	1	1
AT2TE63800	0	0	0	1	1
AT2TE63805	0	0	0	1	1
AT2TE63815	18.881975636061	0	2.29434778071518	0.999999999999994	1
AT2TE63820	0	0	0	1	1
AT2TE63825	0	0	0	1	1
AT2TE63930	0	0	0	1	1
AT2TE63935	0	0	0	1	1
AT2TE63940	0	0	0	1	1
AT2TE63945	560.847505502408	418.892926272184	0.398493579543028	0.779232962006961	1
AT2TE64030	0	0	0	1	1
AT2TE64035	0	0	0	1	1
AT2TE64040	0	0	0	1	1
AT2TE64110	0	0	0	1	1
AT2TE64130	10545.8668006919	8807.4783426846	0.257620802980222	0.0234950616838164	1
AT2TE64150	0	0	0	1	1
AT2TE64160	8.29366957687312	0	2.29417294397703	1	1
AT2TE64190	16.1671265618513	0	2.29417294396521	1	1
AT2TE64195	0	0	0	1	1
AT2TE64200	0	0	0	1	1
AT2TE64205	0	0	0	1	1
AT2TE64410	0	0	0	1	1
AT2TE64420	0	0	0	1	1
AT2TE64500	0	0	0	1	1
AT2TE64505	0	0	0	1	1
AT2TE64510	0	0	0	1	1
AT2TE64515	0	0	0	1	1
AT2TE64525	0	0	0	1	1
AT2TE64580	0	0	0	1	1
AT2TE64585	0	0	0	1	1
AT2TE64590	0	0	0	1	1
AT2TE64660	0	0	0	1	1
AT2TE64890	270.241467427701	241.122181506103	0.174152616850004	0.74716218747548	1
AT2TE64895	0	0	0	1	1
AT2TE64900	0	0	0	1	1
AT2TE64910	0	0	0	1	1
AT2TE64915	0	0	0	1	1
AT2TE64920	0	0	0	1	1
AT2TE65000	0	0	0	1	1
AT2TE65005	0	0	0	1	1
AT2TE65120	0	0	0	1	1
AT2TE65130	0	0	0	1	1
AT2TE65135	0	0	0	1	1
AT2TE65220	0	0	0	1	1
AT2TE65225	0	0	0	1	1
AT2TE65230	1980.83710092226	2612.09966354314	-0.404543998925038	0.29964374210847	1
AT2TE65290	0	0	0	1	1
AT2TE65330	0	0	0	1	1
AT2TE65650	13.323645145792	0	2.29434778072167	1	1
AT2TE65780	0	0	0	1	1
AT2TE65785	0	0	0	1	1
AT2TE65790	0	0	0	1	1
AT2TE65795	0	0	0	1	1
AT2TE65830	0	0	0	1	1
AT2TE65920	0	0	0	1	1
AT2TE65925	0	0	0	1	1
AT2TE65950	0	0	0	1	1
AT2TE66310	0	0	0	1	1
AT2TE66360	0	25.3146630126945	-2.34990269134865	1	1
AT2TE66460	0	0	0	1	1
AT2TE66465	0	0	0	1	1
AT2TE66470	0	0	0	1	1
AT2TE66530	0	0	0	1	1
AT2TE66535	0	0	0	1	1
AT2TE66650	112.271712235079	0	2.29417294395339	1	1
AT2TE66655	1959.8299214182	2165.65154982665	-0.128635749960682	0.799619544622507	1
AT2TE66740	0	0	0	1	1
AT2TE66745	0	0	0	1	1
AT2TE66990	0	0	0	1	1
AT2TE67060	0	0	0	1	1
AT2TE67170	0	0	0	1	1
AT2TE67175	0	0	0	1	1
AT2TE67180	0	0	0	1	1
AT2TE67240	0	0	0	1	1
AT2TE67245	57.0447549599115	46.9444780795456	0.319669614530951	0.999999999999999	1
AT2TE67250	0	0	0	1	1
AT2TE67255	211.192190521908	379.781408597834	-0.759481889231813	0.731358917879816	1
AT2TE67330	0	0	0	1	1
AT2TE67335	0	0	0	1	1
AT2TE67345	0	0	0	1	1
AT2TE67350	0	0	0	1	1
AT2TE67355	0	0	0	1	1
AT2TE67390	268.14353255105	237.262567785988	0.147650492335045	1	1
AT2TE67460	0	0	0	1	1
AT2TE67480	13.2662417083025	108.559622906432	-2.77383579748162	0.0560749897842057	1
AT2TE67780	0	0	0	1	1
AT2TE67960	0	0	0	1	1
AT2TE67965	22.6528735796089	0	3.6683883786154	0.25281312745266	1
AT2TE68040	0	0	0	1	1
AT2TE68045	0	0	0	1	1
AT2TE68100	3710.75343577704	1115.47508289369	1.64936226739537	0.0206066954181269	1
AT2TE68105	1433.63158218264	1741.20535024755	-0.278074980033825	0.392909218582458	1
AT2TE68230	0	0	0	1	1
AT2TE68280	0	0	0	1	1
AT2TE68320	0	0	0	1	1
AT2TE68325	0	0	0	1	1
AT2TE68335	984.06180271023	975.348751598303	0.00807702890178681	1	1
AT2TE68510	0	0	0	1	1
AT2TE68515	0	0	0	1	1
AT2TE68520	0	0	0	1	1
AT2TE68525	0	0	0	1	1
AT2TE68535	0	0	0	1	1
AT2TE68540	0	0	0	1	1
AT2TE68545	0	0	0	1	1
AT2TE68590	0	0	0	1	1
AT2TE68630	2501.15044643246	2091.31956507979	0.249433044576321	0.679728897955411	1
AT2TE68635	0	0	0	1	1
AT2TE68680	10.7426248819475	22.43430536441	-0.90724875847715	1	1
AT2TE68900	0	0	0	1	1
AT2TE69010	0	0	0	1	1
AT2TE69030	0	0	0	1	1
AT2TE69035	0	0	0	1	1
AT2TE69210	0	0	0	1	1
AT2TE69230	13903.1824976274	18696.4546727751	-0.428729099655187	0.0119458343877901	1
AT2TE69490	0	0	0	1	1
AT2TE69495	0	0	0	1	1
AT2TE69520	0	0	0	1	1
AT2TE69525	0	0	0	1	1
AT2TE69530	0	0	0	1	1
AT2TE69570	563.92987832993	399.972908478504	0.463880937479058	0.469365044254967	1
AT2TE69630	0	0	0	1	1
AT2TE69760	0	0	0	1	1
AT2TE70090	0	0	0	1	1
AT2TE70210	0	0	0	1	1
AT2TE70290	0	0	0	1	1
AT2TE70295	0	0	0	1	1
AT2TE70300	0	0	0	1	1
AT2TE70305	0	0	0	1	1
AT2TE70700	1018.18304317085	961.046016205295	0.0562248397060064	1	1
AT2TE70740	0	0	0	1	1
AT2TE70745	0	0	0	1	1
AT2TE70830	93.2655160205438	0	2.29434778072815	1	1
AT2TE70870	0	0	0	1	1
AT2TE70875	0	0	0	1	1
AT2TE71040	0	0	0	1	1
AT2TE71050	229.215274785935	223.438801699431	0.0131758630620684	1	1
AT2TE71055	0	0	0	1	1
AT2TE71060	0	0	0	1	1
AT2TE71160	0	0	0	1	1
AT2TE71330	0	0	0	1	1
AT2TE71335	0	0	0	1	1
AT2TE71340	0	0	0	1	1
AT2TE71350	2339.3303530564	1651.23240450627	0.50760516907059	0.339857153516708	1
AT2TE71400	618.884570172894	203.971116459509	1.56631677496702	0.156426639188775	1
AT2TE71530	0	0	0	1	1
AT2TE71535	2625.58214988172	2299.97883667532	0.193627141908053	0.411193175991779	1
AT2TE71580	271.515478178892	331.042365707355	-0.281442337232128	1	1
AT2TE71660	0	0	0	1	1
AT2TE71670	0	0	0	1	1
AT2TE71720	8.59710063876521	25.6682197586819	-1.43701962835126	0.628705033398053	1
AT2TE71725	76.9440507169486	76.576855613401	-0.0555552231838927	1	1
AT2TE71730	0	4.85047383141099	-2.34990269122895	0.999999999999997	1
AT2TE71735	0	0	0	1	1
AT2TE71740	0	0	0	1	1
AT2TE71745	10.8947328448777	100.784099590508	-2.94847073550038	0.0238192606751993	1
AT2TE71770	0	0	0	1	1
AT2TE71850	1222.74816777163	1071.57324012539	0.165380280470184	0.76067747568356	1
AT2TE71890	0	0	0	1	1
AT2TE71980	0	0	0	1	1
AT2TE72130	0	112.406393560956	-3.20045132232037	0.502151283910915	1
AT2TE72160	3926.47924815569	2302.46405052452	0.76422465376057	0.0873835937167706	1
AT2TE72250	0	0	0	1	1
AT2TE72255	0	0	0	1	1
AT2TE72260	0	0	0	1	1
AT2TE72380	0	0	0	1	1
AT2TE72385	0	0	0	1	1
AT2TE72410	0	0	0	1	1
AT2TE72490	0	0	0	1	1
AT2TE72560	0	0	0	1	1
AT2TE72990	0	0	0	1	1
AT2TE72995	0	0	0	1	1
AT2TE73030	0	0	0	1	1
AT2TE73035	0	0	0	1	1
AT2TE73080	3732.04821945058	4268.21454472279	-0.194410938210958	0.624553460250717	1
AT2TE73130	0	0	0	1	1
AT2TE73135	0	0	0	1	1
AT2TE73140	0	0	0	1	1
AT2TE73145	265.612967783699	558.906824948128	-0.981853284991285	0.690631658804529	1
AT2TE73310	0	0	0	1	1
AT2TE73320	219.218714339637	181.505205394964	0.272261705052965	0.0635955780327682	1
AT2TE73325	0	0	0	1	1
AT2TE73330	0	0	0	1	1
AT2TE73350	0	0	0	1	1
AT2TE73420	0	0	0	1	1
AT2TE73425	0	0	0	1	1
AT2TE73450	0	0	0	1	1
AT2TE73455	0	0	0	1	1
AT2TE73460	0	0	0	1	1
AT2TE73465	0	0	0	1	1
AT2TE73500	0	0	0	1	1
AT2TE73505	0	0	0	1	1
AT2TE73690	173.977185380339	284.889278540588	-0.701170637032609	0.494660920378545	1
AT2TE73940	80.8755529549457	73.2361450080235	0.119774087319623	0.999999999999999	1
AT2TE74230	0	0	0	1	1
AT2TE74400	30.5590089448572	0	4.35903576021982	0.0653537613388736	1
AT2TE74405	0	23.0306332671883	-2.34990269110925	0.999999999999999	1
AT2TE74470	0	0	0	1	1
AT2TE74475	0	0	0	1	1
AT2TE74480	0	0	0	1	1
AT2TE74720	32.595013229539	36.1758522835208	-0.0568092743853683	1	1
AT2TE74725	0	0	0	1	1
AT2TE74910	0	0	0	1	1
AT2TE75290	0	0	0	1	1
AT2TE75295	0	0	0	1	1
AT2TE75330	0	0	0	1	1
AT2TE75420	0	37.3817140263049	-2.35098261850336	0.999999999999992	1
AT2TE75490	0	90.3182352313406	-3.20276769161384	0.502192941294057	1
AT2TE75550	0	0	0	1	1
AT2TE75555	0	0	0	1	1
AT2TE75565	0	0	0	1	1
AT2TE75570	0	0	0	1	1
AT2TE75650	0	0	0	1	1
AT2TE75655	0	0	0	1	1
AT2TE75790	0	0	0	1	1
AT2TE75960	19.6295764364964	19.7745269498776	-0.0496204737924799	1	1
AT2TE75990	0	0	0	1	1
AT2TE76160	308.733762503411	406.799271323005	-0.381722339173342	0.819195649027839	1
AT2TE76170	0	0	0	1	1
AT2TE76175	0	0	0	1	1
AT2TE76210	0	8.85281567784982	-2.34990269098956	1	1
AT2TE76260	0	0	0	1	1
AT2TE76265	0	0	0	1	1
AT2TE76270	0	0	0	1	1
AT2TE76330	0	0	0	1	1
AT2TE76340	29.6935682618485	25.1071425269667	0.238054819983693	1	1
AT2TE76410	0	0	0	1	1
AT2TE76415	0	0	0	1	1
AT2TE76420	0	0	0	1	1
AT2TE76540	0	0	0	1	1
AT2TE76580	0	0	0	1	1
AT2TE76585	0	0	0	1	1
AT2TE76595	5.30648625634129	0	2.29434778073463	1	1
AT2TE76840	4530.99353078446	4212.93631914682	0.107091904727563	0.588383117267316	1
AT2TE77000	0	0	0	1	1
AT2TE77005	0	0	0	1	1
AT2TE77015	0	0	0	1	1
AT2TE77080	0	0	0	1	1
AT2TE77260	0	0	0	1	1
AT2TE77265	0	0	0	1	1
AT2TE77480	0	0	0	1	1
AT2TE77485	0	0	0	1	1
AT2TE77540	0	0	0	1	1
AT2TE77545	0	0	0	1	1
AT2TE77550	0	0	0	1	1
AT2TE77555	0	0	0	1	1
AT2TE77560	0	0	0	1	1
AT2TE77565	0	0	0	1	1
AT2TE77600	25.1245879892077	107.397036829701	-1.82774812759165	0.380094574589168	1
AT2TE77720	0	0	0	1	1
AT2TE77780	0	0	0	1	1
AT2TE77785	0	0	0	1	1
AT2TE77790	0	0	0	1	1
AT2TE77795	0	9.15717256961447	-2.34990269086986	1	1
AT2TE77800	0	0	0	1	1
AT2TE77890	0	0	0	1	1
AT2TE77895	0	0	0	1	1
AT2TE77900	0	0	0	1	1
AT2TE77910	0	0	0	1	1
AT2TE78020	0	0	0	1	1
AT2TE78025	0	0	0	1	1
AT2TE78030	0	0	0	1	1
AT2TE78210	0	0	0	1	1
AT2TE78215	0	0	0	1	1
AT2TE78225	0	0	0	1	1
AT2TE78320	2067.61278111653	1386.03468484792	0.579968949675336	0.483876444157199	1
AT2TE78400	2114.98751438101	2489.29962897841	-0.239656584737752	0.56171369211188	1
AT2TE78560	0	0	0	1	1
AT2TE78600	0	0	0	1	1
AT2TE78930	0	0	0	1	1
AT2TE78935	0	0	0	1	1
AT2TE78940	0	0	0	1	1
AT2TE78945	0	0	0	1	1
AT2TE78950	0	0	0	1	1
AT2TE79090	5148.07740672717	4674.85125668807	0.144774155168017	0.619642410366508	1
AT2TE79220	0	0	0	1	1
AT2TE79225	0	0	0	1	1
AT2TE79235	29.2793594371353	42.6438161932184	-0.532416212459135	0.779294034377649	1
AT2TE79270	9.52867501138683	0	2.29434778074111	1	1
AT2TE79280	0	0	0	1	1
AT2TE79400	1793.75923969163	2550.75462401388	-0.507051026910044	0.0872999067140798	1
AT2TE79670	0	0	0	1	1
AT2TE79675	0	0	0	1	1
AT2TE79680	0	0	0	1	1
AT2TE79890	0	0	0	1	1
AT2TE80000	12774.1865589665	13609.3601044232	-0.0947100279137236	0.649612485800351	1
AT2TE80120	0	0	0	1	1
AT2TE80320	0	0	0	1	1
AT2TE80325	1132.61723809167	951.056040440413	0.246391483798786	0.410810738519209	1
AT2TE80480	2065.87594133671	2486.99083442334	-0.258935395243367	0.509762462167602	1
AT2TE80550	0	0	0	1	1
AT2TE80670	592.558224635938	513.135004120831	0.212917070645504	0.655045805533014	1
AT2TE80950	0	0	0	1	1
AT2TE81010	236.750925282919	706.86328258524	-1.4370197028031	0.628704891537674	1
AT2TE81015	9.52501564916615	29.3475654124865	-1.53630145680709	0.300501967696705	1
AT2TE81020	0	0	0	1	1
AT2TE81025	0	0	0	1	1
AT2TE81040	0	0	0	1	1
AT2TE81045	15.946953516466	0	2.29434778074759	0.999999999999996	1
AT2TE81055	12872.9377985379	11783.6188926564	0.127850502393456	0.674103788519792	1
AT2TE81190	0	0	0	1	1
AT2TE81440	0	0	0	1	1
AT2TE81445	0	0	0	1	1
AT2TE81560	0	0	0	1	1
AT2TE81690	55.7908516805943	86.671257638717	-0.593708625438216	1	1
AT2TE81695	0	0	0	1	1
AT2TE81890	0	0	0	1	1
AT2TE81930	0	0	0	1	1
AT2TE82000	0	0	0	1	1
AT2TE82150	138.139721063739	148.360344685923	-0.0693600639020933	1	1
AT2TE82400	0	0	0	1	1
AT2TE82630	0	0	0	1	1
AT2TE82635	0	0	0	1	1
AT2TE82790	0	0	0	1	1
AT2TE82795	0	0	0	1	1
AT2TE82800	0	0	0	1	1
AT2TE82900	0	0	0	1	1
AT2TE82905	0	0	0	1	1
AT2TE82910	0	0	0	1	1
AT2TE82920	0	0	0	1	1
AT2TE82925	0	0	0	1	1
AT2TE83030	118.523570180994	88.7733839880435	0.429611572973483	0.644250399638307	1
AT2TE83150	1040.83429511769	1784.20958228886	-0.762023184806576	0.145540673645421	1
AT2TE83210	0	0	0	1	1
AT2TE83215	0	0	0	1	1
AT2TE83220	0	0	0	1	1
AT2TE83225	0	0	0	1	1
AT2TE83410	0	0	0	1	1
AT2TE83420	0	0	0	1	1
AT2TE83440	0	0	0	1	1
AT2TE83680	0	0	0	1	1
AT2TE83860	0	0	0	1	1
AT2TE84090	0	0	0	1	1
AT2TE84095	0	0	0	1	1
AT2TE84130	1445.89076760337	1076.08931924811	0.436894799386563	0.409954648072271	1
AT2TE84135	0	0	0	1	1
AT2TE84140	23.0113048873117	36.6047953243772	-0.594544609500665	1	1
AT2TE84250	0	25.6324202890045	-2.34990269075016	0.999999999999995	1
AT2TE84255	0	0	0	1	1
AT2TE84260	2517.91078072049	2235.67536219184	0.167653272019886	0.576005196592026	1
AT2TE84410	0	0	0	1	1
AT2TE84415	13.4129921696776	14.8865232848117	-0.0568092742545045	1	1
AT2TE84540	0	0	0	1	1
AT2TE84690	0	0	0	1	1
AT2TE84695	0	0	0	1	1
AT2TE84700	0	0	0	1	1
AT2TE84800	4002.90970643739	4291.99981086738	-0.0966336882074892	0.682478824045322	1
AT2TE84830	795.337621368542	603.947387600413	0.367229951414808	0.511315704855	1
AT2TE84910	0	0	0	1	1
AT2TE84940	0	0	0	1	1
AT2TE84970	0	0	0	1	1
AT2TE84975	0	0	0	1	1
AT2TE84980	6.65116849104526	3.33486578610347	0.789215317824405	0.999999999999998	1
AT2TE84985	0	0	0	1	1
AT2TE85040	0	0	0	1	1
AT2TE85450	0	0	0	1	1
AT2TE85710	67.3773848814585	142.88100771658	-1.04431338454047	0.202733275734943	1
AT2TE85780	163.53226697199	211.802455958922	-0.347415735726364	0.618153999122648	1
AT2TE85785	0	0	0	1	1
AT2TE85800	48.501379685554	98.0183751851532	-0.906288662678176	0.999999999999999	1
AT2TE85890	0	0	0	1	1
AT2TE85930	2605.31056922854	2252.27761181972	0.224517057404062	0.718890533487109	1
AT2TE86050	1712.42960297913	1274.29019538532	0.421775364178838	0.675910712032066	1
AT2TE86100	0	17.2082821603148	-2.34990269063047	1	1
AT2TE86120	0	0	0	1	1
AT2TE86210	49.0690623214865	162.137554812889	-1.57246543411343	0.410367914393004	1
AT2TE86215	0	0	0	1	1
AT2TE86220	0	49.4757979759917	-2.35098261831199	0.999999999999999	1
AT2TE86390	0	0	0	1	1
AT2TE86395	0	0	0	1	1
AT2TE86400	0	0	0	1	1
AT2TE86520	30225.9351537135	29314.9622521134	0.0454249072361441	0.812085273731526	1
AT2TE87090	0	0	0	1	1
AT2TE87230	0	0	0	1	1
AT2TE87235	0	0	0	1	1
AT2TE87240	139.949236200914	198.550614170239	-0.487840050577482	0.328858810223241	1
AT2TE87280	0	0	0	1	1
AT2TE87285	0	0	0	1	1
AT2TE87290	0	0	0	1	1
AT2TE87330	0	12.035655106232	-2.34990269051077	0.999999999999999	1
AT2TE87380	0	0	0	1	1
AT2TE87400	0	0	0	1	1
AT2TE87405	11.2480008547203	0	2.29417294394157	1	1
AT2TE87410	0	0	0	1	1
AT2TE87415	0	0	0	1	1
AT2TE87420	0	0	0	1	1
AT2TE87560	0	0	0	1	1
AT2TE87610	27.7384818278212	16.3033466700981	0.704335094428492	0.556233551562188	1
AT2TE87640	0	0	0	1	1
AT2TE87645	0	0	0	1	1
AT2TE87710	0	0	0	1	1
AT2TE87730	19.1856723439692	19.3865457249116	-0.0557300344714294	1	1
AT2TE87760	0	0	0	1	1
AT2TE87765	0	0	0	1	1
AT2TE87940	0	0	0	1	1
AT2TE88030	94.7003701131675	0	2.29434778075407	0.999999999999995	1
AT2TE88035	0	0	0	1	1
AT2TE88045	0	0	0	1	1
AT2TE88180	0	0	0	1	1
AT2TE88480	0	0	0	1	1
AT2TE88570	0	0	0	1	1
AT2TE88720	0	0	0	1	1
AT2TE88970	0	0	0	1	1
AT2TE89000	0	0	0	1	1
AT2TE89030	0	0	0	1	1
AT2TE89035	0	0	0	1	1
AT2TE89040	0	0	0	1	1
AT2TE89045	0	0	0	1	1
AT2TE89320	0	0	0	1	1
AT2TE89325	0	0	0	1	1
AT2TE89480	576.005546191663	935.071799551098	-0.699460406104493	0.501269932489152	1
AT2TE89510	0	0	0	1	1
AT2TE89515	0	0	0	1	1
AT2TE89520	72.1746721511221	0	2.29417294392976	1	1
AT2TE89530	0	0	0	1	1
AT2TE89540	56.1358561175394	175.750050211843	-1.43865788453683	0.627776228234855	1
AT2TE89750	0	0	0	1	1
AT2TE89890	0	0	0	1	1
AT3TE00010	0	0	0	1	1
AT3TE00130	0	0	0	1	1
AT3TE00190	0	0	0	1	1
AT3TE00195	0	0	0	1	1
AT3TE00320	1252.44210088666	978.674928135755	0.359142062875954	0.129991746157624	1
AT3TE00350	6570.80722374586	6890.0661525664	-0.0649242881470672	0.684936197580544	1
AT3TE00490	0	0	0	1	1
AT3TE00660	0	0	0	1	1
AT3TE00665	0	0	0	1	1
AT3TE00670	0	0	0	1	1
AT3TE00675	0	0	0	1	1
AT3TE00780	18047.6010858114	22407.8980605727	-0.311462031434457	0.133970644710957	1
AT3TE01390	0	0	0	1	1
AT3TE01770	0	0	0	1	1
AT3TE01800	114.158710703963	149.178236394651	-0.366634603915594	0.548372081346294	1
AT3TE01805	0	0	0	1	1
AT3TE01810	0	0	0	1	1
AT3TE02100	653.807220231519	659.281015303979	-0.0031863970467659	1	1
AT3TE02110	0	0	0	1	1
AT3TE02115	903.625602069149	301.285989298627	1.44458588863994	0.157562054361454	1
AT3TE02240	48.4779267888904	13.8444032747392	1.62441459378033	0.188557921927129	1
AT3TE02290	0	0	0	1	1
AT3TE02370	0	0	0	1	1
AT3TE02430	0	0	0	1	1
AT3TE02435	0	0	0	1	1
AT3TE02640	258.784796836705	707.243771040876	-1.40828680834456	0.237670907081403	1
AT3TE02810	94.9180646198406	199.079643399665	-1.04332976827859	0.203235538479841	1
AT3TE02890	2171.47703850117	3348.51799782429	-0.624672613341788	0.030301869176369	1
AT3TE03000	0	0	0	1	1
AT3TE03050	181.558503709546	153.619964265819	0.246213004197361	0.716410904846857	1
AT3TE03055	139.903970168782	182.429775563057	-0.321657365934738	1	1
AT3TE03200	0	0	0	1	1
AT3TE03210	0	0	0	1	1
AT3TE03320	929.141609057885	787.16885920239	0.226163358595357	0.723206174884436	1
AT3TE03550	47.3501850565838	0	2.29434778076055	1	1
AT3TE03555	0	0	0	1	1
AT3TE03560	0	0	0	1	1
AT3TE03565	0	0	0	1	1
AT3TE03575	0	0	0	1	1
AT3TE03650	0	0	0	1	1
AT3TE03740	0	0	0	1	1
AT3TE03830	853.572276467467	596.851057207167	0.492338558050164	0.504015096347958	1
AT3TE03920	0	51.9165122802718	-2.34990269039107	0.999999999999997	1
AT3TE03940	0	0	0	1	1
AT3TE04150	0	0	0	1	1
AT3TE04155	0	0	0	1	1
AT3TE04430	0	48.5944553313693	-3.73383314077666	0.252838844234834	1
AT3TE04440	0	0	0	1	1
AT3TE04445	0	0	0	1	1
AT3TE04450	0	141.262164547329	-3.20159066448222	0.501869630551366	1
AT3TE04470	0	0	0	1	1
AT3TE04475	0	0	0	1	1
AT3TE04510	120.842909952289	75.6183657612351	0.654146904731071	0.349765036687693	1
AT3TE04600	0	0	0	1	1
AT3TE04630	0	0	0	1	1
AT3TE04740	0	0	0	1	1
AT3TE04910	0	0	0	1	1
AT3TE04915	0	0	0	1	1
AT3TE04920	0	0	0	1	1
AT3TE04925	0	0	0	1	1
AT3TE05240	589.203613997858	460.124421166671	0.363836843381741	0.389261651922263	1
AT3TE05245	1213.46824284895	1000.88962370913	0.276478691397699	0.00174517801300397	1
AT3TE05380	0	0	0	1	1
AT3TE05385	0	0	0	1	1
AT3TE05390	0	0	0	1	1
AT3TE05630	0	0	0	1	1
AT3TE05635	0	0	0	1	1
AT3TE05640	0	0	0	1	1
AT3TE05645	0	0	0	1	1
AT3TE05650	0	0	0	1	1
AT3TE05720	0	0	0	1	1
AT3TE05725	0	0	0	1	1
AT3TE05730	0	0	0	1	1
AT3TE05735	0	0	0	1	1
AT3TE05770	0	0	0	1	1
AT3TE05775	0	0	0	1	1
AT3TE05780	0	0	0	1	1
AT3TE05785	0	0	0	1	1
AT3TE05790	0	9.49054755859346	-3.2004513332888	0.502151261982468	1
AT3TE05850	11.1037957155572	0	2.29417294391794	0.999999999999999	1
AT3TE05855	0	0	0	1	1
AT3TE05865	0	0	0	1	1
AT3TE05950	8439.30966947065	7287.62998350244	0.213483298389374	0.210527911995741	1
AT3TE05960	9550.13259030181	8412.85312934394	0.180733607203285	0.473765709691126	1
AT3TE06050	1126.26668034901	950.734107754263	0.236629076460223	0.407398432513373	1
AT3TE06055	2443.63930361003	1928.22854607104	0.332710240622369	0.794656155834819	1
AT3TE06100	0	0	0	1	1
AT3TE06290	7479.36596434709	7578.46011487356	-0.0223756093990365	0.95334400052277	1
AT3TE06330	89.3533534103325	119.487965365621	-0.383805555399548	0.821855858130733	1
AT3TE06390	565.734431642495	499.500142707343	0.148793236743029	1	1
AT3TE06490	230.532009774531	161.696314135936	0.489595637423967	0.757657504104473	1
AT3TE06510	2105.42132321665	1729.00855712343	0.284034757142599	0.239763529723237	1
AT3TE06550	0	0	0	1	1
AT3TE06590	0	44.3270930131274	-3.20159066492748	0.501869648568898	1
AT3TE06595	0	0	0	1	1
AT3TE06600	0	0	0	1	1
AT3TE06605	0	0	0	1	1
AT3TE06610	0	0	0	1	1
AT3TE06640	0	0	0	1	1
AT3TE06740	0	0	0	1	1
AT3TE06750	0	13.6208674589775	-2.35098261812063	0.999999999999999	1
AT3TE06930	0	246.14856737207	-4.1199882658373	0.127941244907121	1
AT3TE07040	0	0	0	1	1
AT3TE07045	0	0	0	1	1
AT3TE07050	0	0	0	1	1
AT3TE07160	0	0	0	1	1
AT3TE07270	12.1985361382178	13.5386489431285	-0.0568092741236381	1	1
AT3TE07330	922.478887071581	922.263156255885	-0.00173248079254964	1	1
AT3TE07350	0	0	0	1	1
AT3TE07355	0	0	0	1	1
AT3TE07610	797.245530888987	1002.22229458646	-0.338513294024776	0.679479761737877	1
AT3TE07760	3076.57551933671	3242.80460241305	-0.0844588889659574	0.843173228801755	1
AT3TE07850	0	0	0	1	1
AT3TE07855	866.72705537366	830.500758174417	0.0541645284744938	0.927068203994652	1
AT3TE07860	957.448215368344	1558.21105812027	-0.675492204102142	0.575911180791703	1
AT3TE07920	0	0	0	1	1
AT3TE08030	0	0	0	1	1
AT3TE08230	0	26.3870922538622	-2.35098261792926	0.999999999999997	1
AT3TE08235	11.2945395547814	11.2406393560956	-0.0555552229996778	1	1
AT3TE08240	0	235.62109419508	-3.20045134425694	0.502151240054577	1
AT3TE08245	0	0	0	1	1
AT3TE08250	0	0	0	1	1
AT3TE08255	151.566811517356	153.153711226802	-0.0557300343141668	1	1
AT3TE08265	0	0	0	1	1
AT3TE08270	43.7738083804639	227.686515226387	-2.2512848831393	0.0437561516393429	1
AT3TE08290	21.886904190232	0	2.29417294390612	1	1
AT3TE08295	0	0	0	1	1
AT3TE08300	0	0	0	1	1
AT3TE08305	0	168.217713118372	-2.3509826177379	0.999999999999994	1
AT3TE08310	645.506437704261	845.714274592563	-0.381336934940696	0.820529593363111	1
AT3TE08315	0	0	0	1	1
AT3TE08370	1278.18575722122	1293.56019056688	-0.0225682212250984	0.999999999999999	1
AT3TE08650	0	0	0	1	1
AT3TE08810	0	0	0	1	1
AT3TE08815	0	0	0	1	1
AT3TE08820	0	0	0	1	1
AT3TE08860	520.925566384698	438.233760470692	0.247006478840009	0.710210518546702	1
AT3TE08990	927.027790710793	383.454655007657	1.21959041843641	0.0883851548883387	1
AT3TE09010	0	0	0	1	1
AT3TE09015	0	0	0	1	1
AT3TE09220	1306.82684224989	1077.45832649605	0.278039329663065	0.0298530905868165	1
AT3TE09250	0	0	0	1	1
AT3TE09255	0	0	0	1	1
AT3TE09300	0	0	0	1	1
AT3TE09350	1462.76014617903	1605.25612972477	-0.139043635540107	0.697184321483963	1
AT3TE09470	0	0	0	1	1
AT3TE09475	0	0	0	1	1
AT3TE09500	0	0	0	1	1
AT3TE09505	0	0	0	1	1
AT3TE09680	0	0	0	1	1
AT3TE09720	0	0	0	1	1
AT3TE09725	0	0	0	1	1
AT3TE09730	0	0	0	1	1
AT3TE09735	0	0	0	1	1
AT3TE09750	2373.28026959527	2699.08283666846	-0.181322906967187	0.507060573068092	1
AT3TE10000	0	0	0	1	1
AT3TE10150	5001.36778324979	4006.70866716061	0.320412866112859	0.292281496657872	1
AT3TE10540	0	0	0	1	1
AT3TE10670	382.785845320959	488.891898042409	-0.350476614711493	0.829033177284578	1
AT3TE10950	0	0	0	1	1
AT3TE11070	0	0	0	1	1
AT3TE11075	0	0	0	1	1
AT3TE11080	0	0	0	1	1
AT3TE11085	0	0	0	1	1
AT3TE11090	0	0	0	1	1
AT3TE11095	0	0	0	1	1
AT3TE11160	0	0	0	1	1
AT3TE11165	0	0	0	1	1
AT3TE11170	0	0	0	1	1
AT3TE11175	1949.583091147	1513.40283666011	0.361258708122517	0.539948427658172	1
AT3TE11220	0	0	0	1	1
AT3TE11225	0	0	0	1	1
AT3TE11230	0	0	0	1	1
AT3TE11600	0	0	0	1	1
AT3TE11700	0	0	0	1	1
AT3TE11705	0	0	0	1	1
AT3TE11710	0	0	0	1	1
AT3TE11830	0	0	0	1	1
AT3TE11835	0	0	0	1	1
AT3TE11850	0	0	0	1	1
AT3TE11970	0	0	0	1	1
AT3TE11975	0	0	0	1	1
AT3TE12120	0	0	0	1	1
AT3TE12270	0	0	0	1	1
AT3TE12275	0	0	0	1	1
AT3TE12390	0	0	0	1	1
AT3TE12470	0	0	0	1	1
AT3TE12475	0	0	0	1	1
AT3TE12540	200.298303574593	411.592686425428	-0.98088960206112	0.690921824242756	1
AT3TE12545	0	0	0	1	1
AT3TE12550	0	0	0	1	1
AT3TE12930	0	0	0	1	1
AT3TE12935	0	0	0	1	1
AT3TE12940	0	0	0	1	1
AT3TE12970	0	0	0	1	1
AT3TE13000	897.229446395623	919.258408055909	-0.0378334539619829	1	1
AT3TE13060	33.3453188550337	25.2827169502322	0.398666718898583	0.461029229176213	1
AT3TE13070	9.80960009140381	0	3.13933729419382	0.502159384466121	1
AT3TE13075	0	0	0	1	1
AT3TE13080	1375.70775323891	321.371424345174	1.97421854858173	0.0699933700001436	1
AT3TE13085	142.651116722218	0	3.13896426516058	0.5021580924654	1
AT3TE13090	43.7211956300066	0	3.6681459272535	0.253793306021973	1
AT3TE13095	0	0	0	1	1
AT3TE13100	0	0	0	1	1
AT3TE13105	0	0	0	1	1
AT3TE13370	0	0	0	1	1
AT3TE13380	0	0	0	1	1
AT3TE13550	1204.40618478174	949.722370567	0.3240989220333	0.570405277384593	1
AT3TE13700	0	0	0	1	1
AT3TE13705	0	0	0	1	1
AT3TE13710	36.5221232571943	40.5343887032221	-0.0568092739927717	1	1
AT3TE13760	127.562741068308	234.426547090273	-0.854608818410124	0.107500425798244	1
AT3TE14150	0	0	0	1	1
AT3TE14300	0	0	0	1	1
AT3TE14440	0	0	0	1	1
AT3TE14460	0	0	0	1	1
AT3TE14510	0	0	0	1	1
AT3TE14560	0	0	0	1	1
AT3TE14610	0	0	0	1	1
AT3TE14615	0	0	0	1	1
AT3TE14620	0	0	0	1	1
AT3TE14700	0	36.7936843788113	-3.20045135522481	0.502151218127245	1
AT3TE14730	0	0	0	1	1
AT3TE14735	22.1820686751564	71.6571010319756	-1.54259840360675	0.303945696382433	1
AT3TE14800	0	0	0	1	1
AT3TE14860	0	0	0	1	1
AT3TE14865	0	0	0	1	1
AT3TE14870	0	0	0	1	1
AT3TE14875	0	0	0	1	1
AT3TE14880	0	0	0	1	1
AT3TE14900	0	0	0	1	1
AT3TE15080	0	0	0	1	1
AT3TE15085	0	0	0	1	1
AT3TE15140	0	0	0	1	1
AT3TE15145	52.9491044602118	26.7517399522798	0.789098792099159	1	1
AT3TE15190	0	0	0	1	1
AT3TE15195	0	0	0	1	1
AT3TE15370	0	0	0	1	1
AT3TE15400	0	0	0	1	1
AT3TE15490	0	0	0	1	1
AT3TE15495	0	0	0	1	1
AT3TE15500	0	0	0	1	1
AT3TE15510	0	0	0	1	1
AT3TE15620	612.457352513534	336.435426236744	0.87556112061329	0.516979445371311	1
AT3TE15625	0	0	0	1	1
AT3TE15630	0	0	0	1	1
AT3TE15635	0	0	0	1	1
AT3TE15640	0	0	0	1	1
AT3TE15750	0	0	0	1	1
AT3TE15755	0	0	0	1	1
AT3TE15760	0	0	0	1	1
AT3TE15765	0	0	0	1	1
AT3TE15770	0	0	0	1	1
AT3TE15775	0	0	0	1	1
AT3TE15780	0	0	0	1	1
AT3TE15800	0	0	0	1	1
AT3TE15805	0	0	0	1	1
AT3TE15810	0	0	0	1	1
AT3TE15820	0	47.4895228610239	-2.34990269027138	1	1
AT3TE15825	0	0	0	1	1
AT3TE15880	0	0	0	1	1
AT3TE16030	0	0	0	1	1
AT3TE16035	0	0	0	1	1
AT3TE16040	0	0	0	1	1
AT3TE16140	0	0	0	1	1
AT3TE16145	0	0	0	1	1
AT3TE16150	0	0	0	1	1
AT3TE16190	898.026142563244	696.550657720331	0.346418521470923	0.47997867719241	1
AT3TE16300	0	0	0	1	1
AT3TE16305	0	0	0	1	1
AT3TE16310	0	0	0	1	1
AT3TE16315	413.058341521117	532.886136014744	-0.344849428460809	0.8881441825208	1
AT3TE16390	0	0	0	1	1
AT3TE16630	0	0	0	1	1
AT3TE16690	0	0	0	1	1
AT3TE16695	0	0	0	1	1
AT3TE16700	0	0	0	1	1
AT3TE16790	0	0	0	1	1
AT3TE16795	0	0	0	1	1
AT3TE16920	6603.61280535095	8901.14393429561	-0.43316229247633	0.226703635642784	1
AT3TE17200	0	0	0	1	1
AT3TE17210	0	0	0	1	1
AT3TE17215	0	0	0	1	1
AT3TE17230	1729.96412031632	1722.41085237657	-0.00474914650409545	1	1
AT3TE17310	11.6589855013351	12.9398240860286	-0.0568092738619079	1	1
AT3TE17315	0	0	0	1	1
AT3TE17340	0	0	0	1	1
AT3TE17370	0	0	0	1	1
AT3TE17375	0	0	0	1	1
AT3TE17580	0	66.6054765482225	-3.20159066537275	0.501869666586842	1
AT3TE17750	6373.3919463525	5699.87954223281	0.161323689771896	0.692280199688107	1
AT3TE17755	69.8182658174294	73.4563255646111	-0.0624377673428948	1	1
AT3TE17760	0	0	0	1	1
AT3TE17765	0	0	0	1	1
AT3TE17770	0	0	0	1	1
AT3TE17775	0	0	0	1	1
AT3TE17970	0	0	0	1	1
AT3TE18020	0	0	0	1	1
AT3TE18025	0	0	0	1	1
AT3TE18030	0	0	0	1	1
AT3TE18035	0	0	0	1	1
AT3TE18040	0	0	0	1	1
AT3TE18045	0	0	0	1	1
AT3TE18050	0	0	0	1	1
AT3TE18060	0	0	0	1	1
AT3TE18065	0	0	0	1	1
AT3TE18090	0	0	0	1	1
AT3TE18190	2095.65010794635	1606.85712172587	0.378775622780364	0.657044785495479	1
AT3TE18195	0	0	0	1	1
AT3TE18200	0	0	0	1	1
AT3TE18290	0	0	0	1	1
AT3TE18295	0	0	0	1	1
AT3TE18300	0	0	0	1	1
AT3TE18450	3364.21976505036	3345.35723684294	0.00774338349091285	0.966239612164283	1
AT3TE18490	8527.4664295014	6832.57267200848	0.316479548250701	0.0662757287197327	1
AT3TE18510	16.2909286907335	8.1681979320961	0.789215322348061	1	1
AT3TE18580	0	0	0	1	1
AT3TE18820	0	0	0	1	1
AT3TE18825	0	0	0	1	1
AT3TE18830	0	0	0	1	1
AT3TE18940	0	0	0	1	1
AT3TE18945	637.896647690643	410.644754953527	0.634786122642151	0.0526931662999019	1
AT3TE18950	0	0	0	1	1
AT3TE18980	0	0	0	1	1
AT3TE18985	0	0	0	1	1
AT3TE19080	1003.01367519528	1066.84751316806	-0.0762584237495754	0.917462828760154	1
AT3TE19190	0	0	0	1	1
AT3TE19195	0	0	0	1	1
AT3TE19200	0	0	0	1	1
AT3TE19205	0	0	0	1	1
AT3TE19310	0	0	0	1	1
AT3TE19315	0	0	0	1	1
AT3TE19330	0	0	0	1	1
AT3TE19335	0	0	0	1	1
AT3TE19340	0	0	0	1	1
AT3TE19345	0	0	0	1	1
AT3TE19440	73.7188509862981	36.6835236471382	0.789470792095164	0.999999999999996	1
AT3TE19610	0	0	0	1	1
AT3TE19720	0	0	0	1	1
AT3TE19725	701.995835677037	840.993315960712	-0.249399673267151	0.761848496455218	1
AT3TE19920	350.818192742247	80.5908045207483	2.06384643238041	0.0180192430463887	1
AT3TE19925	0	0	0	1	1
AT3TE19930	0	0	0	1	1
AT3TE19950	0	0	0	1	1
AT3TE20050	0	0	0	1	1
AT3TE20230	0	0	0	1	1
AT3TE20235	0	0	0	1	1
AT3TE20240	0	0	0	1	1
AT3TE20245	0	0	0	1	1
AT3TE20250	0	0	0	1	1
AT3TE20430	0	0	0	1	1
AT3TE20520	0	0	0	1	1
AT3TE20530	0	0	0	1	1
AT3TE20540	97.4174139946756	80.4248061782628	0.285041307558088	0.691836730751814	1
AT3TE20550	0	0	0	1	1
AT3TE20770	0	0	0	1	1
AT3TE20775	0	0	0	1	1
AT3TE20780	0	0	0	1	1
AT3TE20785	0	0	0	1	1
AT3TE20790	0	0	0	1	1
AT3TE20795	233.179710026702	494.417575915652	-0.907412101230087	1	1
AT3TE20840	0	0	0	1	1
AT3TE20930	847.534778258026	814.813054636389	0.0585623656205988	0.637682494113758	1
AT3TE20960	0	0	0	1	1
AT3TE20965	0	0	0	1	1
AT3TE20970	0	0	0	1	1
AT3TE21040	0	0	0	1	1
AT3TE21350	0	0	0	1	1
AT3TE21410	3402.53648470939	2799.24277433771	0.284085770329126	0.118294594448855	1
AT3TE21460	1258.21985687433	774.23686526742	0.691193260209859	0.0105465690498151	1
AT3TE21700	0	0	0	1	1
AT3TE21730	0	0	0	1	1
AT3TE21735	0	0	0	1	1
AT3TE21970	0	0	0	1	1
AT3TE22000	0	0	0	1	1
AT3TE22005	0	0	0	1	1
AT3TE22010	0	0	0	1	1
AT3TE22015	0	0	0	1	1
AT3TE22020	0	0	0	1	1
AT3TE22070	4.63518377812944	10.1335971758055	-0.908407496071795	1	1
AT3TE22150	147.964536489572	71.22481307727	1.00531948112432	0.146244947158475	1
AT3TE22200	0	0.698534600806394	-2.34990269015168	1	1
AT3TE22470	0	0	0	1	1
AT3TE22475	0	0	0	1	1
AT3TE22580	0	0	0	1	1
AT3TE22585	0	0	0	1	1
AT3TE22590	0	0	0	1	1
AT3TE22595	0	0	0	1	1
AT3TE22600	0	0	0	1	1
AT3TE22650	0	0	0	1	1
AT3TE22710	0	0	0	1	1
AT3TE22715	0	0	0	1	1
AT3TE22720	0	0	0	1	1
AT3TE22725	0	0	0	1	1
AT3TE22730	0	0	0	1	1
AT3TE22790	0	0	0	1	1
AT3TE22970	0	0	0	1	1
AT3TE23060	0	7.31917377427966	-2.34990269003198	1	1
AT3TE23090	0	0	0	1	1
AT3TE23095	0	0	0	1	1
AT3TE23100	0	25.6324202890045	-2.34990268991229	0.999999999999994	1
AT3TE23150	0	0	0	1	1
AT3TE23210	2928.75309575361	3091.36172555541	-0.0854967902672535	0.843273142400259	1
AT3TE23330	0	0	0	1	1
AT3TE23400	0	0	0	1	1
AT3TE23405	63.1528381322318	63.8140463445008	-0.0557300341568991	1	1
AT3TE23460	0	0	0	1	1
AT3TE23480	0	0	0	1	1
AT3TE23485	0	0	0	1	1
AT3TE23490	0	0	0	1	1
AT3TE23550	11.7248077282969	12.8165876661617	-0.0566342459705596	1	1
AT3TE23590	0	0	0	1	1
AT3TE23595	305.876479852837	220.592086383116	0.453069440498998	0.520796485883793	1
AT3TE23605	0	0	0	1	1
AT3TE23610	0	0	0	1	1
AT3TE23615	0	0	0	1	1
AT3TE23620	0	0	0	1	1
AT3TE23625	0	0	0	1	1
AT3TE23630	0	0	0	1	1
AT3TE23635	0	0	0	1	1
AT3TE23670	0	0	0	1	1
AT3TE23710	0	0	0	1	1
AT3TE23715	0	0	0	1	1
AT3TE23740	4.61742000052875	5.12468280634796	-0.056809273731039	1	1
AT3TE23745	0	0	0	1	1
AT3TE23750	0	0	0	1	1
AT3TE23870	0	0	0	1	1
AT3TE24140	3968.96829567234	3895.60569466095	0.0198990790083986	1	1
AT3TE24145	0	0	0	1	1
AT3TE24150	0	0	0	1	1
AT3TE24155	0	0	0	1	1
AT3TE24260	0	8.25608407942929	-2.35098261754654	1	1
AT3TE24350	0	0	0	1	1
AT3TE24355	0	0	0	1	1
AT3TE24360	0	0	0	1	1
AT3TE24450	11.7493652339036	0	2.2941729438943	0.999999999999998	1
AT3TE24455	9.03527937510321	0	2.29417294388248	1	1
AT3TE24460	0	0	0	1	1
AT3TE24470	0	0	0	1	1
AT3TE24540	0	0	0	1	1
AT3TE24545	95.2006247430364	0	3.66854978435153	0.252821672481249	1
AT3TE24550	0	0	0	1	1
AT3TE24555	0	0	0	1	1
AT3TE24560	0	0	0	1	1
AT3TE24565	0	0	0	1	1
AT3TE24600	0	0	0	1	1
AT3TE24605	0	0	0	1	1
AT3TE24610	0	0	0	1	1
AT3TE24615	0	0	0	1	1
AT3TE24620	10250.2251434569	9199.25727399136	0.156711468220991	0.244646008777568	1
AT3TE24640	0	0	0	1	1
AT3TE24670	0	0	0	1	1
AT3TE24675	0	0	0	1	1
AT3TE24680	0	0	0	1	1
AT3TE24685	0	0	0	1	1
AT3TE24695	31.9300402602683	27.3800978389976	0.237358138849336	1	1
AT3TE24750	0	0	0	1	1
AT3TE24755	0	0	0	1	1
AT3TE24790	192.360126792372	0	2.29434778076703	1	1
AT3TE24795	0	0	0	1	1
AT3TE24800	0	0	0	1	1
AT3TE24810	0	0	0	1	1
AT3TE24820	0	4.04369502688394	-2.35098261735517	1	1
AT3TE24850	0	0	0	1	1
AT3TE24900	0	0	0	1	1
AT3TE24905	0	0	0	1	1
AT3TE24910	0	0	0	1	1
AT3TE25130	1092.56846762344	480.622037481062	1.15678677416768	0.459343040784039	1
AT3TE25135	40.1789428874069	38.5757245480296	0.0783017359187853	1	1
AT3TE25250	0	0	0	1	1
AT3TE25340	1017.23942938363	721.77950134409	0.478680729921858	0.276127938664717	1
AT3TE25420	43.9324091354656	137.543517557094	-1.4386578808806	0.627776258337343	1
AT3TE25425	2.24960017094406	0	2.29417294387066	1	1
AT3TE25430	0	0	0	1	1
AT3TE25435	335.59306987043	293.489885246734	0.188617950343695	0.837799780050263	1
AT3TE25510	0	0	0	1	1
AT3TE25630	0	0	0	1	1
AT3TE25635	0	0	0	1	1
AT3TE25640	0	0	0	1	1
AT3TE25645	0	0	0	1	1
AT3TE25710	0	0	0	1	1
AT3TE25930	3486.02193455168	3531.7385672469	-0.0233577298908331	0.962516078247128	1
AT3TE25935	0	0	0	1	1
AT3TE25940	0	0	0	1	1
AT3TE25945	0	0	0	1	1
AT3TE25950	2813.4789455363	1895.04355199179	0.566846075098327	0.10807600532339	1
AT3TE26260	0	0	0	1	1
AT3TE26350	0	66.5885700986095	-2.34990268979259	0.999999999999996	1
AT3TE26360	0	0	0	1	1
AT3TE26365	0	0	0	1	1
AT3TE26370	0	0	0	1	1
AT3TE26470	0	0	0	1	1
AT3TE26475	0	0	0	1	1
AT3TE26560	1901.41818971077	2245.71828663415	-0.246355477250071	0.475954934159934	1
AT3TE26600	0	0	0	1	1
AT3TE26660	0	0	0	1	1
AT3TE26690	0	0	0	1	1
AT3TE26695	0	0	0	1	1
AT3TE26700	0	0	0	1	1
AT3TE26705	0	0	0	1	1
AT3TE26710	0	0	0	1	1
AT3TE26780	14.4006471750457	0	2.29417294385885	0.999999999999996	1
AT3TE26785	0	0	0	1	1
AT3TE26790	0	0	0	1	1
AT3TE26850	0	0	0	1	1
AT3TE26855	0	0	0	1	1
AT3TE26860	0	0	0	1	1
AT3TE26865	0	0	0	1	1
AT3TE26870	0	0	0	1	1
AT3TE26880	0	0	0	1	1
AT3TE26950	10045.3596079422	9029.73818174594	0.151079091359181	0.345952047208868	1
AT3TE26955	0	0	0	1	1
AT3TE27050	0	31.12556167992	-3.20159066581803	0.501869684605191	1
AT3TE27060	0	0	0	1	1
AT3TE27065	0	0	0	1	1
AT3TE27070	4984.2441757414	7415.33250425849	-0.572349459163096	0.00308456525986415	1
AT3TE27170	1865.78808622318	1547.65243184797	0.274229048071766	0.25506199260634	1
AT3TE27175	294.15304897554	306.114061506596	-0.0664564469656051	1	1
AT3TE27185	16.9585243655783	46.2111644028134	-1.28943163530389	0.461600638391539	1
AT3TE27240	3195.67986458724	3298.45087480388	-0.0454051614785045	0.896729758570893	1
AT3TE27250	0	0	0	1	1
AT3TE27255	0	0	0	1	1
AT3TE27265	1192.09514906746	1616.2721229081	-0.424398617286984	0.322981083931755	1
AT3TE27270	0	0	0	1	1
AT3TE27450	0	0	0	1	1
AT3TE27490	0	0	0	1	1
AT3TE27500	0	0	0	1	1
AT3TE27560	167.118217299871	106.598301436939	0.58618102627546	0.590515015480904	1
AT3TE27630	0	0	0	1	1
AT3TE27635	0	0	0	1	1
AT3TE27770	3047.66876328957	2872.777472365	0.0813800494320563	0.775919382023972	1
AT3TE27810	0	0	0	1	1
AT3TE27815	0	0	0	1	1
AT3TE27820	0	0	0	1	1
AT3TE27825	0	0	0	1	1
AT3TE27830	0	0	0	1	1
AT3TE28080	38.5432066815462	63.6786295716234	-0.596092698581736	1	1
AT3TE28085	0	0	0	1	1
AT3TE28160	0	0	0	1	1
AT3TE28165	0	0	0	1	1
AT3TE28170	0	16.8639311396864	-3.73545647804843	0.253986505295251	1
AT3TE28210	0	5.0923927257457	-2.34990268967289	1	1
AT3TE28215	0	0	0	1	1
AT3TE28220	0	0	0	1	1
AT3TE28225	0	0	0	1	1
AT3TE28250	0	0	0	1	1
AT3TE28255	0	0	0	1	1
AT3TE28260	0	0	0	1	1
AT3TE28265	0	0	0	1	1
AT3TE28350	0	0	0	1	1
AT3TE28430	0	0	0	1	1
AT3TE28435	0	0	0	1	1
AT3TE28440	0	0	0	1	1
AT3TE28460	0	0	0	1	1
AT3TE28465	0	0	0	1	1
AT3TE28470	0	0	0	1	1
AT3TE28600	0	0	0	1	1
AT3TE28720	0	0	0	1	1
AT3TE28870	4209.1614010371	5477.56851836724	-0.376950392596888	0.263307369048836	1
AT3TE29000	2218.67659126179	3764.54853078745	-0.72834859262992	0.273250954171989	1
AT3TE29005	12.4235091407669	12.5535828874428	-0.0557300339996365	1	1
AT3TE29140	0	0	0	1	1
AT3TE29145	2.70896892792415	0	2.29417294384703	1	1
AT3TE29150	64.1200422641239	0	2.29434778077351	1	1
AT3TE29170	0	0	0	1	1
AT3TE29300	0	0	0	1	1
AT3TE29320	42.8457417716908	23.7763552110773	0.850353599048146	0.695074288774479	1
AT3TE29340	0	0	0	1	1
AT3TE29345	0	0	0	1	1
AT3TE29350	0	0	0	1	1
AT3TE29355	0	0	0	1	1
AT3TE29360	3.59551638864246	0	2.29434778077999	1	1
AT3TE29365	0	0	0	1	1
AT3TE29370	0	0	0	1	1
AT3TE29460	0	0	0	1	1
AT3TE29570	0	0	0	1	1
AT3TE29575	0	0	0	1	1
AT3TE29600	232.578741460836	77.5461828996465	1.31861623061862	0.627807336498148	1
AT3TE29800	0	0	0	1	1
AT3TE29960	0	0	0	1	1
AT3TE29970	0	0	0	1	1
AT3TE29990	643.275614566346	457.623085903727	0.483104180078384	0.450068470044002	1
AT3TE29995	0	0	0	1	1
AT3TE30000	0	0	0	1	1
AT3TE30005	0	0	0	1	1
AT3TE30150	2250.37388991874	2351.50800683729	-0.068591737296767	0.846718248816209	1
AT3TE30160	0	0	0	1	1
AT3TE30200	0	0	0	1	1
AT3TE30205	0	0	0	1	1
AT3TE30210	0	0	0	1	1
AT3TE30215	0	0	0	1	1
AT3TE30225	0	0	0	1	1
AT3TE30230	0	0	0	1	1
AT3TE30310	0	0	0	1	1
AT3TE30315	0	0	0	1	1
AT3TE30320	0	0	0	1	1
AT3TE30325	0	0	0	1	1
AT3TE30470	0	0	0	1	1
AT3TE30510	0	0	0	1	1
AT3TE30560	0	0	0	1	1
AT3TE30630	0	0	0	1	1
AT3TE30635	0	0	0	1	1
AT3TE30640	0	0	0	1	1
AT3TE30645	0	0	0	1	1
AT3TE30750	0	0	0	1	1
AT3TE30755	0	0	0	1	1
AT3TE30760	0	0	0	1	1
AT3TE30765	0	0	0	1	1
AT3TE30840	0	0	0	1	1
AT3TE30845	0	0	0	1	1
AT3TE30855	0	0	0	1	1
AT3TE30860	0	0	0	1	1
AT3TE30865	0	0	0	1	1
AT3TE30900	52.4386116654513	223.270334639015	-1.94077623489641	0.1155652317968	1
AT3TE30905	0	0	0	1	1
AT3TE30910	0	0	0	1	1
AT3TE30915	182.377686868682	90.9824027089912	0.88129000157822	0.524518894039283	1
AT3TE30920	0	0	0	1	1
AT3TE30925	0	0	0	1	1
AT3TE30935	37.1939011203962	95.5371151900727	-1.3529704702651	0.0756915497595551	1
AT3TE30940	0	0	0	1	1
AT3TE30945	0	0	0	1	1
AT3TE30955	217.945214361452	634.083547766367	-1.52971704727285	0.00112859586088221	1
AT3TE30960	99.5139382730445	149.271615930778	-0.589034333934705	0.1660202233663	1
AT3TE30965	87.342151439596	116.701362259957	-0.418156270362058	0.549849278555213	1
AT3TE30970	4.98423000595619	0	2.29434778078647	1	1
AT3TE30975	22.9098760291846	15.2771781772371	0.492743124058605	0.76072724202549	1
AT3TE30980	0	0	0	1	1
AT3TE31030	131.335760222204	16.5571579704651	2.66122056835768	0.0634083697183179	1
AT3TE31070	0	0	0	1	1
AT3TE31075	0	0	0	1	1
AT3TE31160	0	0	0	1	1
AT3TE31490	0	0	0	1	1
AT3TE31510	0	0	0	1	1
AT3TE31630	0	0	0	1	1
AT3TE31635	0	0	0	1	1
AT3TE31640	0	0	0	1	1
AT3TE31680	0	0	0	1	1
AT3TE31720	0	0	0	1	1
AT3TE31770	0	0	0	1	1
AT3TE31910	0	0	0	1	1
AT3TE32090	0	36.2493991069354	-2.3499026895532	1	1
AT3TE32095	16.156231121669	0	2.29434778079295	1	1
AT3TE32105	0	0	0	1	1
AT3TE32115	83.1169831159874	0	3.13915052756155	0.501872438480452	1
AT3TE32160	0	0	0	1	1
AT3TE32165	0	0	0	1	1
AT3TE32170	0	0	0	1	1
AT3TE32175	0	0	0	1	1
AT3TE32180	0	0	0	1	1
AT3TE32185	0	0	0	1	1
AT3TE32190	0	0	0	1	1
AT3TE32195	0	0	0	1	1
AT3TE32205	0	13.6136632201602	-2.3499026894335	1	1
AT3TE32230	0	0	0	1	1
AT3TE32235	0	0	0	1	1
AT3TE32310	0	0	0	1	1
AT3TE32320	0	0	0	1	1
AT3TE32325	0	0	0	1	1
AT3TE32330	0	0	0	1	1
AT3TE32390	0	0	0	1	1
AT3TE32410	0	0	0	1	1
AT3TE32415	0	0	0	1	1
AT3TE32420	0	0	0	1	1
AT3TE32425	0	0	0	1	1
AT3TE32430	0	0	0	1	1
AT3TE32470	0	0	0	1	1
AT3TE32475	0	0	0	1	1
AT3TE32480	0	0	0	1	1
AT3TE32485	0	0	0	1	1
AT3TE32560	0	0	0	1	1
AT3TE32590	0	0	0	1	1
AT3TE32600	0	0	0	1	1
AT3TE32605	0	0	0	1	1
AT3TE32610	0	0	0	1	1
AT3TE32640	0	0	0	1	1
AT3TE32650	0	0	0	1	1
AT3TE32655	0	0	0	1	1
AT3TE32690	0	0	0	1	1
AT3TE32695	0	0	0	1	1
AT3TE32700	0	0	0	1	1
AT3TE32730	15215.0539055557	29478.2161281064	-0.954296777175485	0.00132352195943816	1
AT3TE32740	0	0	0	1	1
AT3TE32745	0	26.1801215772311	-2.3499026893138	0.999999999999992	1
AT3TE32750	0	0	0	1	1
AT3TE32755	0	0	0	1	1
AT3TE32760	0	0	0	1	1
AT3TE32765	0	0	0	1	1
AT3TE32775	48.8533655345706	0	2.29434778079943	0.999999999999993	1
AT3TE32780	119.309873866273	43.6929124982784	1.31760185977264	0.627818501906402	1
AT3TE32785	105.559578072991	0	4.61108295903836	0.0340825485444391	1
AT3TE32795	0	0	0	1	1
AT3TE32805	0	0	0	1	1
AT3TE32810	0	0	0	1	1
AT3TE32815	0	0	0	1	1
AT3TE32830	532.709479621825	658.754186028377	-0.30918505331606	0.35251321740564	1
AT3TE32910	2085.22887861114	2307.98591359675	-0.146391916774476	0.519203886178643	1
AT3TE32915	106.362674749022	0	2.29417294383521	0.999999999999998	1
AT3TE32920	0	0	0	1	1
AT3TE32925	0	0	0	1	1
AT3TE32935	0	0	0	1	1
AT3TE32940	0	0	0	1	1
AT3TE32945	0	0	0	1	1
AT3TE32955	0	0	0	1	1
AT3TE32960	0	0	0	1	1
AT3TE32965	0	0	0	1	1
AT3TE32970	0	0	0	1	1
AT3TE32975	0	0	0	1	1
AT3TE33010	0	0	0	1	1
AT3TE33110	408.328318930842	937.465094697874	-1.18089895305677	0.00613079011991337	1
AT3TE33115	0	0	0	1	1
AT3TE33120	0	0	0	1	1
AT3TE33125	6.56133383192019	0	2.29417294382339	1	1
AT3TE33130	0	0	0	1	1
AT3TE33160	9.88045595081202	0	2.29434778080591	0.999999999999999	1
AT3TE33170	0	0	0	1	1
AT3TE33175	0	0	0	1	1
AT3TE33200	26.4463128096323	0	4.05485849859754	0.127670116728695	1
AT3TE33205	0	3.89704099813745	-2.3499026891941	0.999999999999996	1
AT3TE33210	0	0	0	1	1
AT3TE33215	0	0	0	1	1
AT3TE33220	0	0	0	1	1
AT3TE33225	0	0	0	1	1
AT3TE33235	760.735669982458	191.442139033502	1.70478330107376	0.379947027272393	1
AT3TE33240	0	0	0	1	1
AT3TE33245	0	0	0	1	1
AT3TE33260	0	0	0	1	1
AT3TE33265	0	0	0	1	1
AT3TE33270	0	0	0	1	1
AT3TE33275	0	0	0	1	1
AT3TE33440	0	93.4542850657621	-2.35098261716381	1	1
AT3TE33445	0	0	0	1	1
AT3TE33450	0	0	0	1	1
AT3TE33455	0	0	0	1	1
AT3TE33460	0	0	0	1	1
AT3TE33465	0	0	0	1	1
AT3TE33470	0	0	0	1	1
AT3TE33475	0	0	0	1	1
AT3TE33480	0	0	0	1	1
AT3TE33485	0	0	0	1	1
AT3TE33530	0	0	0	1	1
AT3TE33535	0	0	0	1	1
AT3TE33540	0	0	0	1	1
AT3TE33545	0	0	0	1	1
AT3TE33550	0	0	0	1	1
AT3TE33555	0	0	0	1	1
AT3TE33670	0	0	0	1	1
AT3TE33675	0	0	0	1	1
AT3TE33680	0	0	0	1	1
AT3TE33685	0	0	0	1	1
AT3TE33830	3709.12070340401	4126.44957085399	-0.156780754266145	0.563157785242754	1
AT3TE33880	0	0	0	1	1
AT3TE33885	0	0	0	1	1
AT3TE33890	0	0	0	1	1
AT3TE33960	0	0	0	1	1
AT3TE33980	0	0	0	1	1
AT3TE34080	4697.31596423433	3722.95890616931	0.326893233936499	0.421554840197557	1
AT3TE34085	0	0	0	1	1
AT3TE34090	0	0	0	1	1
AT3TE34095	0	0	0	1	1
AT3TE34105	0	0	0	1	1
AT3TE34110	0	0	0	1	1
AT3TE34115	0	0	0	1	1
AT3TE34140	0	0	0	1	1
AT3TE34145	0	0	0	1	1
AT3TE34150	0	0	0	1	1
AT3TE34180	0	0	0	1	1
AT3TE34185	0	0	0	1	1
AT3TE34190	0	0	0	1	1
AT3TE34220	0	0	0	1	1
AT3TE34225	558.977914831928	599.393410008486	-0.100791075632425	0.224839303266649	1
AT3TE34230	0	0	0	1	1
AT3TE34280	0	0	0	1	1
AT3TE34285	0	0	0	1	1
AT3TE34290	10412.544715304	11977.6526073807	-0.200177607881997	0.488491844588641	1
AT3TE34320	96.8522859801028	77.0173992317386	0.335814713303823	0.674901245720274	1
AT3TE34340	0	0	0	1	1
AT3TE34345	0	0	0	1	1
AT3TE34360	0	0	0	1	1
AT3TE34370	0	0	0	1	1
AT3TE34375	0	0	0	1	1
AT3TE34380	0	0	0	1	1
AT3TE34420	0	0	0	1	1
AT3TE34425	0	0	0	1	1
AT3TE34430	0	0	0	1	1
AT3TE34435	0	0	0	1	1
AT3TE34440	0	0	0	1	1
AT3TE34445	0	0	0	1	1
AT3TE34460	0	0	0	1	1
AT3TE34465	0	0	0	1	1
AT3TE34470	0	0	0	1	1
AT3TE34475	0	0	0	1	1
AT3TE34480	0	0	0	1	1
AT3TE34485	0	0	0	1	1
AT3TE34520	0	0	0	1	1
AT3TE34525	0	0	0	1	1
AT3TE34530	0	0	0	1	1
AT3TE34535	0	0	0	1	1
AT3TE34545	0	0	0	1	1
AT3TE34580	0	0	0	1	1
AT3TE34585	0	0	0	1	1
AT3TE34590	0	0	0	1	1
AT3TE34650	0	0	0	1	1
AT3TE34655	0	0	0	1	1
AT3TE34660	0	0	0	1	1
AT3TE34665	0	0	0	1	1
AT3TE34670	0	0	0	1	1
AT3TE34675	0	0	0	1	1
AT3TE34680	0	0	0	1	1
AT3TE34685	154.660715418356	0	3.13915052757274	0.501872455708634	1
AT3TE34710	0	0	0	1	1
AT3TE34715	0	0	0	1	1
AT3TE34720	0	25.5844430598284	-2.35098261697245	0.999999999999998	1
AT3TE34810	0	0	0	1	1
AT3TE34830	0	0	0	1	1
AT3TE34840	0	0	0	1	1
AT3TE34845	0	0	0	1	1
AT3TE34890	0	0	0	1	1
AT3TE34895	0	0	0	1	1
AT3TE34905	0	0	0	1	1
AT3TE34915	1712.40454446025	1901.44729150936	-0.137415518620499	0.775211489228673	1
AT3TE34920	0	16.4337709288996	-4.67716093317089	0.0329789577453416	1
AT3TE34925	0	0	0	1	1
AT3TE34930	0	0	0	1	1
AT3TE34935	0	0	0	1	1
AT3TE34940	0	0	0	1	1
AT3TE34950	0	0	0	1	1
AT3TE34955	0	0	0	1	1
AT3TE34970	1310.50240272292	2728.09833134689	-1.05282035316121	0.0532613852934521	1
AT3TE34975	6.11773204913648	3.0908922548295	0.789098788399953	1	1
AT3TE35040	0	0	0	1	1
AT3TE35045	0	0	0	1	1
AT3TE35050	0	0	0	1	1
AT3TE35055	0	0	0	1	1
AT3TE35060	0	0	0	1	1
AT3TE35065	0	0	0	1	1
AT3TE35070	0	0	0	1	1
AT3TE35075	0	0	0	1	1
AT3TE35080	0	0	0	1	1
AT3TE35085	0	0	0	1	1
AT3TE35090	0	0	0	1	1
AT3TE35095	0	0	0	1	1
AT3TE35100	0	0	0	1	1
AT3TE35130	0	0	0	1	1
AT3TE35190	0	0	0	1	1
AT3TE35195	0	0	0	1	1
AT3TE35200	0	0	0	1	1
AT3TE35240	70.7531500845505	0	2.29434778081239	1	1
AT3TE35245	0	0	0	1	1
AT3TE35250	0	0	0	1	1
AT3TE35255	213.794268126706	96.9128231253759	1.11307283387535	0.0587356177104269	1
AT3TE35260	139.905410571487	144.293987769834	-0.0652999499787107	1	1
AT3TE35265	0	0	0	1	1
AT3TE35290	0	0	0	1	1
AT3TE35320	0	0	0	1	1
AT3TE35325	0	0	0	1	1
AT3TE35360	0	0	0	1	1
AT3TE35365	0	0	0	1	1
AT3TE35370	38.9590130212398	38.7730914498233	-0.0555552228154602	1	1
AT3TE35400	125.639005926014	279.132432689397	-1.13934595909695	0.148979406141815	1
AT3TE35500	0	0	0	1	1
AT3TE35600	0	0	0	1	1
AT3TE35605	0	0	0	1	1
AT3TE35610	0	0	0	1	1
AT3TE35615	0	0	0	1	1
AT3TE35620	0	0	0	1	1
AT3TE35625	0	0	0	1	1
AT3TE35630	0	0	0	1	1
AT3TE35690	0	0	0	1	1
AT3TE35695	0	0	0	1	1
AT3TE35700	0	0	0	1	1
AT3TE35705	0	0	0	1	1
AT3TE35710	0	0	0	1	1
AT3TE35790	2438.52541066593	2317.95646519087	0.0681298026513467	0.792105214537943	1
AT3TE35795	104.429030068805	172.530987813715	-0.596092638068825	0.999999999999999	1
AT3TE35820	0	0	0	1	1
AT3TE35825	0	0	0	1	1
AT3TE35830	0	0	0	1	1
AT3TE35835	0	0	0	1	1
AT3TE36020	0	0	0	1	1
AT3TE36030	0	0	0	1	1
AT3TE36035	0	0	0	1	1
AT3TE36040	0	0	0	1	1
AT3TE36045	0	0	0	1	1
AT3TE36050	0	0	0	1	1
AT3TE36060	0	0	0	1	1
AT3TE36065	0	0	0	1	1
AT3TE36100	0	0	0	1	1
AT3TE36105	0	0	0	1	1
AT3TE36110	0	0	0	1	1
AT3TE36115	0	0	0	1	1
AT3TE36150	0	0	0	1	1
AT3TE36155	1245.9884055569	976.040697531974	0.320650170223457	0.763234120122936	1
AT3TE36230	0	0	0	1	1
AT3TE36235	0	0	0	1	1
AT3TE36240	0	0	0	1	1
AT3TE36280	0	0	0	1	1
AT3TE36300	0	0	0	1	1
AT3TE36400	0	0	0	1	1
AT3TE36405	0	0	0	1	1
AT3TE36450	7036.82313754752	6012.91540992268	0.225234401092229	0.337924273759336	1
AT3TE36455	5676.8709915203	5303.64613174622	0.0947118433673723	0.546075976078111	1
AT3TE36460	0	0	0	1	1
AT3TE36480	0	0	0	1	1
AT3TE36500	0	0	0	1	1
AT3TE36505	0	2.61913144466527	-2.34990268907441	0.999999999999999	1
AT3TE36540	0	0	0	1	1
AT3TE36545	0	0	0	1	1
AT3TE36550	0	0	0	1	1
AT3TE36640	0	0	0	1	1
AT3TE36645	0	0	0	1	1
AT3TE36650	0	0	0	1	1
AT3TE36690	0	0	0	1	1
AT3TE36695	0	0	0	1	1
AT3TE36700	0	0	0	1	1
AT3TE36710	0	0	0	1	1
AT3TE36715	0	0	0	1	1
AT3TE36720	0	0	0	1	1
AT3TE36725	0	0	0	1	1
AT3TE36735	0	0	0	1	1
AT3TE36750	0	0	0	1	1
AT3TE36760	0	0	0	1	1
AT3TE36765	0	0	0	1	1
AT3TE36770	0	0	0	1	1
AT3TE36775	0	0	0	1	1
AT3TE36780	0	0	0	1	1
AT3TE36785	0	0	0	1	1
AT3TE36810	3696.53957657696	3048.72409854882	0.283472426365468	0.316690128153665	1
AT3TE36820	0	0	0	1	1
AT3TE36825	0	0	0	1	1
AT3TE36830	0	0	0	1	1
AT3TE36835	91.6012426382075	55.4268438671977	0.714311729603601	0.170550827556171	1
AT3TE36860	0	0	0	1	1
AT3TE36865	0	0	0	1	1
AT3TE36940	0	0	0	1	1
AT3TE36950	0	0	0	1	1
AT3TE37020	0	0	0	1	1
AT3TE37025	0	0	0	1	1
AT3TE37030	0	0	0	1	1
AT3TE37035	0	0	0	1	1
AT3TE37040	0	0	0	1	1
AT3TE37060	0	0	0	1	1
AT3TE37065	0	0	0	1	1
AT3TE37075	126.152235436933	106.019438959233	0.244869068005463	0.819232047515802	1
AT3TE37080	339.394347723615	313.241357419961	0.14438586238706	0.856599914559134	1
AT3TE37085	0	0	0	1	1
AT3TE37110	0	0	0	1	1
AT3TE37115	0	0	0	1	1
AT3TE37120	0	0	0	1	1
AT3TE37150	0	0	0	1	1
AT3TE37155	0	0	0	1	1
AT3TE37160	0	0	0	1	1
AT3TE37200	0	8.36904045365034	-2.35098261678108	1	1
AT3TE37210	0	0	0	1	1
AT3TE37260	0	0	0	1	1
AT3TE37320	0	0	0	1	1
AT3TE37325	0	0	0	1	1
AT3TE37330	0	0	0	1	1
AT3TE37335	0	0	0	1	1
AT3TE37340	0	0	0	1	1
AT3TE37345	0	0	0	1	1
AT3TE37350	0	0	0	1	1
AT3TE37360	0	0	0	1	1
AT3TE37365	0	0	0	1	1
AT3TE37370	0	0	0	1	1
AT3TE37380	0	0	0	1	1
AT3TE37410	0	0	0	1	1
AT3TE37420	0	0	0	1	1
AT3TE37425	0	0	0	1	1
AT3TE37430	0	0	0	1	1
AT3TE37470	4846.82927949101	4290.9073056062	0.176684462434071	0.373102345696069	1
AT3TE37550	0	0	0	1	1
AT3TE37570	0	0	0	1	1
AT3TE37610	0	0	0	1	1
AT3TE37615	0	0	0	1	1
AT3TE37620	0	0	0	1	1
AT3TE37690	0	0	0	1	1
AT3TE37695	0	0	0	1	1
AT3TE37700	0	0	0	1	1
AT3TE37705	0	0	0	1	1
AT3TE37760	0	0	0	1	1
AT3TE37770	0	0	0	1	1
AT3TE37775	15.2176120082964	7.57249499267253	0.78947078437832	1	1
AT3TE37780	2484.88119320561	2261.58080321872	0.141394342261621	0.604721073649516	1
AT3TE37820	177.075311855799	0	4.05485849863561	0.127670162034663	1
AT3TE37825	0	0	0	1	1
AT3TE37840	0	0	0	1	1
AT3TE37850	267.022781486023	283.892148170212	-0.0735247504746386	0.907613996817487	1
AT3TE37855	0	0	0	1	1
AT3TE37860	8.8120239254277	0	2.29417294381157	1	1
AT3TE37970	0	0	0	1	1
AT3TE37975	0	0	0	1	1
AT3TE38020	0	0	0	1	1
AT3TE38025	0	0	0	1	1
AT3TE38040	0	0	0	1	1
AT3TE38110	0	0	0	1	1
AT3TE38115	0	0	0	1	1
AT3TE38120	0	0	0	1	1
AT3TE38180	0	0	0	1	1
AT3TE38300	0	0	0	1	1
AT3TE38305	0	0	0	1	1
AT3TE38325	0	0	0	1	1
AT3TE38340	0	0	0	1	1
AT3TE38345	0	0	0	1	1
AT3TE38370	0	0	0	1	1
AT3TE38375	0	0	0	1	1
AT3TE38380	0	0	0	1	1
AT3TE38385	0	0	0	1	1
AT3TE38390	0	0	0	1	1
AT3TE38420	0	0	0	1	1
AT3TE38460	0	0	0	1	1
AT3TE38465	0	0	0	1	1
AT3TE38510	0	0	0	1	1
AT3TE38515	0	0	0	1	1
AT3TE38520	0	0	0	1	1
AT3TE38560	0	0	0	1	1
AT3TE38565	0	0	0	1	1
AT3TE38570	0	0	0	1	1
AT3TE38575	0	0	0	1	1
AT3TE38590	0	0	0	1	1
AT3TE38595	0	0	0	1	1
AT3TE38650	0	0	0	1	1
AT3TE38655	0	0	0	1	1
AT3TE38660	8.07014301060115	4.44432531356332	0.788203801718732	0.999999999999997	1
AT3TE38665	15.7430282796826	0	2.29434778081887	1	1
AT3TE38670	0	0	0	1	1
AT3TE38800	0	0	0	1	1
AT3TE38830	0	0	0	1	1
AT3TE38835	0	0	0	1	1
AT3TE38920	0	0	0	1	1
AT3TE38925	0	0	0	1	1
AT3TE38930	0	0	0	1	1
AT3TE38935	0	0	0	1	1
AT3TE38940	0	0	0	1	1
AT3TE38945	0	0	0	1	1
AT3TE38950	0	0	0	1	1
AT3TE38955	0	0	0	1	1
AT3TE38960	0	0	0	1	1
AT3TE38970	0	0	0	1	1
AT3TE38975	0	0	0	1	1
AT3TE38980	0	0	0	1	1
AT3TE38985	0	0	0	1	1
AT3TE38995	0	0	0	1	1
AT3TE39040	0	0	0	1	1
AT3TE39045	0	0	0	1	1
AT3TE39050	0	0	0	1	1
AT3TE39055	0	0	0	1	1
AT3TE39060	0	0	0	1	1
AT3TE39110	0	0	0	1	1
AT3TE39115	0	0	0	1	1
AT3TE39120	0	0	0	1	1
AT3TE39125	0	0	0	1	1
AT3TE39135	0	0	0	1	1
AT3TE39145	252.57480439196	221.871335688502	0.204647758384826	0.732762352958977	1
AT3TE39160	0	0	0	1	1
AT3TE39165	0	0	0	1	1
AT3TE39190	0	0	0	1	1
AT3TE39195	0	0	0	1	1
AT3TE39200	0	0	0	1	1
AT3TE39205	0	0	0	1	1
AT3TE39210	0	0	0	1	1
AT3TE39215	0	0	0	1	1
AT3TE39220	0	0	0	1	1
AT3TE39225	0	0	0	1	1
AT3TE39230	0	0	0	1	1
AT3TE39235	0	0	0	1	1
AT3TE39240	0	0	0	1	1
AT3TE39245	0	0	0	1	1
AT3TE39250	0	0	0	1	1
AT3TE39260	701.127942455047	1034.29883697297	-0.544383333573047	0.553743537280034	1
AT3TE39265	0	0	0	1	1
AT3TE39270	0	0	0	1	1
AT3TE39280	0	0	0	1	1
AT3TE39380	0	0	0	1	1
AT3TE39390	0	0	0	1	1
AT3TE39395	3.51097601093395	0	3.13915052758393	0.501872472937189	1
AT3TE39400	0	0	0	1	1
AT3TE39430	0	0	0	1	1
AT3TE39470	3109.8045304244	2557.81596617657	0.277456390840879	0.279073671792585	1
AT3TE39520	0	0	0	1	1
AT3TE39525	0	0	0	1	1
AT3TE39530	120.696550144233	0	2.29434778082535	0.999999999999996	1
AT3TE39535	0	0	0	1	1
AT3TE39540	0	0	0	1	1
AT3TE39545	8.38627255770557	0	2.29434778083183	1	1
AT3TE39555	0	0	0	1	1
AT3TE39565	0	0	0	1	1
AT3TE39575	0	0	0	1	1
AT3TE39580	0	0	0	1	1
AT3TE39590	0	0	0	1	1
AT3TE39595	0	0	0	1	1
AT3TE39680	34.6438426325386	38.449762998485	-0.0568092736001752	1	1
AT3TE39685	0	0	0	1	1
AT3TE39690	0	0	0	1	1
AT3TE39720	1513.47948142482	1684.49343246523	-0.150100682611682	0.751012258177968	1
AT3TE39730	261.15527112492	87.5164064153154	1.31845339607488	0.62779962630263	1
AT3TE39735	0	0	0	1	1
AT3TE39740	0	0	0	1	1
AT3TE39800	0	0	0	1	1
AT3TE39810	2909.09440905956	2505.93085935969	0.24261292435855	0.821040750419345	1
AT3TE39815	0	0	0	1	1
AT3TE39820	0	0	0	1	1
AT3TE39825	0	20.8319149372597	-2.35098261658972	1	1
AT3TE39850	0	0	0	1	1
AT3TE39890	0	3.63785537355824	-2.34990268895471	1	1
AT3TE39895	0	0	0	1	1
AT3TE39905	0	0	0	1	1
AT3TE39910	0	0	0	1	1
AT3TE39915	0	0	0	1	1
AT3TE39950	0	0	0	1	1
AT3TE39955	0	0	0	1	1
AT3TE39960	0	0	0	1	1
AT3TE39965	0	0	0	1	1
AT3TE39970	0	0	0	1	1
AT3TE39975	0	0	0	1	1
AT3TE39980	0	0	0	1	1
AT3TE39985	0	0	0	1	1
AT3TE39990	0	82.0574210333521	-2.35098261639836	0.999999999999999	1
AT3TE39995	0	0	0	1	1
AT3TE40000	6.3133580075445	0	2.29434778083831	1	1
AT3TE40005	0	0	0	1	1
AT3TE40010	0	0	0	1	1
AT3TE40120	0	0	0	1	1
AT3TE40125	0	0	0	1	1
AT3TE40130	0	0	0	1	1
AT3TE40135	0	0	0	1	1
AT3TE40145	0	0	0	1	1
AT3TE40150	0	0	0	1	1
AT3TE40160	0	0	0	1	1
AT3TE40165	0	0	0	1	1
AT3TE40210	0	0	0	1	1
AT3TE40215	0	0	0	1	1
AT3TE40220	0	0	0	1	1
AT3TE40225	0	0	0	1	1
AT3TE40290	0	0	0	1	1
AT3TE40295	0	0	0	1	1
AT3TE40300	76.9440507169486	168.217713118372	-0.90840748115539	1	1
AT3TE40370	987.96108832418	1296.47910509279	-0.387980022613073	0.0718476826649931	1
AT3TE40420	0	0	0	1	1
AT3TE40425	0	0	0	1	1
AT3TE40430	0	0	0	1	1
AT3TE40435	0	0	0	1	1
AT3TE40445	0	0	0	1	1
AT3TE40455	0	0	0	1	1
AT3TE40480	0	0	0	1	1
AT3TE40485	0	0	0	1	1
AT3TE40490	0	0	0	1	1
AT3TE40495	0	0	0	1	1
AT3TE40500	0	0	0	1	1
AT3TE40530	0	0	0	1	1
AT3TE40535	0	0	0	1	1
AT3TE40545	0	0	0	1	1
AT3TE40550	0	0	0	1	1
AT3TE40555	0	0	0	1	1
AT3TE40600	2072.54139024369	2477.80081481801	-0.258665682598061	0.258651986509516	1
AT3TE40630	42.3963109139458	21.42009947228	0.789098784700843	1	1
AT3TE40650	0	0	0	1	1
AT3TE40655	0	0	0	1	1
AT3TE40660	0	0	0	1	1
AT3TE40665	0	0	0	1	1
AT3TE40670	0	0	0	1	1
AT3TE40680	0	0	0	1	1
AT3TE40685	0	0	0	1	1
AT3TE40690	0	0	0	1	1
AT3TE40695	0	0	0	1	1
AT3TE40720	0	0	0	1	1
AT3TE40725	0	0	0	1	1
AT3TE40730	0	0	0	1	1
AT3TE40735	0	0	0	1	1
AT3TE40740	0	0	0	1	1
AT3TE40800	4045.68292742789	3053.29004772657	0.392386358525712	0.283719039806395	1
AT3TE40810	0	0	0	1	1
AT3TE40815	0	0	0	1	1
AT3TE40820	0	0	0	1	1
AT3TE40825	0	15.4328177172818	-2.350982616207	0.999999999999997	1
AT3TE40840	0	0	0	1	1
AT3TE40845	0	0	0	1	1
AT3TE40850	0	0	0	1	1
AT3TE40900	23.3465318620153	38.9208923066841	-0.751374703999144	0.737457895344901	1
AT3TE40905	0	0	0	1	1
AT3TE40910	0	0	0	1	1
AT3TE40915	0	0	0	1	1
AT3TE40920	0	0	0	1	1
AT3TE40925	0	0	0	1	1
AT3TE40935	2399.93349985735	2101.50547218229	0.188851911222073	0.540052450628099	1
AT3TE40950	0	0	0	1	1
AT3TE40955	0	0	0	1	1
AT3TE40960	0	0	0	1	1
AT3TE40965	0	0	0	1	1
AT3TE40970	0	0	0	1	1
AT3TE40975	0	0	0	1	1
AT3TE40980	0	0	0	1	1
AT3TE41030	0	0	0	1	1
AT3TE41040	0	0	0	1	1
AT3TE41045	0	0	0	1	1
AT3TE41050	0	0	0	1	1
AT3TE41055	0	0	0	1	1
AT3TE41060	0	0	0	1	1
AT3TE41065	0	0	0	1	1
AT3TE41075	6.79671800526262	0	2.29417294379975	1	1
AT3TE41100	0	39.3491726592683	-2.35098261601563	0.999999999999993	1
AT3TE41150	0	0	0	1	1
AT3TE41155	0	0	0	1	1
AT3TE41160	774.989280330601	1179.5789989945	-0.569075844677711	0.639611517792072	1
AT3TE41165	0	0	0	1	1
AT3TE41170	0	0	0	1	1
AT3TE41200	0	0	0	1	1
AT3TE41205	0	0	0	1	1
AT3TE41210	0	0	0	1	1
AT3TE41220	0	0	0	1	1
AT3TE41225	0	0	0	1	1
AT3TE41230	0	0	0	1	1
AT3TE41280	0	0	0	1	1
AT3TE41285	0	0	0	1	1
AT3TE41320	0	0	0	1	1
AT3TE41380	0	0	0	1	1
AT3TE41440	0	0	0	1	1
AT3TE41470	0	0	0	1	1
AT3TE41475	0	0	0	1	1
AT3TE41480	0	0	0	1	1
AT3TE41485	0	0	0	1	1
AT3TE41495	0	0	0	1	1
AT3TE41500	0	0	0	1	1
AT3TE41510	0	0	0	1	1
AT3TE41515	0	0	0	1	1
AT3TE41550	0	0	0	1	1
AT3TE41555	0	0	0	1	1
AT3TE41560	0	0	0	1	1
AT3TE41565	0	0	0	1	1
AT3TE41570	0	0	0	1	1
AT3TE41600	0	0	0	1	1
AT3TE41605	0	0	0	1	1
AT3TE41610	0	0	0	1	1
AT3TE41640	0	0	0	1	1
AT3TE41645	0	0	0	1	1
AT3TE41650	0	0	0	1	1
AT3TE41655	0	0	0	1	1
AT3TE41665	0	0	0	1	1
AT3TE41670	0	0	0	1	1
AT3TE41675	0	0	0	1	1
AT3TE41680	0	0	0	1	1
AT3TE41685	0	0	0	1	1
AT3TE41690	0	0	0	1	1
AT3TE41695	0	0	0	1	1
AT3TE41750	0	0	0	1	1
AT3TE41755	10.4528835529211	11.6012215943705	-0.0568092734693113	1	1
AT3TE41760	0	0	0	1	1
AT3TE41765	0	0	0	1	1
AT3TE41770	0	0	0	1	1
AT3TE41790	0	0	0	1	1
AT3TE41795	0	0	0	1	1
AT3TE41800	0	0	0	1	1
AT3TE41805	2120.86671632778	1384.16793029069	0.584811212610802	0.588907928510138	1
AT3TE41815	231.184523580753	257.179577310279	-0.135413680318131	0.812386560810594	1
AT3TE41830	0	0	0	1	1
AT3TE41835	0	0	0	1	1
AT3TE41840	0	0	0	1	1
AT3TE41910	0	0	0	1	1
AT3TE41915	0	0	0	1	1
AT3TE41940	160.578888452762	175.531526732214	-0.067412983161297	1	1
AT3TE41950	0	0	0	1	1
AT3TE41955	151.988248329775	151.262924668446	-0.0610240111111446	1	1
AT3TE41960	0	0	0	1	1
AT3TE41965	0	0	0	1	1
AT3TE41970	0	0	0	1	1
AT3TE42010	0	0	0	1	1
AT3TE42060	0	0	0	1	1
AT3TE42065	0	0	0	1	1
AT3TE42070	0	0	0	1	1
AT3TE42075	0	0	0	1	1
AT3TE42080	0	0	0	1	1
AT3TE42085	0	0	0	1	1
AT3TE42090	0	0	0	1	1
AT3TE42095	0	0	0	1	1
AT3TE42150	0	225.523806558017	-3.20159066626333	0.501869702623955	1
AT3TE42155	0	0	0	1	1
AT3TE42180	0	0	0	1	1
AT3TE42190	0	0	0	1	1
AT3TE42200	0	0	0	1	1
AT3TE42205	0	0	0	1	1
AT3TE42215	0	0	0	1	1
AT3TE42220	0	0	0	1	1
AT3TE42225	0	0	0	1	1
AT3TE42260	0	0	0	1	1
AT3TE42270	0	0	0	1	1
AT3TE42275	0	0	0	1	1
AT3TE42280	0	25.7401195339163	-2.34990268883501	0.999999999999996	1
AT3TE42290	0	0	0	1	1
AT3TE42295	0	0	0	1	1
AT3TE42300	0	0	0	1	1
AT3TE42305	29.8653815797746	0	2.29417294378793	1	1
AT3TE42330	0	0	0	1	1
AT3TE42335	0	0	0	1	1
AT3TE42340	0	0	0	1	1
AT3TE42350	0	0	0	1	1
AT3TE42355	0	0	0	1	1
AT3TE42360	0	0	0	1	1
AT3TE42400	0	0	0	1	1
AT3TE42405	0	0	0	1	1
AT3TE42410	0	0	0	1	1
AT3TE42415	0	0	0	1	1
AT3TE42420	0	0	0	1	1
AT3TE42460	0	0	0	1	1
AT3TE42470	30.8283902271913	31.8473245350319	-0.0643131253909403	1	1
AT3TE42490	17.5371055765125	17.4534143848207	-0.0555552226312453	1	1
AT3TE42495	0	0	0	1	1
AT3TE42505	9.22867175015875	0	2.29434778084479	0.999999999999993	1
AT3TE42510	0	0	0	1	1
AT3TE42515	0	0	0	1	1
AT3TE42525	0	0	0	1	1
AT3TE42540	0	0	0	1	1
AT3TE42550	0	0	0	1	1
AT3TE42600	0	0	0	1	1
AT3TE42630	0	0	0	1	1
AT3TE42635	0	0	0	1	1
AT3TE42640	0	0	0	1	1
AT3TE42645	0	0	0	1	1
AT3TE42650	0	0	0	1	1
AT3TE42655	1.66969773084391	0	2.29417294377612	0.999999999999995	1
AT3TE42660	0	0	0	1	1
AT3TE42665	0	0	0	1	1
AT3TE42670	0	0	0	1	1
AT3TE42675	0	0	0	1	1
AT3TE42680	0	0	0	1	1
AT3TE42730	244.363930361003	122.522968981442	0.789215326871814	0.999999999999998	1
AT3TE42735	0	0	0	1	1
AT3TE42740	0	0	0	1	1
AT3TE42745	0	0	0	1	1
AT3TE42770	0	0	0	1	1
AT3TE42775	0	0	0	1	1
AT3TE42780	0	0	0	1	1
AT3TE42785	0	0	0	1	1
AT3TE42790	0	0	0	1	1
AT3TE42795	0	0	0	1	1
AT3TE42800	0	0	0	1	1
AT3TE42805	0	0	0	1	1
AT3TE42810	0	0	0	1	1
AT3TE42815	0	0	0	1	1
AT3TE42840	0	0	0	1	1
AT3TE42850	0	0	0	1	1
AT3TE42855	0	0	0	1	1
AT3TE42870	0	0	0	1	1
AT3TE42875	0	0	0	1	1
AT3TE42880	0	0	0	1	1
AT3TE42885	0	0	0	1	1
AT3TE42940	0	0	0	1	1
AT3TE42945	0	0	0	1	1
AT3TE42950	0	0	0	1	1
AT3TE42955	1070.70137317653	921.491281765956	0.218153829031637	0.562482136128786	1
AT3TE42960	20.7089224218602	21.6166100130273	-0.0684960899604865	1	1
AT3TE42965	18.5971547874057	0	2.2941729437643	1	1
AT3TE42975	0	0	0	1	1
AT3TE42980	0	0	0	1	1
AT3TE42985	6.07053654571587	6.04156651782256	-0.0555552224470303	1	1
AT3TE42990	767.119217252945	489.589137463546	0.625685164486076	0.731164111276472	1
AT3TE42995	30.6244977977905	33.4761618146014	-0.0566342458445726	1	1
AT3TE43000	0	14.2255994180441	-2.35098261582427	0.999999999999994	1
AT3TE43005	19.1856723439692	0	2.29417294375248	1	1
AT3TE43010	0	0	0	1	1
AT3TE43015	165.040958911449	109.960754143555	0.583562169859194	0.59172267160874	1
AT3TE43020	8.99930417742089	9.83729316481707	-0.0566342457185908	1	1
AT3TE43070	0	0	0	1	1
AT3TE43080	0	0	0	1	1
AT3TE43085	0	0	0	1	1
AT3TE43090	0	0	0	1	1
AT3TE43095	0	0	0	1	1
AT3TE43100	0	0	0	1	1
AT3TE43130	0	0	0	1	1
AT3TE43135	0	0	0	1	1
AT3TE43160	0	0	0	1	1
AT3TE43170	0	0	0	1	1
AT3TE43175	0	0	0	1	1
AT3TE43180	0	0	0	1	1
AT3TE43185	0	0	0	1	1
AT3TE43190	0	0	0	1	1
AT3TE43195	0	0	0	1	1
AT3TE43200	0	0	0	1	1
AT3TE43205	0	0	0	1	1
AT3TE43210	0	0	0	1	1
AT3TE43215	0	0	0	1	1
AT3TE43220	0	0	0	1	1
AT3TE43225	0	0	0	1	1
AT3TE43230	0	0	0	1	1
AT3TE43235	0	0	0	1	1
AT3TE43245	0	0	0	1	1
AT3TE43250	0	0	0	1	1
AT3TE43255	0	0	0	1	1
AT3TE43260	0	0	0	1	1
AT3TE43270	0	0	0	1	1
AT3TE43275	0	0	0	1	1
AT3TE43280	0	0	0	1	1
AT3TE43285	0	0	0	1	1
AT3TE43290	0	0	0	1	1
AT3TE43295	0	0	0	1	1
AT3TE43320	0	0	0	1	1
AT3TE43325	0	0	0	1	1
AT3TE43330	0	0	0	1	1
AT3TE43335	0	0	0	1	1
AT3TE43340	0	0	0	1	1
AT3TE43350	6.01713006584154	0	2.29434778085127	0.999999999999998	1
AT3TE43355	0	0	0	1	1
AT3TE43360	0	0	0	1	1
AT3TE43365	0	0	0	1	1
AT3TE43370	0	0	0	1	1
AT3TE43375	10.6362674749022	44.0476383718441	-1.82581361459972	0.379862007262533	1
AT3TE43380	3049.65752240871	4224.92579200947	-0.468483613724061	0.131294294801001	1
AT3TE43390	0	0	0	1	1
AT3TE43395	0	0	0	1	1
AT3TE43400	0	0	0	1	1
AT3TE43405	0	0	0	1	1
AT3TE43410	0	0	0	1	1
AT3TE43415	0	0	0	1	1
AT3TE43425	0	0	0	1	1
AT3TE43430	0	0	0	1	1
AT3TE43435	25.2611352528927	132.649426652858	-2.13163292263401	0.223670795179928	1
AT3TE43440	12.4106374601116	26.1809714334154	-1.00969440774344	0.514086601118407	1
AT3TE43445	71.7476030851391	0	3.1389642670733	0.502158069816961	1
AT3TE43450	0	0	0	1	1
AT3TE43455	0	224.290284157829	-2.35098261563291	0.999999999999995	1
AT3TE43460	0	2.97964418729187	-2.34990268871531	0.999999999999998	1
AT3TE43465	0	0	0	1	1
AT3TE43470	0	0	0	1	1
AT3TE43475	0	0	0	1	1
AT3TE43480	291.079498775299	448.433777615375	-0.608448287778961	0.394787897153412	1
AT3TE43485	0	0	0	1	1
AT3TE43490	0	0	0	1	1
AT3TE43520	125.622939946039	125.023437736165	-0.0555552222628128	1	1
AT3TE43525	11.3109560833848	0	2.29417294374066	1	1
AT3TE43530	40.0081761843854	41.8892926272184	-0.0667057528299476	1	1
AT3TE43535	0	0	0	1	1
AT3TE43540	0	0	0	1	1
AT3TE43545	351.097601093395	362.46646389488	-0.0669932617890949	1	1
AT3TE43550	107.772906214132	117.453334544467	-0.130012872556672	0.687856745212454	1
AT3TE43590	0	0	0	1	1
AT3TE43595	0	0	0	1	1
AT3TE43600	0	0	0	1	1
AT3TE43605	131.711258605061	92.1495123570391	0.489732325339375	0.758009282421923	1
AT3TE43610	0	0	0	1	1
AT3TE43615	0	0	0	1	1
AT3TE43620	0	0	0	1	1
AT3TE43630	0	0	0	1	1
AT3TE43635	175.504077666173	300.565771926798	-0.752454430335822	0.397462344694244	1
AT3TE43645	9.27036755625887	0	2.29434778085776	0.999999999999997	1
AT3TE43655	235.876136588743	202.555194124581	0.224841299726528	0.720856150863169	1
AT3TE43660	0	0	0	1	1
AT3TE43665	0	0	0	1	1
AT3TE43670	0	0	0	1	1
AT3TE43690	0	24.9211426842032	-2.35098261544155	1	1
AT3TE43700	13.4400088588557	0	2.29434778086424	1	1
AT3TE43705	0	0	0	1	1
AT3TE43710	0	0	0	1	1
AT3TE43740	0	0	0	1	1
AT3TE43745	0	0	0	1	1
AT3TE43755	0	0	0	1	1
AT3TE43760	0	0	0	1	1
AT3TE43765	0	0	0	1	1
AT3TE43770	0	0	0	1	1
AT3TE43780	0	0	0	1	1
AT3TE43785	0	0	0	1	1
AT3TE43790	0	0	0	1	1
AT3TE43795	0	0	0	1	1
AT3TE43800	0	0	0	1	1
AT3TE43805	0	0	0	1	1
AT3TE43810	0	0	0	1	1
AT3TE43815	0	0	0	1	1
AT3TE43820	0	0	0	1	1
AT3TE43825	0	0	0	1	1
AT3TE43830	14.483586017308	0	2.29434778087071	1	1
AT3TE43850	0	0	0	1	1
AT3TE43855	0	0	0	1	1
AT3TE43860	0	0	0	1	1
AT3TE43865	0	0	0	1	1
AT3TE43870	0	0	0	1	1
AT3TE43875	0	4.19234175995942	-2.35098261525019	0.999999999999994	1
AT3TE43880	0	0	0	1	1
AT3TE43885	0	0	0	1	1
AT3TE43890	0	0	0	1	1
AT3TE43895	0	0	0	1	1
AT3TE43900	0	0	0	1	1
AT3TE43905	0	0	0	1	1
AT3TE43910	0	0	0	1	1
AT3TE43915	0	0	0	1	1
AT3TE43920	0	0	0	1	1
AT3TE43925	0	0	0	1	1
AT3TE43930	0	0	0	1	1
AT3TE43935	0	0	0	1	1
AT3TE43940	0	0	0	1	1
AT3TE43945	0	0	0	1	1
AT3TE43960	0	0	0	1	1
AT3TE43965	0	0	0	1	1
AT3TE43970	0	0	0	1	1
AT3TE43975	0	0	0	1	1
AT3TE43980	0	0	0	1	1
AT3TE43985	0	0	0	1	1
AT3TE43990	0	0	0	1	1
AT3TE43995	12.2231299610771	0	3.13896426898598	0.502158047169119	1
AT3TE44000	0	0	0	1	1
AT3TE44005	0	0	0	1	1
AT3TE44010	0	0	0	1	1
AT3TE44015	0	0	0	1	1
AT3TE44020	107.30393735742	0	3.13896427089861	0.50215802452187	1
AT3TE44025	0	0	0	1	1
AT3TE44030	0	0	0	1	1
AT3TE44080	0	0	0	1	1
AT3TE44085	0	0	0	1	1
AT3TE44090	0	0	0	1	1
AT3TE44095	0	0	0	1	1
AT3TE44100	0	0	0	1	1
AT3TE44130	24.9860869489778	0	3.13915052759511	0.501872490166115	1
AT3TE44140	0	0	0	1	1
AT3TE44210	0	0	0	1	1
AT3TE44215	0	0	0	1	1
AT3TE44220	0	0	0	1	1
AT3TE44225	0	0	0	1	1
AT3TE44230	0	0	0	1	1
AT3TE44235	0	0	0	1	1
AT3TE44240	0	0	0	1	1
AT3TE44245	0	0	0	1	1
AT3TE44250	0	0	0	1	1
AT3TE44270	0	0	0	1	1
AT3TE44275	0	0	0	1	1
AT3TE44310	0	26.6354280394438	-2.34990268859561	0.999999999999998	1
AT3TE44315	0	0	0	1	1
AT3TE44320	0	0	0	1	1
AT3TE44325	0	0	0	1	1
AT3TE44370	0	0	0	1	1
AT3TE44375	0	0	0	1	1
AT3TE44380	0	0	0	1	1
AT3TE44385	0	0	0	1	1
AT3TE44395	58.6240386414847	122.427209274352	-0.981699754542224	0.69098262819313	1
AT3TE44400	36.3034279083488	36.6835236471382	-0.0557300338423687	1	1
AT3TE44405	0	0	0	1	1
AT3TE44410	0	0	0	1	1
AT3TE44415	0	0	0	1	1
AT3TE44425	0	0	0	1	1
AT3TE44430	0	0	0	1	1
AT3TE44435	0	0	0	1	1
AT3TE44440	0	0	0	1	1
AT3TE44445	0	0	0	1	1
AT3TE44470	0	0	0	1	1
AT3TE44480	0	0	0	1	1
AT3TE44485	0	0	0	1	1
AT3TE44490	0	0	0	1	1
AT3TE44495	0	0	0	1	1
AT3TE44500	0	0	0	1	1
AT3TE44530	342.813542434141	275.679769178522	0.311146912588699	0.612388795080342	1
AT3TE44535	0	0	0	1	1
AT3TE44540	0	0	0	1	1
AT3TE44545	0	0	0	1	1
AT3TE44555	0	0	0	1	1
AT3TE44560	0	0	0	1	1
AT3TE44600	0	0	0	1	1
AT3TE44605	0	0	0	1	1
AT3TE44610	0	0	0	1	1
AT3TE44620	347.546443472075	369.870998412276	-0.071761166176185	0.885305381251924	1
AT3TE44630	0	0	0	1	1
AT3TE44635	0	0	0	1	1
AT3TE44640	0	0	0	1	1
AT3TE44645	0	0	0	1	1
AT3TE44650	0	0	0	1	1
AT3TE44655	0	115.587706586266	-2.34990268847592	0.999999999999999	1
AT3TE44680	0	0	0	1	1
AT3TE44685	0	0	0	1	1
AT3TE44690	0	0	0	1	1
AT3TE44695	0	0	0	1	1
AT3TE44700	0	0	0	1	1
AT3TE44705	0	0	0	1	1
AT3TE44710	7.32206818924427	0	2.29417294372884	1	1
AT3TE44720	185.592889529818	253.387263306471	-0.441525063364337	0.278669193022695	1
AT3TE44725	0	0	0	1	1
AT3TE44730	0	0	0	1	1
AT3TE44740	0	0	0	1	1
AT3TE44745	0	0	0	1	1
AT3TE44750	0	0	0	1	1
AT3TE44755	0	0	0	1	1
AT3TE44760	0	0	0	1	1
AT3TE44765	0	0	0	1	1
AT3TE44770	0	0	0	1	1
AT3TE44775	0	0	0	1	1
AT3TE44780	0	0	0	1	1
AT3TE44785	0	0	0	1	1
AT3TE44790	0	0	0	1	1
AT3TE44795	0	0	0	1	1
AT3TE44805	0	0	0	1	1
AT3TE44810	0	0	0	1	1
AT3TE44815	0	0	0	1	1
AT3TE44820	0	0	0	1	1
AT3TE44830	0	0	0	1	1
AT3TE44835	0	0	0	1	1
AT3TE44890	0	0	0	1	1
AT3TE44895	0	0	0	1	1
AT3TE44900	10.1044541011571	0	2.29417294371702	0.999999999999998	1
AT3TE44910	0	0	0	1	1
AT3TE44915	0	0	0	1	1
AT3TE44920	0	0	0	1	1
AT3TE44925	0	0	0	1	1
AT3TE44935	93.2697396874714	0	3.66838837788797	0.252813153979011	1
AT3TE44940	0	0	0	1	1
AT3TE44945	0	0	0	1	1
AT3TE44950	0	0	0	1	1
AT3TE44955	0	0	0	1	1
AT3TE44965	0	0	0	1	1
AT3TE44970	0	0	0	1	1
AT3TE44975	0	0	0	1	1
AT3TE44980	0	0	0	1	1
AT3TE44985	0	0	0	1	1
AT3TE44990	0	0	0	1	1
AT3TE44995	0	0	0	1	1
AT3TE45000	0	0	0	1	1
AT3TE45030	0	0	0	1	1
AT3TE45035	0	0	0	1	1
AT3TE45040	0	0	0	1	1
AT3TE45045	0	0	0	1	1
AT3TE45050	0	0	0	1	1
AT3TE45055	0	0	0	1	1
AT3TE45060	0	0	0	1	1
AT3TE45065	0	0	0	1	1
AT3TE45070	0	0	0	1	1
AT3TE45075	0	0	0	1	1
AT3TE45080	0	0	0	1	1
AT3TE45085	0	0	0	1	1
AT3TE45095	0	0	0	1	1
AT3TE45100	0	0	0	1	1
AT3TE45105	0	20.0200929708238	-2.34990268835622	0.999999999999996	1
AT3TE45110	0	0	0	1	1
AT3TE45115	0	0	0	1	1
AT3TE45120	0	0	0	1	1
AT3TE45125	0	0	0	1	1
AT3TE45140	0	0	0	1	1
AT3TE45145	0	0	0	1	1
AT3TE45150	0	0	0	1	1
AT3TE45155	0	0	0	1	1
AT3TE45160	0	0	0	1	1
AT3TE45165	0	0	0	1	1
AT3TE45170	0	0	0	1	1
AT3TE45175	0	0	0	1	1
AT3TE45180	0	0	0	1	1
AT3TE45185	0	0	0	1	1
AT3TE45195	0	0	0	1	1
AT3TE45200	0	0	0	1	1
AT3TE45230	0	0	0	1	1
AT3TE45235	0	0	0	1	1
AT3TE45240	0	0	0	1	1
AT3TE45250	0	0	0	1	1
AT3TE45255	0	0	0	1	1
AT3TE45260	0	0	0	1	1
AT3TE45270	0	0	0	1	1
AT3TE45280	0	0	0	1	1
AT3TE45285	0	0	0	1	1
AT3TE45290	0	0	0	1	1
AT3TE45300	0	0	0	1	1
AT3TE45310	0	0	0	1	1
AT3TE45315	0	0	0	1	1
AT3TE45320	0	0	0	1	1
AT3TE45325	0	0	0	1	1
AT3TE45330	0	46.7644919776494	-2.34990268823652	1	1
AT3TE45340	0	0	0	1	1
AT3TE45345	0	0	0	1	1
AT3TE45350	0	0	0	1	1
AT3TE45355	0	0	0	1	1
AT3TE45370	0	0	0	1	1
AT3TE45375	0	0	0	1	1
AT3TE45380	0	0	0	1	1
AT3TE45385	0	0	0	1	1
AT3TE45390	0	0	0	1	1
AT3TE45400	0	0	0	1	1
AT3TE45405	0	0	0	1	1
AT3TE45410	0	0	0	1	1
AT3TE45415	0	0	0	1	1
AT3TE45420	0	0	0	1	1
AT3TE45425	0	0	0	1	1
AT3TE45430	0	0	0	1	1
AT3TE45435	0	0	0	1	1
AT3TE45440	0	0	0	1	1
AT3TE45445	0	0	0	1	1
AT3TE45450	0	0	0	1	1
AT3TE45455	0	0	0	1	1
AT3TE45460	0	0	0	1	1
AT3TE45465	0	0	0	1	1
AT3TE45470	0	0	0	1	1
AT3TE45475	0	0	0	1	1
AT3TE45480	0	0	0	1	1
AT3TE45485	0	0	0	1	1
AT3TE45490	0	0	0	1	1
AT3TE45495	0	0	0	1	1
AT3TE45500	8.62118215315951	25.7401195339163	-1.43701977724753	0.628704749691626	1
AT3TE45505	0	0	0	1	1
AT3TE45510	0	0	0	1	1
AT3TE45515	0	0	0	1	1
AT3TE45520	0	0	0	1	1
AT3TE45525	0	0	0	1	1
AT3TE45530	0	0	0	1	1
AT3TE45535	0	0	0	1	1
AT3TE45540	0	0	0	1	1
AT3TE45550	0	0	0	1	1
AT3TE45555	0	0	0	1	1
AT3TE45560	0	0	0	1	1
AT3TE45565	0	0	0	1	1
AT3TE45570	0	0	0	1	1
AT3TE45575	0	0	0	1	1
AT3TE45580	0	0	0	1	1
AT3TE45590	0	0	0	1	1
AT3TE45595	18.6531032041088	0	2.2943477808772	1	1
AT3TE45610	0	0	0	1	1
AT3TE45615	89.6984969026914	39.6389309262732	1.19687077529	0.208930932944383	1
AT3TE45620	75.8979573754766	86.9987830829466	-0.199320662540574	0.463876685094969	1
AT3TE45625	0	0	0	1	1
AT3TE45630	0	0	0	1	1
AT3TE45635	0	0	0	1	1
AT3TE45640	39.1140158754468	0	2.2941729437052	0.999999999999997	1
AT3TE45645	0	148.025129483522	-4.42459360061279	0.0652599692265099	1
AT3TE45650	0	0	0	1	1
AT3TE45655	0	0	0	1	1
AT3TE45680	0	0	0	1	1
AT3TE45685	0	0	0	1	1
AT3TE45690	0	0	0	1	1
AT3TE45710	0	0	0	1	1
AT3TE45715	0	0	0	1	1
AT3TE45720	0	0	0	1	1
AT3TE45725	0	0	0	1	1
AT3TE45730	0	0	0	1	1
AT3TE45735	0	0	0	1	1
AT3TE45740	0	0	0	1	1
AT3TE45745	0	0	0	1	1
AT3TE45780	0	0	0	1	1
AT3TE45785	0	0	0	1	1
AT3TE45790	0	0	0	1	1
AT3TE45795	0	0	0	1	1
AT3TE45800	0	0	0	1	1
AT3TE45805	0	0	0	1	1
AT3TE45810	0	0	0	1	1
AT3TE45815	0	0	0	1	1
AT3TE45820	0	0	0	1	1
AT3TE45825	0	0	0	1	1
AT3TE45830	0	0	0	1	1
AT3TE45835	0	0	0	1	1
AT3TE45840	0	0	0	1	1
AT3TE45845	0	0	0	1	1
AT3TE45860	0	0	0	1	1
AT3TE45865	0	0	0	1	1
AT3TE45900	0	0	0	1	1
AT3TE45905	0	0	0	1	1
AT3TE45910	0	0	0	1	1
AT3TE45915	0	0	0	1	1
AT3TE45920	0	0	0	1	1
AT3TE45925	0	0	0	1	1
AT3TE45930	0	0	0	1	1
AT3TE45940	0	0	0	1	1
AT3TE45945	0	0	0	1	1
AT3TE45950	2563.28256771482	2754.61220867292	-0.10106894502303	0.602002563290906	1
AT3TE45955	0	0	0	1	1
AT3TE45960	0	0	0	1	1
AT3TE45965	0	0	0	1	1
AT3TE45970	0	0	0	1	1
AT3TE45975	0	0	0	1	1
AT3TE45980	0	0	0	1	1
AT3TE45985	0	0	0	1	1
AT3TE45990	0	0	0	1	1
AT3TE45995	0	0	0	1	1
AT3TE46000	0	12.1237991436664	-3.20276767515487	0.502192911363631	1
AT3TE46010	0	0	0	1	1
AT3TE46015	0	0	0	1	1
AT3TE46020	0	0	0	1	1
AT3TE46030	0	0	0	1	1
AT3TE46035	0	0	0	1	1
AT3TE46040	0	0	0	1	1
AT3TE46045	0	0	0	1	1
AT3TE46050	0	0	0	1	1
AT3TE46055	0	0	0	1	1
AT3TE46060	0	0	0	1	1
AT3TE46080	0	0	0	1	1
AT3TE46085	0	0	0	1	1
AT3TE46090	0	0	0	1	1
AT3TE46095	0	0	0	1	1
AT3TE46100	0	0	0	1	1
AT3TE46105	0	0	0	1	1
AT3TE46110	0	0	0	1	1
AT3TE46115	0	0	0	1	1
AT3TE46120	0	0	0	1	1
AT3TE46125	0	0	0	1	1
AT3TE46130	0	0	0	1	1
AT3TE46135	0	0	0	1	1
AT3TE46140	0	0	0	1	1
AT3TE46145	0	0	0	1	1
AT3TE46150	0	0	0	1	1
AT3TE46155	0	0	0	1	1
AT3TE46160	0	0	0	1	1
AT3TE46165	0	0	0	1	1
AT3TE46170	0	0	0	1	1
AT3TE46175	0	0	0	1	1
AT3TE46180	0	0	0	1	1
AT3TE46185	0	0	0	1	1
AT3TE46190	0	0	0	1	1
AT3TE46195	0	0	0	1	1
AT3TE46210	0	0	0	1	1
AT3TE46215	0	0	0	1	1
AT3TE46220	0	0	0	1	1
AT3TE46225	0	0	0	1	1
AT3TE46230	0	0	0	1	1
AT3TE46235	0	0	0	1	1
AT3TE46240	0	0	0	1	1
AT3TE46245	0	0	0	1	1
AT3TE46250	0	0	0	1	1
AT3TE46255	7.36092972770058	6.40947501443245	0.184618887178437	1	1
AT3TE46265	0	0	0	1	1
AT3TE46270	0	0	0	1	1
AT3TE46275	0	0	0	1	1
AT3TE46280	0	0	0	1	1
AT3TE46285	0	0	0	1	1
AT3TE46290	0	0	0	1	1
AT3TE46295	0	0	0	1	1
AT3TE46300	0	0	0	1	1
AT3TE46305	0	0	0	1	1
AT3TE46310	0	0	0	1	1
AT3TE46330	0	0	0	1	1
AT3TE46335	0	0	0	1	1
AT3TE46340	0	0	0	1	1
AT3TE46345	0	0	0	1	1
AT3TE46350	0	0	0	1	1
AT3TE46360	7627.34558521702	6887.72751802092	0.137687158889583	0.773338006830715	1
AT3TE46365	0	0	0	1	1
AT3TE46370	167.72951546936	155.326747071865	0.119782781524995	0.833705358702213	1
AT3TE46375	0	0	0	1	1
AT3TE46380	0	0	0	1	1
AT3TE46385	0	0	0	1	1
AT3TE46395	0	0	0	1	1
AT3TE46405	0	0	0	1	1
AT3TE46410	0	0	0	1	1
AT3TE46415	0	0	0	1	1
AT3TE46425	19.0573500227737	18.9664038670962	-0.0555552220785978	1	1
AT3TE46430	0	0	0	1	1
AT3TE46435	0	0	0	1	1
AT3TE46440	0	0	0	1	1
AT3TE46445	0	0	0	1	1
AT3TE46450	0	0	0	1	1
AT3TE46455	0	0	0	1	1
AT3TE46460	0	0	0	1	1
AT3TE46465	0	0	0	1	1
AT3TE46470	0	0	0	1	1
AT3TE46475	0	0	0	1	1
AT3TE46480	0	0	0	1	1
AT3TE46485	0	0	0	1	1
AT3TE46490	0	0	0	1	1
AT3TE46495	0	0	0	1	1
AT3TE46500	157.040346798342	0	3.66854978508647	0.252821698087225	1
AT3TE46505	0	0	0	1	1
AT3TE46510	0	0	0	1	1
AT3TE46515	0	0	0	1	1
AT3TE46520	0	0	0	1	1
AT3TE46525	0	0	0	1	1
AT3TE46530	0	0	0	1	1
AT3TE46535	0	0	0	1	1
AT3TE46540	0	0	0	1	1
AT3TE46545	0	0	0	1	1
AT3TE46550	0	0	0	1	1
AT3TE46555	0	0	0	1	1
AT3TE46560	0	0	0	1	1
AT3TE46565	9.40435231751953	6.33521039200835	0.467955417621	1	1
AT3TE46570	13.8417179467905	0	2.29417294369338	1	1
AT3TE46575	0	0	0	1	1
AT3TE46580	0	0	0	1	1
AT3TE46610	0	0	0	1	1
AT3TE46615	0	0	0	1	1
AT3TE46620	0	0	0	1	1
AT3TE46625	0	0	0	1	1
AT3TE46630	0	0	0	1	1
AT3TE46635	0	0	0	1	1
AT3TE46640	0	0	0	1	1
AT3TE46645	0	0	0	1	1
AT3TE46650	0	0	0	1	1
AT3TE46655	0	0	0	1	1
AT3TE46660	0	0	0	1	1
AT3TE46665	0	0	0	1	1
AT3TE46670	0	0	0	1	1
AT3TE46675	0	0	0	1	1
AT3TE46680	0	0	0	1	1
AT3TE46685	0	0	0	1	1
AT3TE46690	0	0	0	1	1
AT3TE46720	0	0	0	1	1
AT3TE46725	0	0	0	1	1
AT3TE46730	0	0	0	1	1
AT3TE46735	0	0	0	1	1
AT3TE46740	0	0	0	1	1
AT3TE46745	0	0	0	1	1
AT3TE46750	0	0	0	1	1
AT3TE46755	0	0	0	1	1
AT3TE46760	0	0	0	1	1
AT3TE46765	0	0	0	1	1
AT3TE46770	0	0	0	1	1
AT3TE46775	0	0	0	1	1
AT3TE46780	0	0	0	1	1
AT3TE46790	0	0	0	1	1
AT3TE46795	0	0	0	1	1
AT3TE46800	0	0	0	1	1
AT3TE46805	0	0	0	1	1
AT3TE46830	0	0	0	1	1
AT3TE46835	0	0	0	1	1
AT3TE46840	0	0	0	1	1
AT3TE46845	0	0	0	1	1
AT3TE46850	0	0	0	1	1
AT3TE46855	0	0	0	1	1
AT3TE46860	0	0	0	1	1
AT3TE46865	0	0	0	1	1
AT3TE46870	0	0	0	1	1
AT3TE46875	0	0	0	1	1
AT3TE46880	0	0	0	1	1
AT3TE46885	0	0	0	1	1
AT3TE46895	0	0	0	1	1
AT3TE46900	0	0	0	1	1
AT3TE46905	0	0	0	1	1
AT3TE46950	0	0	0	1	1
AT3TE46955	0	0	0	1	1
AT3TE46960	10.5621471440666	0	3.13896427281118	0.50215800187522	1
AT3TE46965	0	0	0	1	1
AT3TE46980	0	0	0	1	1
AT3TE46985	0	0	0	1	1
AT3TE46990	0	0	0	1	1
AT3TE46995	0	0	0	1	1
AT3TE47005	0	0	0	1	1
AT3TE47015	0	0	0	1	1
AT3TE47020	0	0	0	1	1
AT3TE47025	0	0	0	1	1
AT3TE47030	0	0	0	1	1
AT3TE47035	0	0	0	1	1
AT3TE47040	0	0	0	1	1
AT3TE47045	0	0	0	1	1
AT3TE47070	0	0	0	1	1
AT3TE47075	0	0	0	1	1
AT3TE47080	0	0	0	1	1
AT3TE47085	0	0	0	1	1
AT3TE47095	0	0	0	1	1
AT3TE47100	0	0	0	1	1
AT3TE47110	0	0	0	1	1
AT3TE47115	0	0	0	1	1
AT3TE47120	0	0	0	1	1
AT3TE47125	0	0	0	1	1
AT3TE47130	0	0	0	1	1
AT3TE47135	0	0	0	1	1
AT3TE47140	0	0	0	1	1
AT3TE47145	0	0	0	1	1
AT3TE47150	0	0	0	1	1
AT3TE47160	0	0	0	1	1
AT3TE47165	0	60.0602789124713	-3.20045136619241	0.502151196200472	1
AT3TE47170	0	0	0	1	1
AT3TE47175	0	0	0	1	1
AT3TE47180	0	0	0	1	1
AT3TE47185	0	0	0	1	1
AT3TE47190	0	0	0	1	1
AT3TE47195	0	0	0	1	1
AT3TE47200	0	0	0	1	1
AT3TE47205	0	0	0	1	1
AT3TE47210	0	0	0	1	1
AT3TE47215	0	0	0	1	1
AT3TE47220	6.03926956681348	0	3.66838837716053	0.252813180505952	1
AT3TE47225	0	0	0	1	1
AT3TE47230	0	0	0	1	1
AT3TE47235	0	0.96596475072092	-2.34990268811682	0.999999999999998	1
AT3TE47240	0	0	0	1	1
AT3TE47245	0	0	0	1	1
AT3TE47250	0	0	0	1	1
AT3TE47255	0	0	0	1	1
AT3TE47260	0	0	0	1	1
AT3TE47265	0	0	0	1	1
AT3TE47275	0	0	0	1	1
AT3TE47280	0	0	0	1	1
AT3TE47285	0	0	0	1	1
AT3TE47290	0	0	0	1	1
AT3TE47295	0	0	0	1	1
AT3TE47300	0	0	0	1	1
AT3TE47310	0	0	0	1	1
AT3TE47315	0	0	0	1	1
AT3TE47320	0	0	0	1	1
AT3TE47325	0	0	0	1	1
AT3TE47330	0	0	0	1	1
AT3TE47335	0	0	0	1	1
AT3TE47340	0	0	0	1	1
AT3TE47345	0	0	0	1	1
AT3TE47350	0	0	0	1	1
AT3TE47355	0	0	0	1	1
AT3TE47360	0	0	0	1	1
AT3TE47365	0	0	0	1	1
AT3TE47370	0	0	0	1	1
AT3TE47375	0	0	0	1	1
AT3TE47380	0	0	0	1	1
AT3TE47385	0	0	0	1	1
AT3TE47390	0	0	0	1	1
AT3TE47395	0	0	0	1	1
AT3TE47400	0	0	0	1	1
AT3TE47405	0	0	0	1	1
AT3TE47410	0	0	0	1	1
AT3TE47415	0	0	0	1	1
AT3TE47420	0	0	0	1	1
AT3TE47425	0	0	0	1	1
AT3TE47430	0	0	0	1	1
AT3TE47435	0	0	0	1	1
AT3TE47440	0	0	0	1	1
AT3TE47445	0	0	0	1	1
AT3TE47450	0	0	0	1	1
AT3TE47455	0	0	0	1	1
AT3TE47460	0	0	0	1	1
AT3TE47465	0	0	0	1	1
AT3TE47470	0	0	0	1	1
AT3TE47480	0	0	0	1	1
AT3TE47485	0	0	0	1	1
AT3TE47490	0	0	0	1	1
AT3TE47495	0	0	0	1	1
AT3TE47500	0	0	0	1	1
AT3TE47505	0	0	0	1	1
AT3TE47510	0	0	0	1	1
AT3TE47515	0	0	0	1	1
AT3TE47520	0	0	0	1	1
AT3TE47525	0	0	0	1	1
AT3TE47530	0	13.3073053559078	-3.20159066670863	0.501869720643125	1
AT3TE47535	0	0	0	1	1
AT3TE47545	0	0	0	1	1
AT3TE47550	0	0	0	1	1
AT3TE47555	6.23005864128033	2.78841531591811	1.06478605755393	0.345746413677391	1
AT3TE47560	0	0	0	1	1
AT3TE47580	0	0	0	1	1
AT3TE47585	0	0	0	1	1
AT3TE47590	0	0	0	1	1
AT3TE47595	0	0	0	1	1
AT3TE47600	0	0	0	1	1
AT3TE47605	0	0	0	1	1
AT3TE47610	0	0	0	1	1
AT3TE47615	0	0	0	1	1
AT3TE47620	0	0	0	1	1
AT3TE47625	0	0	0	1	1
AT3TE47630	0	0	0	1	1
AT3TE47635	0	0	0	1	1
AT3TE47640	0	0	0	1	1
AT3TE47645	0	0	0	1	1
AT3TE47650	0	0	0	1	1
AT3TE47655	0	0	0	1	1
AT3TE47660	0	0	0	1	1
AT3TE47665	0	0	0	1	1
AT3TE47670	0	0	0	1	1
AT3TE47675	0	0	0	1	1
AT3TE47680	0	0	0	1	1
AT3TE47685	0	0	0	1	1
AT3TE47695	0	0	0	1	1
AT3TE47700	0	0	0	1	1
AT3TE47705	10.416194815047	11.4726488060271	-0.0635286096300886	1	1
AT3TE47710	0	0	0	1	1
AT3TE47715	139.295380514663	63.0673930802198	1.13077643514957	0.0513399787272706	1
AT3TE47720	3566.7875247741	4242.24073671242	-0.235016431656086	0.79801511925674	1
AT3TE47730	44.5919580950735	0	3.1391505276063	0.501872507395417	1
AT3TE47740	0	69.61532328491	-2.34990268799712	0.999999999999995	1
AT3TE47745	0	0	0	1	1
AT3TE47750	0	0	0	1	1
AT3TE47755	0	0	0	1	1
AT3TE47760	0	0	0	1	1
AT3TE47765	0	0	0	1	1
AT3TE47770	0	0	0	1	1
AT3TE47775	0	0	0	1	1
AT3TE47780	0	0	0	1	1
AT3TE47790	0	0	0	1	1
AT3TE47795	0	0	0	1	1
AT3TE47805	0	0	0	1	1
AT3TE47810	0	0	0	1	1
AT3TE47815	0	0	0	1	1
AT3TE47830	0	0	0	1	1
AT3TE47840	0	0	0	1	1
AT3TE47845	0	0	0	1	1
AT3TE47850	0	0	0	1	1
AT3TE47870	0	0	0	1	1
AT3TE47875	0	0	0	1	1
AT3TE47880	0	0	0	1	1
AT3TE47885	0	0	0	1	1
AT3TE47890	0	0	0	1	1
AT3TE47895	0	0	0	1	1
AT3TE47900	0	0	0	1	1
AT3TE47905	0	0	0	1	1
AT3TE47910	0	0	0	1	1
AT3TE47920	0	0	0	1	1
AT3TE47925	0	0	0	1	1
AT3TE47930	0	0	0	1	1
AT3TE47935	0	0	0	1	1
AT3TE47940	0	0	0	1	1
AT3TE47945	0	0	0	1	1
AT3TE47950	0	0	0	1	1
AT3TE47955	0	0	0	1	1
AT3TE47965	0	0	0	1	1
AT3TE47970	0	0	0	1	1
AT3TE47975	21.7489292231293	11.1176434575738	0.967493167729213	0.0535890137190743	1
AT3TE47980	0	0	0	1	1
AT3TE47985	0	0	0	1	1
AT3TE47995	0	0	0	1	1
AT3TE48020	0	0	0	1	1
AT3TE48025	0	0	0	1	1
AT3TE48030	0	0	0	1	1
AT3TE48035	0	0	0	1	1
AT3TE48040	0	0	0	1	1
AT3TE48045	0	0	0	1	1
AT3TE48050	0	0	0	1	1
AT3TE48055	0	0	0	1	1
AT3TE48060	0	0	0	1	1
AT3TE48065	0	0	0	1	1
AT3TE48070	0.738000299536732	0.74572713926623	-0.0557300336851061	1	1
AT3TE48075	0	0	0	1	1
AT3TE48080	0	0	0	1	1
AT3TE48085	0	0	0	1	1
AT3TE48090	0	0	0	1	1
AT3TE48095	0	0	0	1	1
AT3TE48100	0	0	0	1	1
AT3TE48105	0	0	0	1	1
AT3TE48110	0	0	0	1	1
AT3TE48115	0	0	0	1	1
AT3TE48120	0.698618097532163	2.15423963487448	-1.43849524257461	0.627777986392305	1
AT3TE48125	0	0	0	1	1
AT3TE48130	0	0	0	1	1
AT3TE48135	0	0	0	1	1
AT3TE48140	0	0	0	1	1
AT3TE48145	0	0	0	1	1
AT3TE48150	0	0	0	1	1
AT3TE48155	0	0	0	1	1
AT3TE48165	0	0	0	1	1
AT3TE48170	0	0	0	1	1
AT3TE48175	0	0	0	1	1
AT3TE48180	0	0	0	1	1
AT3TE48185	0	38.2312984359936	-2.35098261505882	0.999999999999991	1
AT3TE48195	0	0	0	1	1
AT3TE48205	0	0	0	1	1
AT3TE48215	0	0	0	1	1
AT3TE48220	0	0	0	1	1
AT3TE48225	0	0	0	1	1
AT3TE48230	0	0	0	1	1
AT3TE48235	0	0	0	1	1
AT3TE48240	0	0	0	1	1
AT3TE48245	0	0	0	1	1
AT3TE48250	0	0	0	1	1
AT3TE48255	0	0	0	1	1
AT3TE48260	0	0	0	1	1
AT3TE48265	0	0	0	1	1
AT3TE48270	0	0	0	1	1
AT3TE48275	0	0	0	1	1
AT3TE48280	0	0	0	1	1
AT3TE48285	0	0	0	1	1
AT3TE48290	0	0	0	1	1
AT3TE48295	0	0	0	1	1
AT3TE48300	0	0	0	1	1
AT3TE48305	0	0	0	1	1
AT3TE48310	0	0	0	1	1
AT3TE48315	0	0	0	1	1
AT3TE48320	0	0	0	1	1
AT3TE48325	0	0	0	1	1
AT3TE48330	0	0	0	1	1
AT3TE48335	0	0	0	1	1
AT3TE48345	0	0	0	1	1
AT3TE48350	0	0	0	1	1
AT3TE48355	0	0	0	1	1
AT3TE48360	0	0	0	1	1
AT3TE48365	0	0	0	1	1
AT3TE48370	0	0	0	1	1
AT3TE48375	0	0	0	1	1
AT3TE48380	0	0	0	1	1
AT3TE48385	0	0	0	1	1
AT3TE48390	0	0	0	1	1
AT3TE48395	0	0	0	1	1
AT3TE48400	0	0	0	1	1
AT3TE48405	0	5.14802390678326	-2.34990268787743	1	1
AT3TE48410	0	0	0	1	1
AT3TE48415	0	0	0	1	1
AT3TE48420	0	0	0	1	1
AT3TE48425	0	0	0	1	1
AT3TE48430	0	0	0	1	1
AT3TE48435	0	0	0	1	1
AT3TE48440	0	0	0	1	1
AT3TE48445	0	0	0	1	1
AT3TE48455	0	0	0	1	1
AT3TE48460	0	0	0	1	1
AT3TE48465	0	0	0	1	1
AT3TE48475	0	0	0	1	1
AT3TE48480	10.1437912146535	11.9438722175799	-0.233030384901035	1	1
AT3TE48485	0	0	0	1	1
AT3TE48490	0	0	0	1	1
AT3TE48495	48.8315186959065	5.44546528806407	2.82567049117553	0.0235242714025474	1
AT3TE48500	0	0	0	1	1
AT3TE48505	0	0	0	1	1
AT3TE48510	0	0	0	1	1
AT3TE48515	0	0	0	1	1
AT3TE48520	0	0	0	1	1
AT3TE48525	0	0	0	1	1
AT3TE48530	0	0	0	1	1
AT3TE48535	0	0	0	1	1
AT3TE48540	0	0	0	1	1
AT3TE48545	0	0	0	1	1
AT3TE48550	0	0	0	1	1
AT3TE48555	0	0	0	1	1
AT3TE48560	0	0	0	1	1
AT3TE48565	0	0	0	1	1
AT3TE48570	0	0	0	1	1
AT3TE48575	0	0	0	1	1
AT3TE48580	0	4.20807287350524	-2.35098261486746	1	1
AT3TE48585	0	0	0	1	1
AT3TE48590	0	1.23138662292906	-2.34990268775773	0.999999999999994	1
AT3TE48595	0	0	0	1	1
AT3TE48600	0	0	0	1	1
AT3TE48605	0	0	0	1	1
AT3TE48610	0	0	0	1	1
AT3TE48615	0	0	0	1	1
AT3TE48620	0	0	0	1	1
AT3TE48625	0	0	0	1	1
AT3TE48630	0	0	0	1	1
AT3TE48635	0	0	0	1	1
AT3TE48640	0	0	0	1	1
AT3TE48645	0	0	0	1	1
AT3TE48650	0	0	0	1	1
AT3TE48655	0	0	0	1	1
AT3TE48660	0	0	0	1	1
AT3TE48665	0	0	0	1	1
AT3TE48670	0	0	0	1	1
AT3TE48675	0	0	0	1	1
AT3TE48680	0	0	0	1	1
AT3TE48685	0	0	0	1	1
AT3TE48690	0	0	0	1	1
AT3TE48695	0	0	0	1	1
AT3TE48700	0	0	0	1	1
AT3TE48705	0	0	0	1	1
AT3TE48710	0	0	0	1	1
AT3TE48715	0	0	0	1	1
AT3TE48720	0	0	0	1	1
AT3TE48725	0	0	0	1	1
AT3TE48730	0	0	0	1	1
AT3TE48735	0	0	0	1	1
AT3TE48740	0	0	0	1	1
AT3TE48745	0	0	0	1	1
AT3TE48750	0	0	0	1	1
AT3TE48755	0	0	0	1	1
AT3TE48760	0	0	0	1	1
AT3TE48765	0	0	0	1	1
AT3TE48770	0	0	0	1	1
AT3TE48775	0	0	0	1	1
AT3TE48780	0	0	0	1	1
AT3TE48785	0	0	0	1	1
AT3TE48790	0	0	0	1	1
AT3TE48795	0	0	0	1	1
AT3TE48800	0	0	0	1	1
AT3TE48805	0	0	0	1	1
AT3TE48810	0	0	0	1	1
AT3TE48820	0	0	0	1	1
AT3TE48825	0	0	0	1	1
AT3TE48830	0	0	0	1	1
AT3TE48835	0	0	0	1	1
AT3TE48840	0	0	0	1	1
AT3TE48845	0	0	0	1	1
AT3TE48860	0	0	0	1	1
AT3TE48865	0	0	0	1	1
AT3TE48875	0	0	0	1	1
AT3TE48880	0	0	0	1	1
AT3TE48885	0	0	0	1	1
AT3TE48890	0	0	0	1	1
AT3TE48895	0	0	0	1	1
AT3TE48900	0	0	0	1	1
AT3TE48905	0	0	0	1	1
AT3TE48910	0	8.19574728956745	-2.3509826146761	0.999999999999997	1
AT3TE48915	0	0	0	1	1
AT3TE48920	0	0	0	1	1
AT3TE48925	0	0	0	1	1
AT3TE48930	0	0	0	1	1
AT3TE48960	0	110.71352618805	-3.73137185432064	0.25376661465561	1
AT3TE48970	0	0	0	1	1
AT3TE48975	0	0	0	1	1
AT3TE48980	0	0	0	1	1
AT3TE48985	0	0	0	1	1
AT3TE48990	0	0	0	1	1
AT3TE48995	0	0	0	1	1
AT3TE49000	0	0	0	1	1
AT3TE49005	0	0	0	1	1
AT3TE49010	0	0	0	1	1
AT3TE49015	0	0	0	1	1
AT3TE49020	0	0	0	1	1
AT3TE49030	0	0	0	1	1
AT3TE49035	0	0	0	1	1
AT3TE49040	0	0	0	1	1
AT3TE49045	0	0	0	1	1
AT3TE49050	0	0	0	1	1
AT3TE49055	0	0	0	1	1
AT3TE49060	0	0	0	1	1
AT3TE49065	0	0	0	1	1
AT3TE49070	0	0	0	1	1
AT3TE49075	0	0	0	1	1
AT3TE49085	0	0	0	1	1
AT3TE49090	0	0	0	1	1
AT3TE49095	0	0	0	1	1
AT3TE49100	0	0	0	1	1
AT3TE49105	0	0	0	1	1
AT3TE49110	0	22.2787815837209	-3.20159066715394	0.501869738662707	1
AT3TE49115	0	0	0	1	1
AT3TE49125	0	0	0	1	1
AT3TE49130	0	0	0	1	1
AT3TE49135	0	0	0	1	1
AT3TE49140	0	0	0	1	1
AT3TE49145	0	0	0	1	1
AT3TE49150	0	0	0	1	1
AT3TE49155	0	0	0	1	1
AT3TE49165	0	0	0	1	1
AT3TE49170	0	0	0	1	1
AT3TE49175	0	0	0	1	1
AT3TE49180	0	0	0	1	1
AT3TE49185	0	0	0	1	1
AT3TE49190	0	6.51025339965152	-2.34990268763803	0.999999999999995	1
AT3TE49195	0	0	0	1	1
AT3TE49200	0	0	0	1	1
AT3TE49205	0	0	0	1	1
AT3TE49210	0	0	0	1	1
AT3TE49215	0	0	0	1	1
AT3TE49220	0	0	0	1	1
AT3TE49225	0	0	0	1	1
AT3TE49235	0	0	0	1	1
AT3TE49240	0	0	0	1	1
AT3TE49245	0	0	0	1	1
AT3TE49250	0	0	0	1	1
AT3TE49255	0	0	0	1	1
AT3TE49265	0	0	0	1	1
AT3TE49270	0	0	0	1	1
AT3TE49275	0	0	0	1	1
AT3TE49280	0	0	0	1	1
AT3TE49285	0	0	0	1	1
AT3TE49290	0	0	0	1	1
AT3TE49295	0	0	0	1	1
AT3TE49300	0	0	0	1	1
AT3TE49305	0	0	0	1	1
AT3TE49310	4.0964003112799	0	2.29417294368157	0.999999999999994	1
AT3TE49315	0	0	0	1	1
AT3TE49320	0	0	0	1	1
AT3TE49325	52.5771632453039	32.2454338520548	0.702630406183118	0.558379545342503	1
AT3TE49330	18.881975636061	18.7918664081966	-0.0555552218943803	1	1
AT3TE49335	0	0	0	1	1
AT3TE49340	5.29726716277728	16.6750438552014	-1.57539767621906	0.153366467524159	1
AT3TE49345	0	0	0	1	1
AT3TE49350	0	0	0	1	1
AT3TE49355	22.6439060647344	9.06905765961817	1.1588163917647	0.459242285016706	1
AT3TE49360	5.34797919839782	5.845967441125	-0.0566342455926039	1	1
AT3TE49365	9.84200074788028	0	2.29417294366975	0.999999999999997	1
AT3TE49370	0	0	0	1	1
AT3TE49375	374.60797087591	569.644206595186	-0.609210944037827	0.388860994971558	1
AT3TE49380	0	0	0	1	1
AT3TE49385	0	0	0	1	1
AT3TE49390	0	0	0	1	1
AT3TE49395	0	0	0	1	1
AT3TE49400	0	0	0	1	1
AT3TE49405	0	0	0	1	1
AT3TE49415	0	0	0	1	1
AT3TE49420	0	0	0	1	1
AT3TE49425	0	0	0	1	1
AT3TE49430	0	0	0	1	1
AT3TE49435	0	0	0	1	1
AT3TE49440	0	0	0	1	1
AT3TE49445	0	0	0	1	1
AT3TE49470	0	0	0	1	1
AT3TE49475	0	0	0	1	1
AT3TE49480	0	0	0	1	1
AT3TE49485	0	0	0	1	1
AT3TE49490	0	0	0	1	1
AT3TE49495	0	0	0	1	1
AT3TE49500	0	0	0	1	1
AT3TE49505	0	0	0	1	1
AT3TE49510	0	0	0	1	1
AT3TE49515	0	0	0	1	1
AT3TE49520	0	0	0	1	1
AT3TE49525	575.145972113331	433.621303603718	0.396332379263643	0.582766726109956	1
AT3TE49530	223.399030078144	241.985084855071	-0.127774989457896	0.89187570961156	1
AT3TE49535	0	0	0	1	1
AT3TE49540	0	0	0	1	1
AT3TE49545	0	0	0	1	1
AT3TE49550	0	0	0	1	1
AT3TE49555	0	0	0	1	1
AT3TE49570	0	0	0	1	1
AT3TE49580	73.2206818924427	125.656975775098	-0.722886378732215	0.601674842534688	1
AT3TE49600	0	0	0	1	1
AT3TE49605	0	0	0	1	1
AT3TE49610	0	0	0	1	1
AT3TE49640	0	0	0	1	1
AT3TE49645	0	0	0	1	1
AT3TE49650	0	0	0	1	1
AT3TE49655	0	0	0	1	1
AT3TE49660	0	0	0	1	1
AT3TE49665	0	0	0	1	1
AT3TE49670	0	0	0	1	1
AT3TE49675	0	0	0	1	1
AT3TE49680	0	0	0	1	1
AT3TE49685	0	0	0	1	1
AT3TE49695	0	0	0	1	1
AT3TE49700	0	0	0	1	1
AT3TE49705	0	0	0	1	1
AT3TE49710	0	0	0	1	1
AT3TE49715	0	0	0	1	1
AT3TE49720	0	0	0	1	1
AT3TE49725	0	0	0	1	1
AT3TE49730	0	0	0	1	1
AT3TE49735	0	0	0	1	1
AT3TE49745	0	0	0	1	1
AT3TE49750	0	0	0	1	1
AT3TE49755	0	0	0	1	1
AT3TE49760	0	0	0	1	1
AT3TE49765	0	0	0	1	1
AT3TE49770	0	0	0	1	1
AT3TE49775	0	0	0	1	1
AT3TE49785	0	0	0	1	1
AT3TE49790	0	0	0	1	1
AT3TE49795	653.993553963034	160.207345827021	1.97315460168101	0.0704734932169245	1
AT3TE49800	0	0	0	1	1
AT3TE49805	0	0	0	1	1
AT3TE49810	0	0	0	1	1
AT3TE49815	0	0	0	1	1
AT3TE49820	0	0	0	1	1
AT3TE49825	0	0	0	1	1
AT3TE49830	0	0	0	1	1
AT3TE49835	0	0	0	1	1
AT3TE49840	0	0	0	1	1
AT3TE49845	0	0	0	1	1
AT3TE49850	0	0	0	1	1
AT3TE49855	0	0	0	1	1
AT3TE49890	0	0	0	1	1
AT3TE49895	0	0	0	1	1
AT3TE49900	0	0	0	1	1
AT3TE49905	0	0	0	1	1
AT3TE49910	0	0	0	1	1
AT3TE49915	0	0	0	1	1
AT3TE49920	0	0	0	1	1
AT3TE49925	0	0	0	1	1
AT3TE49930	0	105.136070698982	-2.35098261448474	1	1
AT3TE49935	0	0	0	1	1
AT3TE49940	0	0	0	1	1
AT3TE49945	0	0	0	1	1
AT3TE49950	0	0	0	1	1
AT3TE49955	0	0	0	1	1
AT3TE49960	0	0	0	1	1
AT3TE49965	0	0	0	1	1
AT3TE49970	0	0	0	1	1
AT3TE49975	0	0	0	1	1
AT3TE49980	0	0	0	1	1
AT3TE49985	0	0	0	1	1
AT3TE49990	0	0	0	1	1
AT3TE49995	0	0	0	1	1
AT3TE50000	0	0	0	1	1
AT3TE50005	21.0805618402599	0	2.29434778088368	0.999999999999998	1
AT3TE50010	12.6918021801152	0	2.29434778089016	1	1
AT3TE50015	0	0	0	1	1
AT3TE50020	12.0890776883235	6.70858277640566	0.787942979290221	0.999999999999999	1
AT3TE50025	9.62441631985045	12.6969551452519	-0.385458119808703	0.710369147761224	1
AT3TE50030	0	0	0	1	1
AT3TE50035	0	0	0	1	1
AT3TE50040	0	0	0	1	1
AT3TE50045	0	0	0	1	1
AT3TE50050	0	0	0	1	1
AT3TE50055	0	0	0	1	1
AT3TE50060	0	0	0	1	1
AT3TE50065	0	0	0	1	1
AT3TE50070	0	0	0	1	1
AT3TE50075	0	0	0	1	1
AT3TE50080	0	0	0	1	1
AT3TE50085	0	0	0	1	1
AT3TE50090	0	0	0	1	1
AT3TE50095	0	0	0	1	1
AT3TE50100	0	0	0	1	1
AT3TE50105	0	0	0	1	1
AT3TE50110	0	0	0	1	1
AT3TE50115	0	0	0	1	1
AT3TE50120	0	0	0	1	1
AT3TE50125	0	0	0	1	1
AT3TE50130	0	0	0	1	1
AT3TE50135	0	0	0	1	1
AT3TE50150	0	0	0	1	1
AT3TE50155	0	0	0	1	1
AT3TE50160	0	0	0	1	1
AT3TE50165	0	0	0	1	1
AT3TE50170	0	0	0	1	1
AT3TE50175	0	0	0	1	1
AT3TE50180	0	0	0	1	1
AT3TE50185	0	0	0	1	1
AT3TE50190	0	0	0	1	1
AT3TE50195	0	0	0	1	1
AT3TE50200	0	0	0	1	1
AT3TE50205	0	0	0	1	1
AT3TE50215	0	0	0	1	1
AT3TE50220	0	0	0	1	1
AT3TE50225	0	0	0	1	1
AT3TE50230	0	0	0	1	1
AT3TE50235	0	0	0	1	1
AT3TE50240	0	0	0	1	1
AT3TE50245	0	0	0	1	1
AT3TE50255	0	0	0	1	1
AT3TE50260	0	0	0	1	1
AT3TE50265	0	0	0	1	1
AT3TE50270	0	0	0	1	1
AT3TE50275	0	0	0	1	1
AT3TE50280	0	0	0	1	1
AT3TE50285	0	0	0	1	1
AT3TE50290	0	0	0	1	1
AT3TE50295	0.415507673270801	0	2.29417294365793	0.999999999999996	1
AT3TE50300	0	0	0	1	1
AT3TE50305	0	0	0	1	1
AT3TE50310	0	0	0	1	1
AT3TE50315	0	0	0	1	1
AT3TE50320	0	0	0	1	1
AT3TE50325	0	0	0	1	1
AT3TE50330	0	0	0	1	1
AT3TE50335	0	0	0	1	1
AT3TE50340	0	0	0	1	1
AT3TE50350	0	0	0	1	1
AT3TE50355	0	0	0	1	1
AT3TE50360	0	0	0	1	1
AT3TE50365	0	0	0	1	1
AT3TE50370	0	0	0	1	1
AT3TE50375	0	0	0	1	1
AT3TE50385	0	0	0	1	1
AT3TE50390	0	0	0	1	1
AT3TE50395	0	0	0	1	1
AT3TE50405	0	0	0	1	1
AT3TE50410	0	0	0	1	1
AT3TE50415	0	0	0	1	1
AT3TE50420	0	0	0	1	1
AT3TE50430	0	0	0	1	1
AT3TE50435	0	0	0	1	1
AT3TE50440	0	0	0	1	1
AT3TE50445	0	0	0	1	1
AT3TE50450	0	0	0	1	1
AT3TE50455	0	0	0	1	1
AT3TE50460	0	0	0	1	1
AT3TE50465	0	0	0	1	1
AT3TE50470	0	0	0	1	1
AT3TE50475	0	0	0	1	1
AT3TE50480	0	0	0	1	1
AT3TE50485	0	0	0	1	1
AT3TE50490	0	0	0	1	1
AT3TE50500	0	0	0	1	1
AT3TE50505	0	0	0	1	1
AT3TE50515	0	0	0	1	1
AT3TE50520	0	0	0	1	1
AT3TE50525	0	0	0	1	1
AT3TE50535	0	0	0	1	1
AT3TE50540	0	0	0	1	1
AT3TE50545	0	0	0	1	1
AT3TE50550	0	0	0	1	1
AT3TE50555	0	0	0	1	1
AT3TE50560	0	0	0	1	1
AT3TE50565	0	9.57210695167512	-3.20045137715973	0.50215117427426	1
AT3TE50570	0	0	0	1	1
AT3TE50575	0	0	0	1	1
AT3TE50585	0	0	0	1	1
AT3TE50595	0	0	0	1	1
AT3TE50600	0	0	0	1	1
AT3TE50605	0	0	0	1	1
AT3TE50610	0	0	0	1	1
AT3TE50615	0	0	0	1	1
AT3TE50625	0	0	0	1	1
AT3TE50630	0	0	0	1	1
AT3TE50635	0	0	0	1	1
AT3TE50645	0	0	0	1	1
AT3TE50650	0	0	0	1	1
AT3TE50655	0	0	0	1	1
AT3TE50660	0	0	0	1	1
AT3TE50665	0	0	0	1	1
AT3TE50670	0	0	0	1	1
AT3TE50675	0	0	0	1	1
AT3TE50680	0	0	0	1	1
AT3TE50685	13.2084367335387	0	4.05427881430295	0.130254822780019	1
AT3TE50690	0	0	0	1	1
AT3TE50695	0	0	0	1	1
AT3TE50700	0	0	0	1	1
AT3TE50705	0	0	0	1	1
AT3TE50710	0	0	0	1	1
AT3TE50715	0	0	0	1	1
AT3TE50720	0	0	0	1	1
AT3TE50725	0	0	0	1	1
AT3TE50730	0	0	0	1	1
AT3TE50735	61.2457352513535	0	3.66854978582143	0.252821723693745	1
AT3TE50740	0	0	0	1	1
AT3TE50745	0	0	0	1	1
AT3TE50750	0	0	0	1	1
AT3TE50755	0	0	0	1	1
AT3TE50760	0	0	0	1	1
AT3TE50765	0	0	0	1	1
AT3TE50770	0	0	0	1	1
AT3TE50775	0	0	0	1	1
AT3TE50780	0	0	0	1	1
AT3TE50785	0	0	0	1	1
AT3TE50790	0	0	0	1	1
AT3TE50795	0	0	0	1	1
AT3TE50800	0	0	0	1	1
AT3TE50805	0	0	0	1	1
AT3TE50810	0	0	0	1	1
AT3TE50815	0	0	0	1	1
AT3TE50820	0	0	0	1	1
AT3TE50830	0	0	0	1	1
AT3TE50835	0	0	0	1	1
AT3TE50840	0	0	0	1	1
AT3TE50845	0	0	0	1	1
AT3TE50850	0	0	0	1	1
AT3TE50855	0	0	0	1	1
AT3TE50860	0	0	0	1	1
AT3TE50865	0	0	0	1	1
AT3TE50870	0	0	0	1	1
AT3TE50875	0	0	0	1	1
AT3TE50880	0	0	0	1	1
AT3TE50885	0	0	0	1	1
AT3TE50890	0	0	0	1	1
AT3TE50895	0	0	0	1	1
AT3TE50900	0	0	0	1	1
AT3TE50905	0	0	0	1	1
AT3TE50910	0	0	0	1	1
AT3TE50915	0	0	0	1	1
AT3TE50920	0	0	0	1	1
AT3TE50925	0	0	0	1	1
AT3TE50935	0	0	0	1	1
AT3TE50940	0	0	0	1	1
AT3TE50945	0	0	0	1	1
AT3TE50950	0	0	0	1	1
AT3TE50955	0	0	0	1	1
AT3TE50960	0	0	0	1	1
AT3TE50965	0	0	0	1	1
AT3TE50970	0	0	0	1	1
AT3TE50975	0	0	0	1	1
AT3TE50980	0	0	0	1	1
AT3TE50985	0	0	0	1	1
AT3TE50990	0	0	0	1	1
AT3TE50995	0	0	0	1	1
AT3TE51000	0	0	0	1	1
AT3TE51005	0	0	0	1	1
AT3TE51010	0	0	0	1	1
AT3TE51015	0	0	0	1	1
AT3TE51020	0	0	0	1	1
AT3TE51025	0	0	0	1	1
AT3TE51030	0	0	0	1	1
AT3TE51035	0	0	0	1	1
AT3TE51040	0	0	0	1	1
AT3TE51045	0	0	0	1	1
AT3TE51050	0	0	0	1	1
AT3TE51055	0	0	0	1	1
AT3TE51060	0	0	0	1	1
AT3TE51065	0	0	0	1	1
AT3TE51070	0	0	0	1	1
AT3TE51075	0	0	0	1	1
AT3TE51080	0	0	0	1	1
AT3TE51085	0	0	0	1	1
AT3TE51090	0	0	0	1	1
AT3TE51095	0	0	0	1	1
AT3TE51100	0	0	0	1	1
AT3TE51105	0	0	0	1	1
AT3TE51110	0	0	0	1	1
AT3TE51115	0	0	0	1	1
AT3TE51120	0	0	0	1	1
AT3TE51125	0	0	0	1	1
AT3TE51130	0	0	0	1	1
AT3TE51135	0	0	0	1	1
AT3TE51140	0	0	0	1	1
AT3TE51145	0	0	0	1	1
AT3TE51150	0	3.18904135818432	-2.34990268751833	1	1
AT3TE51155	0	0	0	1	1
AT3TE51160	0	0	0	1	1
AT3TE51165	0	0	0	1	1
AT3TE51170	0	0	0	1	1
AT3TE51175	0	0	0	1	1
AT3TE51180	0	0	0	1	1
AT3TE51185	0	0	0	1	1
AT3TE51190	0	0	0	1	1
AT3TE51195	7.58351935881413	22.007654602212	-1.50702986460823	0.071891102514876	1
AT3TE51200	0	0	0	1	1
AT3TE51210	8.53822258424189	8.98312856310758	-0.0624377680891164	1	1
AT3TE51215	4.1146551185534	4.49779981599925	-0.0566342454666196	1	1
AT3TE51220	0	0	0	1	1
AT3TE51225	19.5413462138282	42.7219588872055	-0.908407466239488	0.999999999999997	1
AT3TE51240	0	0	0	1	1
AT3TE51245	0	0	0	1	1
AT3TE51250	0.787360059830423	0	2.29417294364611	0.999999999999998	1
AT3TE51255	0	0	0	1	1
AT3TE51260	0	0	0	1	1
AT3TE51270	0	0	0	1	1
AT3TE51275	0	0	0	1	1
AT3TE51280	0	0	0	1	1
AT3TE51285	0	0	0	1	1
AT3TE51290	0	0	0	1	1
AT3TE51295	0	0	0	1	1
AT3TE51300	0	0	0	1	1
AT3TE51305	0	0	0	1	1
AT3TE51310	0	0	0	1	1
AT3TE51315	0	0	0	1	1
AT3TE51320	0	0	0	1	1
AT3TE51325	0	0	0	1	1
AT3TE51330	0	48.2373893627723	-2.34990268739863	0.999999999999996	1
AT3TE51335	0	0	0	1	1
AT3TE51340	0	0	0	1	1
AT3TE51345	0	0	0	1	1
AT3TE51350	0	0	0	1	1
AT3TE51355	0	0	0	1	1
AT3TE51365	0	0	0	1	1
AT3TE51370	0	0	0	1	1
AT3TE51375	0	0	0	1	1
AT3TE51380	3.6087336075561	0	3.66814593984575	0.253793153146159	1
AT3TE51385	0	0	0	1	1
AT3TE51390	0	0	0	1	1
AT3TE51395	0	0	0	1	1
AT3TE51420	0	0	0	1	1
AT3TE51425	0	0	0	1	1
AT3TE51430	0	0	0	1	1
AT3TE51435	0	0	0	1	1
AT3TE51440	0	0	0	1	1
AT3TE51445	0	0	0	1	1
AT3TE51450	0	0	0	1	1
AT3TE51455	0	0	0	1	1
AT3TE51460	0	0	0	1	1
AT3TE51465	0	0	0	1	1
AT3TE51470	0	0	0	1	1
AT3TE51490	0	0	0	1	1
AT3TE51495	0	0	0	1	1
AT3TE51500	0	0	0	1	1
AT3TE51505	0	0	0	1	1
AT3TE51510	0	0	0	1	1
AT3TE51515	0	0	0	1	1
AT3TE51520	0	0	0	1	1
AT3TE51525	0	0	0	1	1
AT3TE51535	0	0	0	1	1
AT3TE51545	0	0	0	1	1
AT3TE51550	0	0	0	1	1
AT3TE51555	0	0	0	1	1
AT3TE51560	0	0	0	1	1
AT3TE51565	0	0	0	1	1
AT3TE51570	0	0	0	1	1
AT3TE51575	0	0	0	1	1
AT3TE51580	0	0	0	1	1
AT3TE51585	0	0	0	1	1
AT3TE51590	0	0	0	1	1
AT3TE51595	0	0	0	1	1
AT3TE51600	0	0	0	1	1
AT3TE51605	0	0	0	1	1
AT3TE51610	0	0	0	1	1
AT3TE51615	0	0	0	1	1
AT3TE51620	0	0	0	1	1
AT3TE51625	0	0	0	1	1
AT3TE51630	0	0	0	1	1
AT3TE51635	0	0	0	1	1
AT3TE51640	0	0	0	1	1
AT3TE51645	0	0	0	1	1
AT3TE51650	0	0	0	1	1
AT3TE51655	0	0	0	1	1
AT3TE51660	0	0	0	1	1
AT3TE51665	0	0	0	1	1
AT3TE51670	0	0	0	1	1
AT3TE51675	0	0	0	1	1
AT3TE51680	0	0	0	1	1
AT3TE51685	0.772724586662803	0	2.29434778089664	1	1
AT3TE51690	0	0	0	1	1
AT3TE51695	0	0	0	1	1
AT3TE51700	0	0	0	1	1
AT3TE51705	0	0	0	1	1
AT3TE51710	0	0	0	1	1
AT3TE51715	0	0	0	1	1
AT3TE51720	0	0	0	1	1
AT3TE51725	0	0	0	1	1
AT3TE51730	0	0	0	1	1
AT3TE51735	0	0	0	1	1
AT3TE51740	0	0	0	1	1
AT3TE51760	0	0	0	1	1
AT3TE51765	0	0	0	1	1
AT3TE51770	0	0	0	1	1
AT3TE51775	0	0	0	1	1
AT3TE51780	0	0	0	1	1
AT3TE51785	0	0	0	1	1
AT3TE51790	0	0	0	1	1
AT3TE51795	0	0	0	1	1
AT3TE51800	0	0	0	1	1
AT3TE51810	0	0	0	1	1
AT3TE51815	0	0	0	1	1
AT3TE51820	0	0	0	1	1
AT3TE51825	0	0	0	1	1
AT3TE51835	0	0	0	1	1
AT3TE51845	0	0	0	1	1
AT3TE51870	0	0	0	1	1
AT3TE51875	0	0	0	1	1
AT3TE51880	0	0	0	1	1
AT3TE51885	0	0	0	1	1
AT3TE51890	0	0	0	1	1
AT3TE51895	0	0	0	1	1
AT3TE51900	0	0	0	1	1
AT3TE51905	0	0	0	1	1
AT3TE51910	0	0	0	1	1
AT3TE51915	0	0	0	1	1
AT3TE51920	0	0	0	1	1
AT3TE51925	0	0	0	1	1
AT3TE51930	0	0	0	1	1
AT3TE51935	0	0	0	1	1
AT3TE51940	0	0	0	1	1
AT3TE51945	0	0	0	1	1
AT3TE51950	0	0	0	1	1
AT3TE51955	0	0	0	1	1
AT3TE51960	0	0	0	1	1
AT3TE51965	0	0	0	1	1
AT3TE51970	0	0	0	1	1
AT3TE51975	0	0	0	1	1
AT3TE51980	0	0	0	1	1
AT3TE51985	0	0	0	1	1
AT3TE51990	0	0	0	1	1
AT3TE51995	0	0	0	1	1
AT3TE52000	0	0	0	1	1
AT3TE52005	0	0	0	1	1
AT3TE52010	0	0	0	1	1
AT3TE52015	0	0	0	1	1
AT3TE52020	0	0	0	1	1
AT3TE52025	4.94508357316008	0	2.29417294363429	1	1
AT3TE52035	81.928006225598	0	2.29417294362247	1	1
AT3TE52050	55.0111394473235	0	3.6685497865564	0.252821749300816	1
AT3TE52060	0	0	0	1	1
AT3TE52065	0	0	0	1	1
AT3TE52070	0	0	0	1	1
AT3TE52075	0	0	0	1	1
AT3TE52080	0	0	0	1	1
AT3TE52085	0	0	0	1	1
AT3TE52090	2.477072055274	0	2.29434778090312	0.999999999999999	1
AT3TE52095	0	0	0	1	1
AT3TE52100	0	0	0	1	1
AT3TE52105	0	0	0	1	1
AT3TE52110	0	0	0	1	1
AT3TE52115	0	22.5226045921768	-2.34990268727893	1	1
AT3TE52120	23.4420820639511	15.0065636004152	0.625614371353561	0.730248195591945	1
AT3TE52130	0	0	0	1	1
AT3TE52135	0	0	0	1	1
AT3TE52140	0	0	0	1	1
AT3TE52145	0	0	0	1	1
AT3TE52150	0	0	0	1	1
AT3TE52155	0	0	0	1	1
AT3TE52160	0	0	0	1	1
AT3TE52170	0	0	0	1	1
AT3TE52175	0	0	0	1	1
AT3TE52180	0	0	0	1	1
AT3TE52185	0	0	0	1	1
AT3TE52190	0	0	0	1	1
AT3TE52195	0	0	0	1	1
AT3TE52205	0	0	0	1	1
AT3TE52210	0	0	0	1	1
AT3TE52215	0	0	0	1	1
AT3TE52220	0	0	0	1	1
AT3TE52225	0	0	0	1	1
AT3TE52230	0	0	0	1	1
AT3TE52235	0	0	0	1	1
AT3TE52240	0	0	0	1	1
AT3TE52245	0	0	0	1	1
AT3TE52250	0	0	0	1	1
AT3TE52255	0	0	0	1	1
AT3TE52260	0	0	0	1	1
AT3TE52265	0	0	0	1	1
AT3TE52270	0	0	0	1	1
AT3TE52275	0	0	0	1	1
AT3TE52280	0	0	0	1	1
AT3TE52285	0	0	0	1	1
AT3TE52290	0	0	0	1	1
AT3TE52295	0	0	0	1	1
AT3TE52300	0	0	0	1	1
AT3TE52305	0	0	0	1	1
AT3TE52310	0	0	0	1	1
AT3TE52315	0	0	0	1	1
AT3TE52320	0	0	0	1	1
AT3TE52325	0	0	0	1	1
AT3TE52330	0	0	0	1	1
AT3TE52335	0	0	0	1	1
AT3TE52340	0	0	0	1	1
AT3TE52345	0	0	0	1	1
AT3TE52350	0	0	0	1	1
AT3TE52355	0	0	0	1	1
AT3TE52360	0	0	0	1	1
AT3TE52365	0	0	0	1	1
AT3TE52370	0	0	0	1	1
AT3TE52375	0	0	0	1	1
AT3TE52380	0	0	0	1	1
AT3TE52385	0	0	0	1	1
AT3TE52390	0	0	0	1	1
AT3TE52395	0	0	0	1	1
AT3TE52400	0	0	0	1	1
AT3TE52410	0	0	0	1	1
AT3TE52415	0	0	0	1	1
AT3TE52420	0	0	0	1	1
AT3TE52425	0	0	0	1	1
AT3TE52430	0	0	0	1	1
AT3TE52435	0	0	0	1	1
AT3TE52440	0	0	0	1	1
AT3TE52445	0	0	0	1	1
AT3TE52450	0	0	0	1	1
AT3TE52455	0	0	0	1	1
AT3TE52460	0	0	0	1	1
AT3TE52465	0	0	0	1	1
AT3TE52470	0	0	0	1	1
AT3TE52475	0	0	0	1	1
AT3TE52480	0	0	0	1	1
AT3TE52485	0	0	0	1	1
AT3TE52490	0	0	0	1	1
AT3TE52495	0	0	0	1	1
AT3TE52500	0	0	0	1	1
AT3TE52505	0	0	0	1	1
AT3TE52510	0	0	0	1	1
AT3TE52515	0	0	0	1	1
AT3TE52540	0	0	0	1	1
AT3TE52545	0	0	0	1	1
AT3TE52550	0	0	0	1	1
AT3TE52555	0	0	0	1	1
AT3TE52565	0	0	0	1	1
AT3TE52570	0	0	0	1	1
AT3TE52575	0	0	0	1	1
AT3TE52580	0	0	0	1	1
AT3TE52585	0	0	0	1	1
AT3TE52590	0	0	0	1	1
AT3TE52595	0	0	0	1	1
AT3TE52600	0	0	0	1	1
AT3TE52605	0	0	0	1	1
AT3TE52610	0	0	0	1	1
AT3TE52615	0	0	0	1	1
AT3TE52620	0	0	0	1	1
AT3TE52625	0	0	0	1	1
AT3TE52630	0	0	0	1	1
AT3TE52635	0	0	0	1	1
AT3TE52640	0	0	0	1	1
AT3TE52645	0	0	0	1	1
AT3TE52650	0	0	0	1	1
AT3TE52655	0	0	0	1	1
AT3TE52660	0	0	0	1	1
AT3TE52665	0	0	0	1	1
AT3TE52670	0	0	0	1	1
AT3TE52675	0	0	0	1	1
AT3TE52680	0	0	0	1	1
AT3TE52685	0	0	0	1	1
AT3TE52690	0	0	0	1	1
AT3TE52695	0	0	0	1	1
AT3TE52700	0	0	0	1	1
AT3TE52705	0	0	0	1	1
AT3TE52710	0	0	0	1	1
AT3TE52715	0	0	0	1	1
AT3TE52720	0	0	0	1	1
AT3TE52725	0	0	0	1	1
AT3TE52730	0	0	0	1	1
AT3TE52735	0	0	0	1	1
AT3TE52740	0	0	0	1	1
AT3TE52745	0	0	0	1	1
AT3TE52750	0	0	0	1	1
AT3TE52755	0	0	0	1	1
AT3TE52765	0	0	0	1	1
AT3TE52770	0	0	0	1	1
AT3TE52775	0	0	0	1	1
AT3TE52780	0	0	0	1	1
AT3TE52785	0	0	0	1	1
AT3TE52790	0	0	0	1	1
AT3TE52795	0	0	0	1	1
AT3TE52800	0	0	0	1	1
AT3TE52805	0	0	0	1	1
AT3TE52815	0	0	0	1	1
AT3TE52820	0	0	0	1	1
AT3TE52825	0	0	0	1	1
AT3TE52830	0	0	0	1	1
AT3TE52835	0	0	0	1	1
AT3TE52840	0	0	0	1	1
AT3TE52845	0	0	0	1	1
AT3TE52850	0	0	0	1	1
AT3TE52855	0	0	0	1	1
AT3TE52860	0	0	0	1	1
AT3TE52870	0	0	0	1	1
AT3TE52875	0	0	0	1	1
AT3TE52880	0	0	0	1	1
AT3TE52885	0	0	0	1	1
AT3TE52890	0	0	0	1	1
AT3TE52895	0	0	0	1	1
AT3TE52900	0	0	0	1	1
AT3TE52910	0	0	0	1	1
AT3TE52915	0	0	0	1	1
AT3TE52920	0	0	0	1	1
AT3TE52925	0	0	0	1	1
AT3TE52930	0	0	0	1	1
AT3TE52935	1.06362674749022	1.61214432870318	-0.592304749159269	1	1
AT3TE52940	0	0	0	1	1
AT3TE52945	0	0	0	1	1
AT3TE52950	0	0	0	1	1
AT3TE52955	0	0	0	1	1
AT3TE52960	0	0	0	1	1
AT3TE52965	0	0	0	1	1
AT3TE52970	0	0	0	1	1
AT3TE52975	0	0	0	1	1
AT3TE52985	0	0	0	1	1
AT3TE52990	0	0	0	1	1
AT3TE52995	0	0	0	1	1
AT3TE53000	0	0	0	1	1
AT3TE53005	0	0	0	1	1
AT3TE53010	0	0	0	1	1
AT3TE53015	0	0	0	1	1
AT3TE53020	0	0	0	1	1
AT3TE53025	0	0	0	1	1
AT3TE53030	0	0	0	1	1
AT3TE53035	0	0	0	1	1
AT3TE53040	0	0	0	1	1
AT3TE53045	0	0	0	1	1
AT3TE53050	0	0	0	1	1
AT3TE53055	0	0	0	1	1
AT3TE53060	0	0	0	1	1
AT3TE53065	0	0	0	1	1
AT3TE53070	0	0	0	1	1
AT3TE53075	0	0	0	1	1
AT3TE53080	0	0	0	1	1
AT3TE53085	0	0	0	1	1
AT3TE53090	0	0	0	1	1
AT3TE53095	0	0	0	1	1
AT3TE53100	0	0	0	1	1
AT3TE53105	0	0	0	1	1
AT3TE53110	0	0	0	1	1
AT3TE53115	0	0	0	1	1
AT3TE53120	0	0	0	1	1
AT3TE53125	0	0	0	1	1
AT3TE53130	0	0	0	1	1
AT3TE53135	0	0	0	1	1
AT3TE53140	0	0	0	1	1
AT3TE53145	0	0	0	1	1
AT3TE53150	0	0	0	1	1
AT3TE53155	0	0	0	1	1
AT3TE53160	0	0	0	1	1
AT3TE53165	0	0	0	1	1
AT3TE53170	0	0	0	1	1
AT3TE53175	0	0	0	1	1
AT3TE53180	0	0	0	1	1
AT3TE53185	0	0	0	1	1
AT3TE53195	0	0	0	1	1
AT3TE53200	32.2059825731727	120.259802045696	-1.86310915563669	0.0145122433951054	1
AT3TE53205	0	0	0	1	1
AT3TE53210	0	0	0	1	1
AT3TE53215	0	0	0	1	1
AT3TE53220	0	0	0	1	1
AT3TE53225	0	0	0	1	1
AT3TE53230	0	0	0	1	1
AT3TE53235	0	0	0	1	1
AT3TE53245	0	0	0	1	1
AT3TE53250	0	0	0	1	1
AT3TE53290	0	0	0	1	1
AT3TE53295	0	0	0	1	1
AT3TE53300	0	0	0	1	1
AT3TE53305	0	0	0	1	1
AT3TE53310	0	0	0	1	1
AT3TE53315	0	0	0	1	1
AT3TE53320	0	0	0	1	1
AT3TE53325	0	0	0	1	1
AT3TE53330	0	0	0	1	1
AT3TE53335	0	0	0	1	1
AT3TE53340	0	0	0	1	1
AT3TE53345	0	0	0	1	1
AT3TE53350	0	0	0	1	1
AT3TE53370	0	0	0	1	1
AT3TE53375	0	0	0	1	1
AT3TE53380	0	0	0	1	1
AT3TE53385	0	0	0	1	1
AT3TE53390	0	0	0	1	1
AT3TE53395	0	0	0	1	1
AT3TE53400	0	0	0	1	1
AT3TE53405	0	0	0	1	1
AT3TE53410	0	0	0	1	1
AT3TE53415	0	0	0	1	1
AT3TE53420	0	0	0	1	1
AT3TE53425	0	0	0	1	1
AT3TE53430	0	0	0	1	1
AT3TE53435	0	0	0	1	1
AT3TE53440	0	0	0	1	1
AT3TE53450	0	0	0	1	1
AT3TE53455	0	0	0	1	1
AT3TE53460	0	0	0	1	1
AT3TE53465	0	0	0	1	1
AT3TE53470	0	0	0	1	1
AT3TE53475	0	0	0	1	1
AT3TE53480	0	0	0	1	1
AT3TE53485	0	0	0	1	1
AT3TE53490	0	0	0	1	1
AT3TE53495	0	0	0	1	1
AT3TE53510	400.094519733704	120.138850222495	1.62300850799916	0.18605495282881	1
AT3TE53515	0	0	0	1	1
AT3TE53520	0	0	0	1	1
AT3TE53525	0	0	0	1	1
AT3TE53530	13.2517430834847	7.35377980845341	0.787942987775662	0.999999999999998	1
AT3TE53535	0	0	0	1	1
AT3TE53540	0	0	0	1	1
AT3TE53545	0	0	0	1	1
AT3TE53550	0	0	0	1	1
AT3TE53555	0	0	0	1	1
AT3TE53560	0	0	0	1	1
AT3TE53565	0	0	0	1	1
AT3TE53570	0	0	0	1	1
AT3TE53575	0	0	0	1	1
AT3TE53580	0	0	0	1	1
AT3TE53590	0	0	0	1	1
AT3TE53595	0	0	0	1	1
AT3TE53600	0	0	0	1	1
AT3TE53605	12.2284470193806	18.5327745512637	-0.598292734025668	0.461212407772572	1
AT3TE53610	0	0	0	1	1
AT3TE53615	0	0	0	1	1
AT3TE53620	0	0	0	1	1
AT3TE53630	0	1.01241917849481	-2.34990268715924	0.999999999999999	1
AT3TE53635	0	0	0	1	1
AT3TE53640	0	0	0	1	1
AT3TE53645	0	0	0	1	1
AT3TE53650	0	0	0	1	1
AT3TE53655	0	0	0	1	1
AT3TE53660	0	0	0	1	1
AT3TE53665	0	0	0	1	1
AT3TE53670	0	0	0	1	1
AT3TE53675	0	0	0	1	1
AT3TE53680	0	0	0	1	1
AT3TE53685	0	0	0	1	1
AT3TE53690	0	0	0	1	1
AT3TE53695	0	0	0	1	1
AT3TE53700	0	0	0	1	1
AT3TE53705	0	0	0	1	1
AT3TE53710	0	0	0	1	1
AT3TE53715	0	0	0	1	1
AT3TE53720	0	0	0	1	1
AT3TE53725	0	0	0	1	1
AT3TE53730	0	0	0	1	1
AT3TE53740	0	0	0	1	1
AT3TE53745	0	0	0	1	1
AT3TE53750	0	0	0	1	1
AT3TE53755	0	0	0	1	1
AT3TE53765	0	0	0	1	1
AT3TE53770	0	0	0	1	1
AT3TE53775	0	0	0	1	1
AT3TE53780	0	0	0	1	1
AT3TE53785	0	0	0	1	1
AT3TE53790	0	0	0	1	1
AT3TE53795	0	0	0	1	1
AT3TE53800	0	0	0	1	1
AT3TE53805	0	0	0	1	1
AT3TE53810	0	0	0	1	1
AT3TE53815	0	0	0	1	1
AT3TE53820	0	0	0	1	1
AT3TE53825	0	0	0	1	1
AT3TE53830	0	0	0	1	1
AT3TE53835	0	0	0	1	1
AT3TE53845	0	0	0	1	1
AT3TE53850	0	0	0	1	1
AT3TE53855	0	0	0	1	1
AT3TE53860	0	0	0	1	1
AT3TE53865	0	0	0	1	1
AT3TE53870	0	0	0	1	1
AT3TE53875	0	0	0	1	1
AT3TE53880	0	0	0	1	1
AT3TE53885	0	0	0	1	1
AT3TE53890	0	0	0	1	1
AT3TE53895	0	0	0	1	1
AT3TE53900	0	0	0	1	1
AT3TE53905	0	0	0	1	1
AT3TE53910	0	0	0	1	1
AT3TE53915	0	0	0	1	1
AT3TE53920	0	0	0	1	1
AT3TE53925	0	0	0	1	1
AT3TE53930	0	0	0	1	1
AT3TE53935	0	0	0	1	1
AT3TE53940	0	0	0	1	1
AT3TE53945	0	0	0	1	1
AT3TE53950	0	0	0	1	1
AT3TE53955	0	0	0	1	1
AT3TE53960	0	0	0	1	1
AT3TE53965	0	0	0	1	1
AT3TE53970	0	0	0	1	1
AT3TE53975	0	0	0	1	1
AT3TE53980	0	0	0	1	1
AT3TE53985	0	0	0	1	1
AT3TE53990	0	0	0	1	1
AT3TE53995	0	3.4912702264549	-3.20159066759926	0.501869756682696	1
AT3TE54000	0	0	0	1	1
AT3TE54005	2.2951245553154	4.56834336246986	-0.906101874281979	0.999999999999996	1
AT3TE54010	0	0	0	1	1
AT3TE54015	0	0	0	1	1
AT3TE54020	0	0	0	1	1
AT3TE54025	0	0	0	1	1
AT3TE54030	0	0	0	1	1
AT3TE54035	0	0	0	1	1
AT3TE54040	0	0	0	1	1
AT3TE54045	0	0	0	1	1
AT3TE54060	0	0	0	1	1
AT3TE54065	0	0	0	1	1
AT3TE54070	0	0	0	1	1
AT3TE54080	0	0	0	1	1
AT3TE54085	0	0	0	1	1
AT3TE54090	0	0	0	1	1
AT3TE54095	0	0	0	1	1
AT3TE54100	0	0	0	1	1
AT3TE54105	0	0	0	1	1
AT3TE54110	0	0	0	1	1
AT3TE54115	0	0	0	1	1
AT3TE54120	0	0	0	1	1
AT3TE54125	0	0	0	1	1
AT3TE54130	0	0	0	1	1
AT3TE54135	0	0	0	1	1
AT3TE54140	0	0	0	1	1
AT3TE54145	0	0	0	1	1
AT3TE54150	0	0	0	1	1
AT3TE54155	0	0	0	1	1
AT3TE54160	0	0	0	1	1
AT3TE54165	0	0	0	1	1
AT3TE54170	0	0	0	1	1
AT3TE54175	0	0	0	1	1
AT3TE54180	0	0	0	1	1
AT3TE54185	0	0	0	1	1
AT3TE54210	0	0	0	1	1
AT3TE54215	0	0	0	1	1
AT3TE54220	0	0	0	1	1
AT3TE54225	0	0	0	1	1
AT3TE54230	0	0	0	1	1
AT3TE54235	0	0	0	1	1
AT3TE54240	0	0	0	1	1
AT3TE54245	2.18160218089034	0	2.29417294361065	1	1
AT3TE54250	0	0	0	1	1
AT3TE54255	0	0	0	1	1
AT3TE54260	0	0	0	1	1
AT3TE54265	0	0	0	1	1
AT3TE54270	0	0	0	1	1
AT3TE54275	0	0	0	1	1
AT3TE54280	0	0	0	1	1
AT3TE54285	0	0	0	1	1
AT3TE54290	0	0	0	1	1
AT3TE54295	0	0	0	1	1
AT3TE54300	0	0	0	1	1
AT3TE54310	0	0	0	1	1
AT3TE54315	0	0	0	1	1
AT3TE54320	0	0	0	1	1
AT3TE54325	0	0	0	1	1
AT3TE54330	1.16648172396359	1.27510110379664	-0.0566342453406352	1	1
AT3TE54335	0	0	0	1	1
AT3TE54340	0	0	0	1	1
AT3TE54345	0	0	0	1	1
AT3TE54350	0	0	0	1	1
AT3TE54355	0	0	0	1	1
AT3TE54360	0	0	0	1	1
AT3TE54365	0	0	0	1	1
AT3TE54370	0	0	0	1	1
AT3TE54375	0	0	0	1	1
AT3TE54380	0	0	0	1	1
AT3TE54385	0	0	0	1	1
AT3TE54390	0	0	0	1	1
AT3TE54395	0	0	0	1	1
AT3TE54400	0	0	0	1	1
AT3TE54405	0	0	0	1	1
AT3TE54410	0	0	0	1	1
AT3TE54415	0	0	0	1	1
AT3TE54420	0	0	0	1	1
AT3TE54425	0	0	0	1	1
AT3TE54430	0	0	0	1	1
AT3TE54435	0	0	0	1	1
AT3TE54445	0	0	0	1	1
AT3TE54450	0	0	0	1	1
AT3TE54455	0	0	0	1	1
AT3TE54465	0	0	0	1	1
AT3TE54470	0	0	0	1	1
AT3TE54475	0	0	0	1	1
AT3TE54480	0	0	0	1	1
AT3TE54485	0	0	0	1	1
AT3TE54490	0	0	0	1	1
AT3TE54495	0	0	0	1	1
AT3TE54500	0	0.59425244437599	-2.34990268703954	1	1
AT3TE54505	0	0	0	1	1
AT3TE54510	0	0	0	1	1
AT3TE54520	0	0	0	1	1
AT3TE54525	0	0	0	1	1
AT3TE54530	0	0	0	1	1
AT3TE54535	0	0	0	1	1
AT3TE54540	0	0	0	1	1
AT3TE54550	0	0	0	1	1
AT3TE54555	0	0	0	1	1
AT3TE54560	0	0	0	1	1
AT3TE54565	0	0	0	1	1
AT3TE54570	0	0	0	1	1
AT3TE54575	0	0	0	1	1
AT3TE54580	0	0	0	1	1
AT3TE54590	0	0	0	1	1
AT3TE54595	0	0	0	1	1
AT3TE54605	0	0	0	1	1
AT3TE54610	0	0	0	1	1
AT3TE54615	0	0	0	1	1
AT3TE54625	0	0	0	1	1
AT3TE54630	0	0	0	1	1
AT3TE54635	0	0	0	1	1
AT3TE54640	0	0	0	1	1
AT3TE54645	0	0	0	1	1
AT3TE54650	0	0	0	1	1
AT3TE54655	0	0	0	1	1
AT3TE54660	0	0	0	1	1
AT3TE54665	0	0	0	1	1
AT3TE54670	0	0	0	1	1
AT3TE54675	0	0	0	1	1
AT3TE54680	0	0	0	1	1
AT3TE54685	0	0	0	1	1
AT3TE54690	0	0	0	1	1
AT3TE54695	0	0	0	1	1
AT3TE54700	0	0	0	1	1
AT3TE54705	0	0	0	1	1
AT3TE54710	0	0	0	1	1
AT3TE54715	0	0	0	1	1
AT3TE54720	0	0	0	1	1
AT3TE54725	0	0	0	1	1
AT3TE54730	0	0	0	1	1
AT3TE54735	0	0	0	1	1
AT3TE54740	0	0	0	1	1
AT3TE54745	0	0	0	1	1
AT3TE54750	0	0	0	1	1
AT3TE54755	0	0	0	1	1
AT3TE54760	0	0	0	1	1
AT3TE54765	0	0	0	1	1
AT3TE54770	0	0	0	1	1
AT3TE54775	0	0	0	1	1
AT3TE54780	0	0	0	1	1
AT3TE54785	0	0	0	1	1
AT3TE54790	0	0	0	1	1
AT3TE54795	0	0	0	1	1
AT3TE54800	0	0	0	1	1
AT3TE54810	0	0	0	1	1
AT3TE54815	0	0	0	1	1
AT3TE54820	0	0	0	1	1
AT3TE54825	0	0	0	1	1
AT3TE54840	0	0	0	1	1
AT3TE54845	0	0	0	1	1
AT3TE54850	0	0	0	1	1
AT3TE54855	0	0	0	1	1
AT3TE54860	0	0	0	1	1
AT3TE54865	0	0	0	1	1
AT3TE54870	0	0	0	1	1
AT3TE54875	0	0	0	1	1
AT3TE54880	0	0	0	1	1
AT3TE54885	0	0	0	1	1
AT3TE54890	0	0	0	1	1
AT3TE54895	0	0	0	1	1
AT3TE54900	0	0	0	1	1
AT3TE54905	0	0	0	1	1
AT3TE54910	0	0	0	1	1
AT3TE54920	0	0	0	1	1
AT3TE54925	0	0	0	1	1
AT3TE54930	0	0	0	1	1
AT3TE54935	0	0	0	1	1
AT3TE54940	0	0	0	1	1
AT3TE54945	0	0	0	1	1
AT3TE54950	0	0	0	1	1
AT3TE54955	0	0	0	1	1
AT3TE54960	0	0	0	1	1
AT3TE54965	0	0	0	1	1
AT3TE54970	0	0	0	1	1
AT3TE54975	0	0	0	1	1
AT3TE54980	0	0	0	1	1
AT3TE54985	0	0	0	1	1
AT3TE54990	0	0	0	1	1
AT3TE54995	0	0	0	1	1
AT3TE55000	0	0	0	1	1
AT3TE55005	0	0	0	1	1
AT3TE55010	0	0	0	1	1
AT3TE55015	0	0	0	1	1
AT3TE55020	0	0	0	1	1
AT3TE55025	0	0	0	1	1
AT3TE55030	0	0	0	1	1
AT3TE55035	0	0	0	1	1
AT3TE55040	0	0	0	1	1
AT3TE55045	0	0	0	1	1
AT3TE55050	0	0	0	1	1
AT3TE55055	234.111397528103	282.007831235253	-0.260542707779909	0.573375568245651	1
AT3TE55060	335.249077917442	373.703053298578	-0.148176380714111	0.636837285075007	1
AT3TE55065	1288.56941233848	161.214432870318	2.66098586184993	0.0421299244292235	1
AT3TE55070	102827.513724613	103258.080287849	-0.0059093849914733	0.922651071986866	1
AT3TE55075	0	0	0	1	1
AT3TE55080	0	0	0	1	1
AT3TE55085	0	0	0	1	1
AT3TE55090	0	0	0	1	1
AT3TE55095	0	0	0	1	1
AT3TE55100	0	0	0	1	1
AT3TE55130	0	0	0	1	1
AT3TE55135	0	0	0	1	1
AT3TE55140	0	0	0	1	1
AT3TE55145	0	0	0	1	1
AT3TE55150	0	0	0	1	1
AT3TE55155	0	0	0	1	1
AT3TE55160	0	0	0	1	1
AT3TE55165	0	0	0	1	1
AT3TE55170	0	0	0	1	1
AT3TE55175	0	0	0	1	1
AT3TE55180	0	0	0	1	1
AT3TE55185	0	0	0	1	1
AT3TE55190	0	0	0	1	1
AT3TE55195	0	0	0	1	1
AT3TE55200	0	0	0	1	1
AT3TE55205	0	0	0	1	1
AT3TE55210	0	0	0	1	1
AT3TE55215	0	0	0	1	1
AT3TE55220	0	0	0	1	1
AT3TE55225	0	0	0	1	1
AT3TE55230	0	0	0	1	1
AT3TE55235	0	0	0	1	1
AT3TE55240	0	0	0	1	1
AT3TE55245	0	0	0	1	1
AT3TE55250	0	0	0	1	1
AT3TE55255	0	0	0	1	1
AT3TE55270	0	0	0	1	1
AT3TE55275	0	0	0	1	1
AT3TE55280	0	0	0	1	1
AT3TE55285	0	0	0	1	1
AT3TE55290	0	0	0	1	1
AT3TE55295	0	0	0	1	1
AT3TE55300	0	0	0	1	1
AT3TE55305	0	0	0	1	1
AT3TE55310	0	0	0	1	1
AT3TE55315	0	0	0	1	1
AT3TE55320	0	0	0	1	1
AT3TE55325	0	0	0	1	1
AT3TE55330	0	0	0	1	1
AT3TE55335	0	0	0	1	1
AT3TE55340	0	0	0	1	1
AT3TE55345	0	0	0	1	1
AT3TE55350	0	0	0	1	1
AT3TE55355	0	0	0	1	1
AT3TE55360	0	0	0	1	1
AT3TE55365	0	1.51300282762956	-2.34990268691984	1	1
AT3TE55370	0	0	0	1	1
AT3TE55375	0.987411622931648	0	2.2943477809096	0.999999999999997	1
AT3TE55380	0	0	0	1	1
AT3TE55385	0	0	0	1	1
AT3TE55395	0	0	0	1	1
AT3TE55405	0	0	0	1	1
AT3TE55410	0	0	0	1	1
AT3TE55415	0	0	0	1	1
AT3TE55420	0	0	0	1	1
AT3TE55425	0	0	0	1	1
AT3TE55430	0	0	0	1	1
AT3TE55440	0	0	0	1	1
AT3TE55445	0	0	0	1	1
AT3TE55450	0	0	0	1	1
AT3TE55455	0	0	0	1	1
AT3TE55460	0	0	0	1	1
AT3TE55470	0	0	0	1	1
AT3TE55475	0	0	0	1	1
AT3TE55480	0	0	0	1	1
AT3TE55485	0	0	0	1	1
AT3TE55490	0	0	0	1	1
AT3TE55495	0	0	0	1	1
AT3TE55500	0	0	0	1	1
AT3TE55505	0	0	0	1	1
AT3TE55510	0	0	0	1	1
AT3TE55515	0	0	0	1	1
AT3TE55520	0	0	0	1	1
AT3TE55525	0	0	0	1	1
AT3TE55530	0	0	0	1	1
AT3TE55535	0	0	0	1	1
AT3TE55540	0	0	0	1	1
AT3TE55545	0	0	0	1	1
AT3TE55550	0	0	0	1	1
AT3TE55555	0	0	0	1	1
AT3TE55560	0	0	0	1	1
AT3TE55565	0	0	0	1	1
AT3TE55570	0	0	0	1	1
AT3TE55575	0	0	0	1	1
AT3TE55580	0	0	0	1	1
AT3TE55585	0	0	0	1	1
AT3TE55590	0	0	0	1	1
AT3TE55595	0	0	0	1	1
AT3TE55600	0	0	0	1	1
AT3TE55605	0	0	0	1	1
AT3TE55610	0	0	0	1	1
AT3TE55615	0	0	0	1	1
AT3TE55620	0	0	0	1	1
AT3TE55625	0	0	0	1	1
AT3TE55630	0	0	0	1	1
AT3TE55635	0	0	0	1	1
AT3TE55640	0	0	0	1	1
AT3TE55645	0	0	0	1	1
AT3TE55650	0	0	0	1	1
AT3TE55655	0	0	0	1	1
AT3TE55660	0	0	0	1	1
AT3TE55665	0	0	0	1	1
AT3TE55670	0	0	0	1	1
AT3TE55675	0	0	0	1	1
AT3TE55680	0	0	0	1	1
AT3TE55685	0	0	0	1	1
AT3TE55690	0	0	0	1	1
AT3TE55695	0	0	0	1	1
AT3TE55700	0	0	0	1	1
AT3TE55705	0	0	0	1	1
AT3TE55710	0	0	0	1	1
AT3TE55715	0	0	0	1	1
AT3TE55720	0	0	0	1	1
AT3TE55725	0	0	0	1	1
AT3TE55730	0	0	0	1	1
AT3TE55735	0	0	0	1	1
AT3TE55740	0	0	0	1	1
AT3TE55745	0	0	0	1	1
AT3TE55750	0	0	0	1	1
AT3TE55755	0	0	0	1	1
AT3TE55760	0	0	0	1	1
AT3TE55765	0	0	0	1	1
AT3TE55770	0	0	0	1	1
AT3TE55775	0	0	0	1	1
AT3TE55780	0	0	0	1	1
AT3TE55785	0	0	0	1	1
AT3TE55790	0	0	0	1	1
AT3TE55795	0	0	0	1	1
AT3TE55800	0	0	0	1	1
AT3TE55805	0	0	0	1	1
AT3TE55810	0	0	0	1	1
AT3TE55815	0	0	0	1	1
AT3TE55820	0	0	0	1	1
AT3TE55825	0	0	0	1	1
AT3TE55830	0	0	0	1	1
AT3TE55835	0	0	0	1	1
AT3TE55840	0	0	0	1	1
AT3TE55845	0	0	0	1	1
AT3TE55850	0	0	0	1	1
AT3TE55855	0	0	0	1	1
AT3TE55860	0	0	0	1	1
AT3TE55865	0	0	0	1	1
AT3TE55870	0	0	0	1	1
AT3TE55875	0	0	0	1	1
AT3TE55880	0	0	0	1	1
AT3TE55885	0	0	0	1	1
AT3TE55890	0	0	0	1	1
AT3TE55895	0	0	0	1	1
AT3TE55900	0	0	0	1	1
AT3TE55905	0	0	0	1	1
AT3TE55910	0	0	0	1	1
AT3TE55915	0	0	0	1	1
AT3TE55920	0	0	0	1	1
AT3TE55925	0	0	0	1	1
AT3TE55930	0	0	0	1	1
AT3TE55935	0	0	0	1	1
AT3TE55940	0	0	0	1	1
AT3TE55945	0	0	0	1	1
AT3TE55950	0	0	0	1	1
AT3TE55955	0	0	0	1	1
AT3TE55960	0	0	0	1	1
AT3TE55965	0	0	0	1	1
AT3TE55970	0	0	0	1	1
AT3TE55975	0	0	0	1	1
AT3TE55980	0	0	0	1	1
AT3TE55985	0	0	0	1	1
AT3TE55990	0	0	0	1	1
AT3TE55995	0	0	0	1	1
AT3TE56000	0	0	0	1	1
AT3TE56005	0	0	0	1	1
AT3TE56010	0	0	0	1	1
AT3TE56015	0	0	0	1	1
AT3TE56020	0	0	0	1	1
AT3TE56025	0	0	0	1	1
AT3TE56030	0	0	0	1	1
AT3TE56035	0	0	0	1	1
AT3TE56040	0	0	0	1	1
AT3TE56045	0	0	0	1	1
AT3TE56055	0	0	0	1	1
AT3TE56060	0	0	0	1	1
AT3TE56065	0	0	0	1	1
AT3TE56070	0	0	0	1	1
AT3TE56075	0	0	0	1	1
AT3TE56080	0	0	0	1	1
AT3TE56085	0	0	0	1	1
AT3TE56090	0	0	0	1	1
AT3TE56095	0	0	0	1	1
AT3TE56100	0	0	0	1	1
AT3TE56105	0	0	0	1	1
AT3TE56130	0	0	0	1	1
AT3TE56135	0	0	0	1	1
AT3TE56140	0	0	0	1	1
AT3TE56145	0	0	0	1	1
AT3TE56150	0	0	0	1	1
AT3TE56155	0	0	0	1	1
AT3TE56160	0	0	0	1	1
AT3TE56165	0	0	0	1	1
AT3TE56170	0	0	0	1	1
AT3TE56175	0	0	0	1	1
AT3TE56180	0	0	0	1	1
AT3TE56185	0	0	0	1	1
AT3TE56190	0	0	0	1	1
AT3TE56195	0	0	0	1	1
AT3TE56200	0	0	0	1	1
AT3TE56205	0	0	0	1	1
AT3TE56210	0	0	0	1	1
AT3TE56215	0	0	0	1	1
AT3TE56220	0	0	0	1	1
AT3TE56225	0	0	0	1	1
AT3TE56230	0	0	0	1	1
AT3TE56235	0	0	0	1	1
AT3TE56240	0	0	0	1	1
AT3TE56245	0	0	0	1	1
AT3TE56250	0	0	0	1	1
AT3TE56255	0	0	0	1	1
AT3TE56260	0	0	0	1	1
AT3TE56265	0	0	0	1	1
AT3TE56270	0	0	0	1	1
AT3TE56275	0	0	0	1	1
AT3TE56280	0	0	0	1	1
AT3TE56285	0	0	0	1	1
AT3TE56290	0	0	0	1	1
AT3TE56295	0	0	0	1	1
AT3TE56300	0	0	0	1	1
AT3TE56305	0	0	0	1	1
AT3TE56310	0	0	0	1	1
AT3TE56315	0	0	0	1	1
AT3TE56320	0	0	0	1	1
AT3TE56325	0	0	0	1	1
AT3TE56330	0	0	0	1	1
AT3TE56335	0	0	0	1	1
AT3TE56340	0	0	0	1	1
AT3TE56345	0	0	0	1	1
AT3TE56350	0	0	0	1	1
AT3TE56355	0	0	0	1	1
AT3TE56360	0	0	0	1	1
AT3TE56365	0	0	0	1	1
AT3TE56370	0	0	0	1	1
AT3TE56375	0	0	0	1	1
AT3TE56380	0	0	0	1	1
AT3TE56385	0	0	0	1	1
AT3TE56390	0	0	0	1	1
AT3TE56395	0	0	0	1	1
AT3TE56400	0	0	0	1	1
AT3TE56405	0	0	0	1	1
AT3TE56410	0	0	0	1	1
AT3TE56415	0	0	0	1	1
AT3TE56420	0	0	0	1	1
AT3TE56425	0	0	0	1	1
AT3TE56430	0	0	0	1	1
AT3TE56435	0	0	0	1	1
AT3TE56440	0	0	0	1	1
AT3TE56445	0	0	0	1	1
AT3TE56450	0	0	0	1	1
AT3TE56455	0	0	0	1	1
AT3TE56460	0	0	0	1	1
AT3TE56465	0	0	0	1	1
AT3TE56470	0	0	0	1	1
AT3TE56475	0	0	0	1	1
AT3TE56480	0	0	0	1	1
AT3TE56485	0	0	0	1	1
AT3TE56490	0	0	0	1	1
AT3TE56495	0	0	0	1	1
AT3TE56500	0	0	0	1	1
AT3TE56505	0	0	0	1	1
AT3TE56510	0	0	0	1	1
AT3TE56515	0	0	0	1	1
AT3TE56520	0	0	0	1	1
AT3TE56525	0	0	0	1	1
AT3TE56530	0	0	0	1	1
AT3TE56535	0	0	0	1	1
AT3TE56540	0	0	0	1	1
AT3TE56545	0	0	0	1	1
AT3TE56550	0	0	0	1	1
AT3TE56555	0	0	0	1	1
AT3TE56560	0	0	0	1	1
AT3TE56565	0	0	0	1	1
AT3TE56570	0	0	0	1	1
AT3TE56575	0	0	0	1	1
AT3TE56580	0	0	0	1	1
AT3TE56585	0	0	0	1	1
AT3TE56590	0	0	0	1	1
AT3TE56595	0	0	0	1	1
AT3TE56600	0	0	0	1	1
AT3TE56605	0	0	0	1	1
AT3TE56610	0	0	0	1	1
AT3TE56615	0	0	0	1	1
AT3TE56620	0	0	0	1	1
AT3TE56625	0	0	0	1	1
AT3TE56630	0	0	0	1	1
AT3TE56635	0	0	0	1	1
AT3TE56640	0	0	0	1	1
AT3TE56645	0	0	0	1	1
AT3TE56650	0	0	0	1	1
AT3TE56655	0	0	0	1	1
AT3TE56660	0	0	0	1	1
AT3TE56665	0	0	0	1	1
AT3TE56670	0	0	0	1	1
AT3TE56675	0	0	0	1	1
AT3TE56680	0	0	0	1	1
AT3TE56685	0	0	0	1	1
AT3TE56690	0	0	0	1	1
AT3TE56695	0	0	0	1	1
AT3TE56700	0	0	0	1	1
AT3TE56705	0	0	0	1	1
AT3TE56710	0	0	0	1	1
AT3TE56715	0	0	0	1	1
AT3TE56720	0	0	0	1	1
AT3TE56725	0	0	0	1	1
AT3TE56730	0	0	0	1	1
AT3TE56735	0	0	0	1	1
AT3TE56740	0	0	0	1	1
AT3TE56745	0	0	0	1	1
AT3TE56750	0	0	0	1	1
AT3TE56755	0	0	0	1	1
AT3TE56760	0	0	0	1	1
AT3TE56765	0	0	0	1	1
AT3TE56770	0	0	0	1	1
AT3TE56775	0	0	0	1	1
AT3TE56780	0	0	0	1	1
AT3TE56785	0	0	0	1	1
AT3TE56790	0	0	0	1	1
AT3TE56795	0	0	0	1	1
AT3TE56800	0	0	0	1	1
AT3TE56805	0	0	0	1	1
AT3TE56810	0	0	0	1	1
AT3TE56815	0	0	0	1	1
AT3TE56820	0	0	0	1	1
AT3TE56825	0	0	0	1	1
AT3TE56830	0	0	0	1	1
AT3TE56835	0	0	0	1	1
AT3TE56840	0	0	0	1	1
AT3TE56845	0	0	0	1	1
AT3TE56850	0	0	0	1	1
AT3TE56855	0	0	0	1	1
AT3TE56860	0	0	0	1	1
AT3TE56865	0	0	0	1	1
AT3TE56870	0	0	0	1	1
AT3TE56875	0	0	0	1	1
AT3TE56880	0	0	0	1	1
AT3TE56885	0	0	0	1	1
AT3TE56890	0	0	0	1	1
AT3TE56895	0	0	0	1	1
AT3TE56900	0	0	0	1	1
AT3TE56905	0	0	0	1	1
AT3TE56910	0	0	0	1	1
AT3TE56915	0	0	0	1	1
AT3TE56920	0	0	0	1	1
AT3TE56925	0	0	0	1	1
AT3TE56930	0	0	0	1	1
AT3TE56935	0	0	0	1	1
AT3TE56940	0	0	0	1	1
AT3TE56945	0	0	0	1	1
AT3TE56950	0	0	0	1	1
AT3TE56955	0	0	0	1	1
AT3TE56960	0	0	0	1	1
AT3TE56965	0	0	0	1	1
AT3TE56970	0	0	0	1	1
AT3TE56975	0	0	0	1	1
AT3TE56980	0	0	0	1	1
AT3TE56985	0	0	0	1	1
AT3TE56990	0	0	0	1	1
AT3TE56995	0	0	0	1	1
AT3TE57000	0	0	0	1	1
AT3TE57005	0	0	0	1	1
AT3TE57010	0	0	0	1	1
AT3TE57015	0	0	0	1	1
AT3TE57020	0	0	0	1	1
AT3TE57025	0	0	0	1	1
AT3TE57030	0	0	0	1	1
AT3TE57035	0	0	0	1	1
AT3TE57040	0	0	0	1	1
AT3TE57045	0	0	0	1	1
AT3TE57050	0	0	0	1	1
AT3TE57055	0	0	0	1	1
AT3TE57060	0	0	0	1	1
AT3TE57065	0	0	0	1	1
AT3TE57070	0	0	0	1	1
AT3TE57075	0	0	0	1	1
AT3TE57080	0	0	0	1	1
AT3TE57085	0	0	0	1	1
AT3TE57090	0	0	0	1	1
AT3TE57095	0	0	0	1	1
AT3TE57100	0	0	0	1	1
AT3TE57105	0	0	0	1	1
AT3TE57110	0	0	0	1	1
AT3TE57115	0	0	0	1	1
AT3TE57120	0	0	0	1	1
AT3TE57125	0	0	0	1	1
AT3TE57130	0	0	0	1	1
AT3TE57135	0	0	0	1	1
AT3TE57140	0	0	0	1	1
AT3TE57145	0	0	0	1	1
AT3TE57150	0	0	0	1	1
AT3TE57155	0	0	0	1	1
AT3TE57160	0	0	0	1	1
AT3TE57165	0	0	0	1	1
AT3TE57170	0	0	0	1	1
AT3TE57175	0	0	0	1	1
AT3TE57180	0	0	0	1	1
AT3TE57185	0	0	0	1	1
AT3TE57190	0	0	0	1	1
AT3TE57195	0	0	0	1	1
AT3TE57200	0	0	0	1	1
AT3TE57205	0	0	0	1	1
AT3TE57210	0	0	0	1	1
AT3TE57215	0	0	0	1	1
AT3TE57220	0	0	0	1	1
AT3TE57225	0	0	0	1	1
AT3TE57230	0	0	0	1	1
AT3TE57235	0	0	0	1	1
AT3TE57240	0	0	0	1	1
AT3TE57245	0	0	0	1	1
AT3TE57250	0	0	0	1	1
AT3TE57255	0	0	0	1	1
AT3TE57260	0	0	0	1	1
AT3TE57265	0	0	0	1	1
AT3TE57270	0	0	0	1	1
AT3TE57275	0	0	0	1	1
AT3TE57280	0	0	0	1	1
AT3TE57285	0	0	0	1	1
AT3TE57295	0	0	0	1	1
AT3TE57300	0	0	0	1	1
AT3TE57305	0	0	0	1	1
AT3TE57310	0	0	0	1	1
AT3TE57315	0	0	0	1	1
AT3TE57320	0	0	0	1	1
AT3TE57325	0	0	0	1	1
AT3TE57330	0	0	0	1	1
AT3TE57335	0	0	0	1	1
AT3TE57340	0	0	0	1	1
AT3TE57345	0	0	0	1	1
AT3TE57350	0	0	0	1	1
AT3TE57355	0	0	0	1	1
AT3TE57360	0	0	0	1	1
AT3TE57365	0	0	0	1	1
AT3TE57370	0	0	0	1	1
AT3TE57375	0	0	0	1	1
AT3TE57380	0	0	0	1	1
AT3TE57385	0	0	0	1	1
AT3TE57390	0	0	0	1	1
AT3TE57395	0.705989684293599	0.771729386940575	-0.0566342452146509	1	1
AT3TE57400	0	0	0	1	1
AT3TE57405	0	0	0	1	1
AT3TE57410	23.5901652167092	0	2.29417294359884	1	1
AT3TE57415	0	0	0	1	1
AT3TE57420	0	0	0	1	1
AT3TE57425	0	0	0	1	1
AT3TE57430	0	0	0	1	1
AT3TE57435	0	0	0	1	1
AT3TE57440	0	0	0	1	1
AT3TE57445	0	0.744639412795925	-2.34990268680014	1	1
AT3TE57450	0	0	0	1	1
AT3TE57455	0	0	0	1	1
AT3TE57460	0	0	0	1	1
AT3TE57465	0	0	0	1	1
AT3TE57470	0	0	0	1	1
AT3TE57475	0	0	0	1	1
AT3TE57480	0	0	0	1	1
AT3TE57485	0	0	0	1	1
AT3TE57490	0	0	0	1	1
AT3TE57495	0	0	0	1	1
AT3TE57500	0	0	0	1	1
AT3TE57505	0	0	0	1	1
AT3TE57510	0	0	0	1	1
AT3TE57515	0	0	0	1	1
AT3TE57520	0	0	0	1	1
AT3TE57525	0	0	0	1	1
AT3TE57530	0	0	0	1	1
AT3TE57535	0	0	0	1	1
AT3TE57540	0	0	0	1	1
AT3TE57545	0	0	0	1	1
AT3TE57550	0	0	0	1	1
AT3TE57555	0	0	0	1	1
AT3TE57560	0	0	0	1	1
AT3TE57565	0	0	0	1	1
AT3TE57570	0	0	0	1	1
AT3TE57575	0	0	0	1	1
AT3TE57585	0	0	0	1	1
AT3TE57590	0	0	0	1	1
AT3TE57595	0	0	0	1	1
AT3TE57600	0	0	0	1	1
AT3TE57605	0	0	0	1	1
AT3TE57640	0	0	0	1	1
AT3TE57645	0	0	0	1	1
AT3TE57650	0	0	0	1	1
AT3TE57655	0	0	0	1	1
AT3TE57660	0	0	0	1	1
AT3TE57665	0	0	0	1	1
AT3TE57670	0	0	0	1	1
AT3TE57675	0	0	0	1	1
AT3TE57680	0	0	0	1	1
AT3TE57685	0	0	0	1	1
AT3TE57690	0	0	0	1	1
AT3TE57695	0	0	0	1	1
AT3TE57700	0	0	0	1	1
AT3TE57705	0	0	0	1	1
AT3TE57710	0	0	0	1	1
AT3TE57715	40.7146302421924	28.6299709884342	0.466804341754929	1	1
AT3TE57720	0	0	0	1	1
AT3TE57770	0	7.91492047683731	-3.20045138812677	0.502151152348602	1
AT3TE57775	0	0	0	1	1
AT3TE57780	0.430801709706122	0	2.29417294358702	1	1
AT3TE57785	0	0	0	1	1
AT3TE57830	0	0	0	1	1
AT3TE57835	0	0	0	1	1
AT3TE57840	0	0	0	1	1
AT3TE57845	0	0	0	1	1
AT3TE57850	0	0	0	1	1
AT3TE57855	0	0	0	1	1
AT3TE57860	0	0	0	1	1
AT3TE57865	0	0	0	1	1
AT3TE57870	0	0	0	1	1
AT3TE57875	0	0	0	1	1
AT3TE57885	0	1.67244019903688	-2.34990268668044	0.999999999999998	1
AT3TE57890	0	0	0	1	1
AT3TE57900	0	0	0	1	1
AT3TE57905	0	0	0	1	1
AT3TE57910	0	0	0	1	1
AT3TE57915	0	0	0	1	1
AT3TE57920	0	0	0	1	1
AT3TE57925	0	0	0	1	1
AT3TE57930	0	0	0	1	1
AT3TE57935	0	1.30985176654368	-2.35098261429338	0.999999999999997	1
AT3TE57940	0	0	0	1	1
AT3TE57945	0	0	0	1	1
AT3TE57950	0	0	0	1	1
AT3TE57955	0	0	0	1	1
AT3TE57960	0	0	0	1	1
AT3TE57965	0	0	0	1	1
AT3TE57970	0	0	0	1	1
AT3TE57975	0	0	0	1	1
AT3TE57980	0	0	0	1	1
AT3TE57985	0	0	0	1	1
AT3TE57990	0	0	0	1	1
AT3TE57995	0	0	0	1	1
AT3TE58000	0	0	0	1	1
AT3TE58005	0	0	0	1	1
AT3TE58010	0	0	0	1	1
AT3TE58015	0	0	0	1	1
AT3TE58020	0	0	0	1	1
AT3TE58025	0	0	0	1	1
AT3TE58030	0	0	0	1	1
AT3TE58035	0	0	0	1	1
AT3TE58040	0	0	0	1	1
AT3TE58045	0	0	0	1	1
AT3TE58050	0	0	0	1	1
AT3TE58055	0	0	0	1	1
AT3TE58060	0	0	0	1	1
AT3TE58065	0	0	0	1	1
AT3TE58070	0	0	0	1	1
AT3TE58075	0	0	0	1	1
AT3TE58080	0	0	0	1	1
AT3TE58085	0	0	0	1	1
AT3TE58090	0	0	0	1	1
AT3TE58095	0	0	0	1	1
AT3TE58100	0	0	0	1	1
AT3TE58105	0	0	0	1	1
AT3TE58110	0	0	0	1	1
AT3TE58115	0	0	0	1	1
AT3TE58120	0	0	0	1	1
AT3TE58125	0	0	0	1	1
AT3TE58130	0	0	0	1	1
AT3TE58135	0	0	0	1	1
AT3TE58140	0	0	0	1	1
AT3TE58145	0	0	0	1	1
AT3TE58150	0	0	0	1	1
AT3TE58155	0	0	0	1	1
AT3TE58160	0	0	0	1	1
AT3TE58165	0	0	0	1	1
AT3TE58170	0	0	0	1	1
AT3TE58175	0	0	0	1	1
AT3TE58180	0	0	0	1	1
AT3TE58185	0	0	0	1	1
AT3TE58190	0	0	0	1	1
AT3TE58195	0	0	0	1	1
AT3TE58200	0	0	0	1	1
AT3TE58205	0	0	0	1	1
AT3TE58210	0	0	0	1	1
AT3TE58215	0	0	0	1	1
AT3TE58220	0	0	0	1	1
AT3TE58225	0	0	0	1	1
AT3TE58230	0	0	0	1	1
AT3TE58235	0	0	0	1	1
AT3TE58240	0	0	0	1	1
AT3TE58245	0	0	0	1	1
AT3TE58250	0	0	0	1	1
AT3TE58255	0	0	0	1	1
AT3TE58310	0	0	0	1	1
AT3TE58315	0	0	0	1	1
AT3TE58320	0	0	0	1	1
AT3TE58325	0	0	0	1	1
AT3TE58330	0	0	0	1	1
AT3TE58335	0	0	0	1	1
AT3TE58340	0	0	0	1	1
AT3TE58345	0	0	0	1	1
AT3TE58350	0	0	0	1	1
AT3TE58355	0	0	0	1	1
AT3TE58360	0	0	0	1	1
AT3TE58365	0	0	0	1	1
AT3TE58370	0	0	0	1	1
AT3TE58375	0	0	0	1	1
AT3TE58380	0	0	0	1	1
AT3TE58385	0	0	0	1	1
AT3TE58390	0	0	0	1	1
AT3TE58395	0	0	0	1	1
AT3TE58400	0	0	0	1	1
AT3TE58405	0	0	0	1	1
AT3TE58410	0	0	0	1	1
AT3TE58415	0	0	0	1	1
AT3TE58420	0	0	0	1	1
AT3TE58425	0	0	0	1	1
AT3TE58430	0	0	0	1	1
AT3TE58435	0	0	0	1	1
AT3TE58440	0	0	0	1	1
AT3TE58445	0	0	0	1	1
AT3TE58450	0	0	0	1	1
AT3TE58455	0	0	0	1	1
AT3TE58460	0	0	0	1	1
AT3TE58465	0	0	0	1	1
AT3TE58470	0	0	0	1	1
AT3TE58475	0	0	0	1	1
AT3TE58480	0	0	0	1	1
AT3TE58485	0	0	0	1	1
AT3TE58490	0	0	0	1	1
AT3TE58495	0	0	0	1	1
AT3TE58500	0	0	0	1	1
AT3TE58505	0	0	0	1	1
AT3TE58530	0	0	0	1	1
AT3TE58535	0	0	0	1	1
AT3TE58540	0	0	0	1	1
AT3TE58545	0	0	0	1	1
AT3TE58550	0	0	0	1	1
AT3TE58555	0	0	0	1	1
AT3TE58560	0	0	0	1	1
AT3TE58565	0	0	0	1	1
AT3TE58570	0	0	0	1	1
AT3TE58575	0	0	0	1	1
AT3TE58580	0	0	0	1	1
AT3TE58585	0	0	0	1	1
AT3TE58590	0	0	0	1	1
AT3TE58595	0	0	0	1	1
AT3TE58600	0	0	0	1	1
AT3TE58605	0	0	0	1	1
AT3TE58610	0	0	0	1	1
AT3TE58615	0	0	0	1	1
AT3TE58620	0	0	0	1	1
AT3TE58625	0	0	0	1	1
AT3TE58630	0	0	0	1	1
AT3TE58635	0	0	0	1	1
AT3TE58640	0	0	0	1	1
AT3TE58645	0	0	0	1	1
AT3TE58650	0	0	0	1	1
AT3TE58655	0	0	0	1	1
AT3TE58660	0	0	0	1	1
AT3TE58665	0	0	0	1	1
AT3TE58670	0	0	0	1	1
AT3TE58675	0	0	0	1	1
AT3TE58680	0	0	0	1	1
AT3TE58685	0	0	0	1	1
AT3TE58690	0	0	0	1	1
AT3TE58695	0	0	0	1	1
AT3TE58700	0	0	0	1	1
AT3TE58705	0	0	0	1	1
AT3TE58710	0	0	0	1	1
AT3TE58715	0	0	0	1	1
AT3TE58720	0	0	0	1	1
AT3TE58725	0	7.41664461146741	-2.34990268656074	1	1
AT3TE58730	0	0	0	1	1
AT3TE58735	0	0	0	1	1
AT3TE58740	0	0	0	1	1
AT3TE58745	0	0	0	1	1
AT3TE58750	0	0	0	1	1
AT3TE58755	0	0	0	1	1
AT3TE58760	0	0	0	1	1
AT3TE58765	0	0	0	1	1
AT3TE58770	0	0	0	1	1
AT3TE58775	0	0	0	1	1
AT3TE58780	0	0	0	1	1
AT3TE58785	0	0	0	1	1
AT3TE58800	0	0	0	1	1
AT3TE58810	0	0	0	1	1
AT3TE58815	8.16382500975582	0	2.29434778091608	1	1
AT3TE58820	0	0	0	1	1
AT3TE58825	0	0	0	1	1
AT3TE58830	0	0	0	1	1
AT3TE58835	0	0	0	1	1
AT3TE58840	0	0	0	1	1
AT3TE58845	0	0	0	1	1
AT3TE58855	6340.86347434669	5981.82442029356	0.0789246380561521	0.798134516150001	1
AT3TE58860	65.5277023941821	60.1490166493848	0.118513894681803	1	1
AT3TE58865	0	0	0	1	1
AT3TE58870	173.147567626768	117.529938761447	0.547778687294372	0.36234888227161	1
AT3TE58875	0	0	0	1	1
AT3TE58880	0	0	0	1	1
AT3TE58885	0	0	0	1	1
AT3TE58890	0	0	0	1	1
AT3TE58895	0	0	0	1	1
AT3TE58900	0	0	0	1	1
AT3TE58905	0	0	0	1	1
AT3TE58910	0	0	0	1	1
AT3TE58915	0	0	0	1	1
AT3TE58920	0	0	0	1	1
AT3TE58925	0	0	0	1	1
AT3TE58930	0	0	0	1	1
AT3TE58935	0	0	0	1	1
AT3TE58940	0	0	0	1	1
AT3TE58945	0	0	0	1	1
AT3TE58950	0	0	0	1	1
AT3TE58955	0	0	0	1	1
AT3TE58960	0	0	0	1	1
AT3TE58965	0	0	0	1	1
AT3TE58970	0	0	0	1	1
AT3TE58975	0	0	0	1	1
AT3TE58980	0	0	0	1	1
AT3TE58990	0	0	0	1	1
AT3TE58995	0	0	0	1	1
AT3TE59000	0	0	0	1	1
AT3TE59005	0	0	0	1	1
AT3TE59010	0	0	0	1	1
AT3TE59015	0	0	0	1	1
AT3TE59020	0	0	0	1	1
AT3TE59025	0	0	0	1	1
AT3TE59030	0	0	0	1	1
AT3TE59035	0	0	0	1	1
AT3TE59040	0	0	0	1	1
AT3TE59045	0	0	0	1	1
AT3TE59050	0	0	0	1	1
AT3TE59055	0	0	0	1	1
AT3TE59060	0	0	0	1	1
AT3TE59065	0	0	0	1	1
AT3TE59070	0	0	0	1	1
AT3TE59075	0	0	0	1	1
AT3TE59080	0	0	0	1	1
AT3TE59085	0	0	0	1	1
AT3TE59090	0	0	0	1	1
AT3TE59095	0	0	0	1	1
AT3TE59100	0	0	0	1	1
AT3TE59105	0	0	0	1	1
AT3TE59130	0	0	0	1	1
AT3TE59135	0	0	0	1	1
AT3TE59140	0	0	0	1	1
AT3TE59145	0	0	0	1	1
AT3TE59150	0	0	0	1	1
AT3TE59155	0	0	0	1	1
AT3TE59160	0	0	0	1	1
AT3TE59170	0	0	0	1	1
AT3TE59175	0	0	0	1	1
AT3TE59180	0	0	0	1	1
AT3TE59185	0	0	0	1	1
AT3TE59190	0	0	0	1	1
AT3TE59195	0	0	0	1	1
AT3TE59200	0	0	0	1	1
AT3TE59205	0	0	0	1	1
AT3TE59210	0	0	0	1	1
AT3TE59215	0	0	0	1	1
AT3TE59220	0	0	0	1	1
AT3TE59225	0	0	0	1	1
AT3TE59230	0	0	0	1	1
AT3TE59235	0	0	0	1	1
AT3TE59240	0	0	0	1	1
AT3TE59245	0	0	0	1	1
AT3TE59250	0	0	0	1	1
AT3TE59255	0	0	0	1	1
AT3TE59260	5.89609584037921	0	2.29434778092256	0.999999999999994	1
AT3TE59265	0	0	0	1	1
AT3TE59270	0	0	0	1	1
AT3TE59275	0	0	0	1	1
AT3TE59280	0	0	0	1	1
AT3TE59285	0	0	0	1	1
AT3TE59290	0	0	0	1	1
AT3TE59295	0	0	0	1	1
AT3TE59300	0	0	0	1	1
AT3TE59305	0	0	0	1	1
AT3TE59310	0	0	0	1	1
AT3TE59315	0	0	0	1	1
AT3TE59320	0	0	0	1	1
AT3TE59325	0	0	0	1	1
AT3TE59330	0	0	0	1	1
AT3TE59335	0	0	0	1	1
AT3TE59340	0	0	0	1	1
AT3TE59345	0	0	0	1	1
AT3TE59350	0	0	0	1	1
AT3TE59355	0	0	0	1	1
AT3TE59360	0	0	0	1	1
AT3TE59365	0	0	0	1	1
AT3TE59370	0	0	0	1	1
AT3TE59375	0	0	0	1	1
AT3TE59380	0	0	0	1	1
AT3TE59385	0	0	0	1	1
AT3TE59390	0	0	0	1	1
AT3TE59395	0	0	0	1	1
AT3TE59400	0	0	0	1	1
AT3TE59405	0	0	0	1	1
AT3TE59410	0	0	0	1	1
AT3TE59415	0	0	0	1	1
AT3TE59420	0	0	0	1	1
AT3TE59425	0	0	0	1	1
AT3TE59430	0	0	0	1	1
AT3TE59435	0	0	0	1	1
AT3TE59440	0	0	0	1	1
AT3TE59445	0	0	0	1	1
AT3TE59450	0	0	0	1	1
AT3TE59455	0	0	0	1	1
AT3TE59460	0	0	0	1	1
AT3TE59465	0	0	0	1	1
AT3TE59470	0	0	0	1	1
AT3TE59475	0	0	0	1	1
AT3TE59480	0	0	0	1	1
AT3TE59485	0	0	0	1	1
AT3TE59490	0	0	0	1	1
AT3TE59495	0	0	0	1	1
AT3TE59500	0	0	0	1	1
AT3TE59505	0	0	0	1	1
AT3TE59510	0	0	0	1	1
AT3TE59515	0	0	0	1	1
AT3TE59520	0	0	0	1	1
AT3TE59525	0	0	0	1	1
AT3TE59530	0	0	0	1	1
AT3TE59535	0	0	0	1	1
AT3TE59540	0	0	0	1	1
AT3TE59545	0	0	0	1	1
AT3TE59550	0	0	0	1	1
AT3TE59555	0	0	0	1	1
AT3TE59560	0	0	0	1	1
AT3TE59565	0	0	0	1	1
AT3TE59575	0	0	0	1	1
AT3TE59580	0	0	0	1	1
AT3TE59585	0	0	0	1	1
AT3TE59590	0	0	0	1	1
AT3TE59595	0	0	0	1	1
AT3TE59600	0	0	0	1	1
AT3TE59605	0	0	0	1	1
AT3TE59610	0	0	0	1	1
AT3TE59615	0	0	0	1	1
AT3TE59620	0	0	0	1	1
AT3TE59625	0	0	0	1	1
AT3TE59630	0	0	0	1	1
AT3TE59635	0	0	0	1	1
AT3TE59640	0	0	0	1	1
AT3TE59650	0	0	0	1	1
AT3TE59655	0	0	0	1	1
AT3TE59660	0	0	0	1	1
AT3TE59665	0	0	0	1	1
AT3TE59670	0	0	0	1	1
AT3TE59675	0	0	0	1	1
AT3TE59680	0	0	0	1	1
AT3TE59685	0	0	0	1	1
AT3TE59690	0	0	0	1	1
AT3TE59695	0	0	0	1	1
AT3TE59700	0	0	0	1	1
AT3TE59705	0	0	0	1	1
AT3TE59710	0	0	0	1	1
AT3TE59715	0	0	0	1	1
AT3TE59720	0	0	0	1	1
AT3TE59725	0	0	0	1	1
AT3TE59730	0	0	0	1	1
AT3TE59735	0	0	0	1	1
AT3TE59740	0	0	0	1	1
AT3TE59745	0	0	0	1	1
AT3TE59750	0	0	0	1	1
AT3TE59755	0	0	0	1	1
AT3TE59760	0	0	0	1	1
AT3TE59765	0	0	0	1	1
AT3TE59770	5.14809039108544	1.72518965054128	1.3184533999481	0.627799653179217	1
AT3TE59775	0	0	0	1	1
AT3TE59780	0	0	0	1	1
AT3TE59785	0	0	0	1	1
AT3TE59790	0	0	0	1	1
AT3TE59795	0	0	0	1	1
AT3TE59800	0	0	0	1	1
AT3TE59805	0	0	0	1	1
AT3TE59810	0	0	0	1	1
AT3TE59815	0	0	0	1	1
AT3TE59820	0	0	0	1	1
AT3TE59825	0	0	0	1	1
AT3TE59830	0	0	0	1	1
AT3TE59835	0	0	0	1	1
AT3TE59840	0	0	0	1	1
AT3TE59845	0	0	0	1	1
AT3TE59850	0	0	0	1	1
AT3TE59855	3.46448518776186	2.75553194013533	0.321206247941545	1	1
AT3TE59860	0	0	0	1	1
AT3TE59865	0	0	0	1	1
AT3TE59870	0	0	0	1	1
AT3TE59875	0	0	0	1	1
AT3TE59880	0	0	0	1	1
AT3TE59885	0	0	0	1	1
AT3TE59890	0	0	0	1	1
AT3TE59895	0	0	0	1	1
AT3TE59900	0	0	0	1	1
AT3TE59905	0	0	0	1	1
AT3TE59910	0	0	0	1	1
AT3TE59915	0	0	0	1	1
AT3TE59920	0	0	0	1	1
AT3TE59925	0	0	0	1	1
AT3TE59930	0	0	0	1	1
AT3TE59935	0	0	0	1	1
AT3TE59940	0	0	0	1	1
AT3TE59945	0	0	0	1	1
AT3TE59950	0	0	0	1	1
AT3TE59955	0	0	0	1	1
AT3TE59960	0	0	0	1	1
AT3TE59965	0	0	0	1	1
AT3TE59970	0	0	0	1	1
AT3TE59975	0	0	0	1	1
AT3TE59980	0	0	0	1	1
AT3TE59985	0	0	0	1	1
AT3TE59990	0	0	0	1	1
AT3TE60020	0	0	0	1	1
AT3TE60025	0	0	0	1	1
AT3TE60030	0	0	0	1	1
AT3TE60035	0	0	0	1	1
AT3TE60040	0	0	0	1	1
AT3TE60045	0	0	0	1	1
AT3TE60050	0	0	0	1	1
AT3TE60055	0	0	0	1	1
AT3TE60060	0	0	0	1	1
AT3TE60065	0	0	0	1	1
AT3TE60070	0	0	0	1	1
AT3TE60075	0	0	0	1	1
AT3TE60080	0	0	0	1	1
AT3TE60085	0	0	0	1	1
AT3TE60090	0	0	0	1	1
AT3TE60095	0	0	0	1	1
AT3TE60100	0	0	0	1	1
AT3TE60105	0	0	0	1	1
AT3TE60110	0	0	0	1	1
AT3TE60115	0	0	0	1	1
AT3TE60120	0	0	0	1	1
AT3TE60125	0	0	0	1	1
AT3TE60130	0	0	0	1	1
AT3TE60135	0	0	0	1	1
AT3TE60145	0	0	0	1	1
AT3TE60150	0	0	0	1	1
AT3TE60155	0	0	0	1	1
AT3TE60160	0	0	0	1	1
AT3TE60165	0	0	0	1	1
AT3TE60180	0	0	0	1	1
AT3TE60185	0	0	0	1	1
AT3TE60190	0	0	0	1	1
AT3TE60195	0	0	0	1	1
AT3TE60200	0	0	0	1	1
AT3TE60205	0	0	0	1	1
AT3TE60210	0	0	0	1	1
AT3TE60215	0	0	0	1	1
AT3TE60240	0	0	0	1	1
AT3TE60245	0	0	0	1	1
AT3TE60255	0	0	0	1	1
AT3TE60260	0	0	0	1	1
AT3TE60265	0	0	0	1	1
AT3TE60270	177.690083499552	0	4.05468903180889	0.127995871222108	1
AT3TE60275	0	0	0	1	1
AT3TE60280	0	0	0	1	1
AT3TE60285	0	0	0	1	1
AT3TE60290	0	0	0	1	1
AT3TE60295	0	0	0	1	1
AT3TE60300	0	0	0	1	1
AT3TE60305	0	0	0	1	1
AT3TE60310	0	6.85251504370478	-2.34990268644104	1	1
AT3TE60315	0	0	0	1	1
AT3TE60320	0	0	0	1	1
AT3TE60370	116.141963346338	63.4783823088196	0.788314094458327	1	1
AT3TE60375	0	0	0	1	1
AT3TE60385	0	0	0	1	1
AT3TE60390	0	0	0	1	1
AT3TE60395	0	0	0	1	1
AT3TE60400	0	0	0	1	1
AT3TE60405	0	0	0	1	1
AT3TE60410	0	0	0	1	1
AT3TE60420	0	0	0	1	1
AT3TE60425	0	0	0	1	1
AT3TE60430	0	0	0	1	1
AT3TE60440	0	0	0	1	1
AT3TE60445	0	0	0	1	1
AT3TE60450	0	0	0	1	1
AT3TE60455	0	0	0	1	1
AT3TE60460	0	0.698433519279102	-2.35098261410202	0.999999999999997	1
AT3TE60465	0	0	0	1	1
AT3TE60470	0	0	0	1	1
AT3TE60475	0	0	0	1	1
AT3TE60480	0	0	0	1	1
AT3TE60485	0	0	0	1	1
AT3TE60490	0	0	0	1	1
AT3TE60495	0	0	0	1	1
AT3TE60500	0	0	0	1	1
AT3TE60505	0	0	0	1	1
AT3TE60510	0	0	0	1	1
AT3TE60515	0	0	0	1	1
AT3TE60520	0	0	0	1	1
AT3TE60525	0	0	0	1	1
AT3TE60530	0	0	0	1	1
AT3TE60535	0	0	0	1	1
AT3TE60540	0	0	0	1	1
AT3TE60545	0	0	0	1	1
AT3TE60550	0	2.59095437995182	-2.35098261391066	0.999999999999999	1
AT3TE60555	0	0	0	1	1
AT3TE60560	0	1.17758287097215	-2.3509826137193	1	1
AT3TE60565	0	0	0	1	1
AT3TE60570	0	0	0	1	1
AT3TE60575	0	0	0	1	1
AT3TE60580	0	0	0	1	1
AT3TE60585	0	0	0	1	1
AT3TE60610	0	0	0	1	1
AT3TE60615	0	0	0	1	1
AT3TE60620	0	0	0	1	1
AT3TE60625	0	0	0	1	1
AT3TE60630	0	0	0	1	1
AT3TE60635	0	0	0	1	1
AT3TE60640	0	0	0	1	1
AT3TE60650	0	0	0	1	1
AT3TE60655	0	0	0	1	1
AT3TE60660	0	0	0	1	1
AT3TE60665	0	0	0	1	1
AT3TE60670	0	0	0	1	1
AT3TE60675	0	0	0	1	1
AT3TE60680	0	0	0	1	1
AT3TE60700	0	0	0	1	1
AT3TE60705	0	0	0	1	1
AT3TE60710	0	0	0	1	1
AT3TE60715	0	0	0	1	1
AT3TE60720	0	0	0	1	1
AT3TE60725	0	0	0	1	1
AT3TE60730	0	0	0	1	1
AT3TE60735	0	0	0	1	1
AT3TE60740	0	0	0	1	1
AT3TE60745	0	0	0	1	1
AT3TE60750	0	0	0	1	1
AT3TE60755	0	0	0	1	1
AT3TE60760	0	0	0	1	1
AT3TE60765	0	0	0	1	1
AT3TE60770	0	0	0	1	1
AT3TE60775	0	0	0	1	1
AT3TE60780	0	0	0	1	1
AT3TE60785	0	0	0	1	1
AT3TE60790	0	0	0	1	1
AT3TE60795	0	0	0	1	1
AT3TE60800	5.79051810954561	0	2.2941729435752	1	1
AT3TE60805	0	0	0	1	1
AT3TE60810	0	0	0	1	1
AT3TE60815	0	0	0	1	1
AT3TE60825	0	0	0	1	1
AT3TE60830	0	0	0	1	1
AT3TE60835	0	0	0	1	1
AT3TE60840	0	0	0	1	1
AT3TE60845	0	0	0	1	1
AT3TE60850	0	0	0	1	1
AT3TE60855	0	0	0	1	1
AT3TE60860	0	0	0	1	1
AT3TE60865	0	0	0	1	1
AT3TE60870	544.013238502308	430.415384836138	0.333841565497095	0.49676039153398	1
AT3TE60875	0	0	0	1	1
AT3TE60880	0	0	0	1	1
AT3TE60885	0	0	0	1	1
AT3TE60890	0	0	0	1	1
AT3TE60895	0	0	0	1	1
AT3TE60900	0	0	0	1	1
AT3TE60905	0	0	0	1	1
AT3TE60910	0	0	0	1	1
AT3TE60915	0	0	0	1	1
AT3TE60920	0	0	0	1	1
AT3TE60925	0	0	0	1	1
AT3TE60930	0	0	0	1	1
AT3TE60960	0	0	0	1	1
AT3TE60965	0	0	0	1	1
AT3TE60975	0	0	0	1	1
AT3TE60985	0	0	0	1	1
AT3TE60990	0	0	0	1	1
AT3TE61000	1.16714525167916	2.32315072016385	-0.906101885994875	1	1
AT3TE61005	0	0	0	1	1
AT3TE61010	0	0	0	1	1
AT3TE61015	0	0	0	1	1
AT3TE61020	0	0	0	1	1
AT3TE61025	0	0	0	1	1
AT3TE61030	0	0	0	1	1
AT3TE61035	0	0	0	1	1
AT3TE61040	0	0	0	1	1
AT3TE61045	0	0	0	1	1
AT3TE61050	0	0	0	1	1
AT3TE61055	0	0	0	1	1
AT3TE61060	0	0	0	1	1
AT3TE61065	0	0	0	1	1
AT3TE61070	0	0	0	1	1
AT3TE61075	0	0	0	1	1
AT3TE61080	0	0	0	1	1
AT3TE61085	0	0	0	1	1
AT3TE61090	0	0	0	1	1
AT3TE61095	0	0	0	1	1
AT3TE61100	0	0	0	1	1
AT3TE61105	0	0	0	1	1
AT3TE61110	0	0	0	1	1
AT3TE61115	0	0	0	1	1
AT3TE61120	0	0	0	1	1
AT3TE61125	0	0	0	1	1
AT3TE61130	0	0	0	1	1
AT3TE61135	0	0	0	1	1
AT3TE61140	0	0	0	1	1
AT3TE61145	0	0	0	1	1
AT3TE61150	0	0	0	1	1
AT3TE61155	0	0	0	1	1
AT3TE61160	0	0	0	1	1
AT3TE61165	0	0	0	1	1
AT3TE61170	0	0	0	1	1
AT3TE61175	0	0	0	1	1
AT3TE61180	0	0	0	1	1
AT3TE61185	0	0	0	1	1
AT3TE61190	0	0	0	1	1
AT3TE61195	0	0	0	1	1
AT3TE61200	0	0	0	1	1
AT3TE61205	0	0	0	1	1
AT3TE61220	0	0	0	1	1
AT3TE61225	0	0	0	1	1
AT3TE61230	0	0	0	1	1
AT3TE61235	0	0	0	1	1
AT3TE61240	0	0	0	1	1
AT3TE61245	0	0	0	1	1
AT3TE61250	0	0	0	1	1
AT3TE61255	0	0	0	1	1
AT3TE61260	0	0	0	1	1
AT3TE61265	0	0	0	1	1
AT3TE61270	0	0	0	1	1
AT3TE61275	0	0	0	1	1
AT3TE61280	0	0	0	1	1
AT3TE61285	0	0	0	1	1
AT3TE61290	0	0	0	1	1
AT3TE61295	0	0	0	1	1
AT3TE61300	0	0	0	1	1
AT3TE61305	0	0	0	1	1
AT3TE61315	0	0	0	1	1
AT3TE61320	0	0	0	1	1
AT3TE61325	0	0	0	1	1
AT3TE61330	0	0	0	1	1
AT3TE61335	0	0	0	1	1
AT3TE61340	0	0	0	1	1
AT3TE61370	0	0	0	1	1
AT3TE61375	0	0	0	1	1
AT3TE61380	0	0	0	1	1
AT3TE61385	0	0	0	1	1
AT3TE61390	0	0	0	1	1
AT3TE61395	0	0	0	1	1
AT3TE61400	0	0	0	1	1
AT3TE61405	0	0	0	1	1
AT3TE61410	0	0	0	1	1
AT3TE61415	0	0	0	1	1
AT3TE61420	0	0	0	1	1
AT3TE61425	0	0	0	1	1
AT3TE61430	0	0	0	1	1
AT3TE61435	0	0	0	1	1
AT3TE61445	112.261989165958	75.6086557162736	0.58240911568294	0.597040336122001	1
AT3TE61450	0	0	0	1	1
AT3TE61455	0	0	0	1	1
AT3TE61460	0	0	0	1	1
AT3TE61465	0	0	0	1	1
AT3TE61470	0	0	0	1	1
AT3TE61475	0	0	0	1	1
AT3TE61480	0	0	0	1	1
AT3TE61485	279.273063269718	363.838427390697	-0.380874879368936	0.819074914767696	1
AT3TE61495	0	0	0	1	1
AT3TE61500	0	0	0	1	1
AT3TE61505	0	0	0	1	1
AT3TE61510	0	0	0	1	1
AT3TE61515	0	0	0	1	1
AT3TE61520	0	0	0	1	1
AT3TE61525	0	0	0	1	1
AT3TE61530	0	0	0	1	1
AT3TE61535	0	0	0	1	1
AT3TE61540	0	0	0	1	1
AT3TE61545	0	0	0	1	1
AT3TE61550	0	0	0	1	1
AT3TE61555	0	0	0	1	1
AT3TE61570	0	0	0	1	1
AT3TE61575	0	0	0	1	1
AT3TE61580	0	0	0	1	1
AT3TE61585	0	0	0	1	1
AT3TE61590	0	0	0	1	1
AT3TE61600	0	0	0	1	1
AT3TE61605	0	0	0	1	1
AT3TE61610	0	0	0	1	1
AT3TE61615	0	0	0	1	1
AT3TE61630	0	0	0	1	1
AT3TE61635	0	0	0	1	1
AT3TE61640	0	0	0	1	1
AT3TE61645	0	0	0	1	1
AT3TE61650	0	0	0	1	1
AT3TE61655	0	0	0	1	1
AT3TE61660	0	0	0	1	1
AT3TE61665	0	0	0	1	1
AT3TE61670	0	0	0	1	1
AT3TE61680	0	0	0	1	1
AT3TE61685	0	0	0	1	1
AT3TE61700	163.00415898474	208.412389907234	-0.361416540704865	0.597269195831413	1
AT3TE61710	0	0	0	1	1
AT3TE61715	0	0	0	1	1
AT3TE61720	0	0	0	1	1
AT3TE61725	0	0	0	1	1
AT3TE61730	0	0	0	1	1
AT3TE61735	7.49759324891095	0	2.29434778092904	1	1
AT3TE61790	0	0	0	1	1
AT3TE61795	0	0	0	1	1
AT3TE61800	49.4912037607694	25.004687547233	0.789098781001824	0.999999999999996	1
AT3TE61805	0	20.1458339063918	-2.35098261352794	0.999999999999999	1
AT3TE61810	14.7870060016933	44.825476456625	-1.43723593560755	0.628705720677375	1
AT3TE61840	0	0	0	1	1
AT3TE61845	0	0	0	1	1
AT3TE61850	0	0	0	1	1
AT3TE61855	0	0	0	1	1
AT3TE61860	0	0	0	1	1
AT3TE61865	0	0	0	1	1
AT3TE61870	0	0	0	1	1
AT3TE61875	0	0	0	1	1
AT3TE61880	0	0	0	1	1
AT3TE61885	0	0	0	1	1
AT3TE61890	0	0	0	1	1
AT3TE61895	0	0	0	1	1
AT3TE61900	0	0	0	1	1
AT3TE61910	38.1300154760645	119.377392596723	-1.43865787722429	0.627776288440599	1
AT3TE61915	0	0	0	1	1
AT3TE61925	0	0	0	1	1
AT3TE61930	0	0	0	1	1
AT3TE62000	0	0	0	1	1
AT3TE62005	0	0	0	1	1
AT3TE62010	0	0	0	1	1
AT3TE62015	0	0	0	1	1
AT3TE62020	0	0	0	1	1
AT3TE62025	0	0	0	1	1
AT3TE62030	0	0	0	1	1
AT3TE62035	0	0	0	1	1
AT3TE62040	0	0	0	1	1
AT3TE62050	93.2718840106808	94.248437678032	-0.0626833769739778	1	1
AT3TE62055	27.2972242011348	44.7585932909193	-0.596255170565472	1	1
AT3TE62060	0	0	0	1	1
AT3TE62065	655.646563395313	424.031824492359	0.611932017166578	0.207039975552555	1
AT3TE62070	0	0	0	1	1
AT3TE62075	0	0	0	1	1
AT3TE62080	0	0	0	1	1
AT3TE62085	0	0	0	1	1
AT3TE62090	0	0	0	1	1
AT3TE62095	0	0	0	1	1
AT3TE62100	0	0	0	1	1
AT3TE62105	0	0	0	1	1
AT3TE62110	0	0	0	1	1
AT3TE62115	0	0	0	1	1
AT3TE62120	0	0	0	1	1
AT3TE62130	0	0	0	1	1
AT3TE62140	0	0	0	1	1
AT3TE62145	0	0	0	1	1
AT3TE62150	0	0	0	1	1
AT3TE62155	0	0	0	1	1
AT3TE62160	0	0	0	1	1
AT3TE62165	0	0	0	1	1
AT3TE62170	0	0	0	1	1
AT3TE62180	0	0	0	1	1
AT3TE62185	0	0	0	1	1
AT3TE62190	0	0	0	1	1
AT3TE62195	0	0	0	1	1
AT3TE62205	0	0	0	1	1
AT3TE62210	0	0	0	1	1
AT3TE62215	0	0.880836303800874	-2.35098261333658	0.999999999999993	1
AT3TE62220	0	0	0	1	1
AT3TE62225	0	0	0	1	1
AT3TE62230	0	0	0	1	1
AT3TE62235	0	0	0	1	1
AT3TE62240	0	0	0	1	1
AT3TE62245	0	0	0	1	1
AT3TE62250	0	0	0	1	1
AT3TE62255	0	0	0	1	1
AT3TE62260	0	0	0	1	1
AT3TE62265	0	0	0	1	1
AT3TE62270	0	0	0	1	1
AT3TE62275	0	0	0	1	1
AT3TE62280	0	0	0	1	1
AT3TE62285	0	0	0	1	1
AT3TE62290	0	0	0	1	1
AT3TE62295	0	0	0	1	1
AT3TE62300	0	0	0	1	1
AT3TE62305	0	0	0	1	1
AT3TE62310	0.757360707144816	1.68112642716674	-0.908597570188405	1	1
AT3TE62315	0	0	0	1	1
AT3TE62320	0	0	0	1	1
AT3TE62330	0	0	0	1	1
AT3TE62340	0	0	0	1	1
AT3TE62345	0	0	0	1	1
AT3TE62350	0	0	0	1	1
AT3TE62355	0	0	0	1	1
AT3TE62360	0	0	0	1	1
AT3TE62365	0	0	0	1	1
AT3TE62370	166.051752714733	189.202927245817	-0.188744424468659	0.67339109835633	1
AT3TE62375	0	0	0	1	1
AT3TE62380	0	0	0	1	1
AT3TE62385	0	0	0	1	1
AT3TE62390	0	0	0	1	1
AT3TE62395	0	0	0	1	1
AT3TE62400	0	0	0	1	1
AT3TE62410	0	0	0	1	1
AT3TE62415	0	0	0	1	1
AT3TE62420	0	0	0	1	1
AT3TE62425	0	0	0	1	1
AT3TE62430	0	0	0	1	1
AT3TE62435	0	0	0	1	1
AT3TE62440	0	0	0	1	1
AT3TE62445	0	0	0	1	1
AT3TE62450	0	0	0	1	1
AT3TE62455	0	0	0	1	1
AT3TE62480	0	0	0	1	1
AT3TE62485	0	0	0	1	1
AT3TE62490	0	0	0	1	1
AT3TE62495	0	0	0	1	1
AT3TE62500	0	0	0	1	1
AT3TE62505	0	0	0	1	1
AT3TE62510	0	0	0	1	1
AT3TE62515	0	0	0	1	1
AT3TE62520	0	0	0	1	1
AT3TE62525	0	0	0	1	1
AT3TE62535	0	0	0	1	1
AT3TE62540	0	0	0	1	1
AT3TE62545	1400.14199278127	1310.17288235486	0.0928220595019026	0.600865926507553	1
AT3TE62555	0	0	0	1	1
AT3TE62560	0	0	0	1	1
AT3TE62565	0	0	0	1	1
AT3TE62570	0	0	0	1	1
AT3TE62575	0	0	0	1	1
AT3TE62580	0	0	0	1	1
AT3TE62585	0	0	0	1	1
AT3TE62590	0	0	0	1	1
AT3TE62595	0	0	0	1	1
AT3TE62605	0	0	0	1	1
AT3TE62610	0	0	0	1	1
AT3TE62615	0	0	0	1	1
AT3TE62620	0	0	0	1	1
AT3TE62625	0	0	0	1	1
AT3TE62630	0	0	0	1	1
AT3TE62635	0	0	0	1	1
AT3TE62640	0	0	0	1	1
AT3TE62645	0	0	0	1	1
AT3TE62650	0	0	0	1	1
AT3TE62655	0	0	0	1	1
AT3TE62665	0	0	0	1	1
AT3TE62670	0	0	0	1	1
AT3TE62675	0	0	0	1	1
AT3TE62680	0	0	0	1	1
AT3TE62685	0	0	0	1	1
AT3TE62690	0	0	0	1	1
AT3TE62695	0	0	0	1	1
AT3TE62700	0	0	0	1	1
AT3TE62705	0	0	0	1	1
AT3TE62715	0	0	0	1	1
AT3TE62720	0	0	0	1	1
AT3TE62730	0	0	0	1	1
AT3TE62735	0	0	0	1	1
AT3TE62740	0	0	0	1	1
AT3TE62745	0	0	0	1	1
AT3TE62750	2.45750809107996	0	2.29417294356338	0.999999999999994	1
AT3TE62755	0	0	0	1	1
AT3TE62760	0	0	0	1	1
AT3TE62765	0	0	0	1	1
AT3TE62770	0	0	0	1	1
AT3TE62775	0	0	0	1	1
AT3TE62780	0	0	0	1	1
AT3TE62785	0	0	0	1	1
AT3TE62795	0	0	0	1	1
AT3TE62800	0	0	0	1	1
AT3TE62805	0	0	0	1	1
AT3TE62810	0	0	0	1	1
AT3TE62815	0	0	0	1	1
AT3TE62825	8400.65490891407	9005.09701050279	-0.106999410267388	0.755830732698808	1
AT3TE62880	0	0	0	1	1
AT3TE62885	0	0	0	1	1
AT3TE62890	0	0	0	1	1
AT3TE62895	0	0	0	1	1
AT3TE62900	0	0	0	1	1
AT3TE62905	0	0	0	1	1
AT3TE62910	0	0	0	1	1
AT3TE62915	0	0	0	1	1
AT3TE62920	0	0	0	1	1
AT3TE62940	0	0	0	1	1
AT3TE62945	0	0	0	1	1
AT3TE62950	0	0	0	1	1
AT3TE62955	0	0	0	1	1
AT3TE62960	0	0	0	1	1
AT3TE62965	0	0	0	1	1
AT3TE62970	0	0	0	1	1
AT3TE62975	0	0	0	1	1
AT3TE62980	0	0	0	1	1
AT3TE62985	0	0	0	1	1
AT3TE62990	0	0	0	1	1
AT3TE62995	0	0	0	1	1
AT3TE63000	0	0	0	1	1
AT3TE63005	0	0	0	1	1
AT3TE63010	0	0	0	1	1
AT3TE63020	0	0	0	1	1
AT3TE63025	0	0	0	1	1
AT3TE63030	0	0	0	1	1
AT3TE63035	0	0	0	1	1
AT3TE63040	0	0	0	1	1
AT3TE63045	0	0	0	1	1
AT3TE63050	0	0	0	1	1
AT3TE63055	0	0	0	1	1
AT3TE63065	0	0	0	1	1
AT3TE63070	0	0	0	1	1
AT3TE63075	20.2222001977261	28.439949057095	-0.452607597019254	1	1
AT3TE63080	0	0	0	1	1
AT3TE63085	0	0	0	1	1
AT3TE63090	0	0	0	1	1
AT3TE63095	0	0	0	1	1
AT3TE63100	0	0	0	1	1
AT3TE63105	0	0	0	1	1
AT3TE63110	0	0	0	1	1
AT3TE63115	0	0	0	1	1
AT3TE63120	0	0	0	1	1
AT3TE63125	0	0	0	1	1
AT3TE63130	0	0	0	1	1
AT3TE63135	0	0	0	1	1
AT3TE63140	0	0	0	1	1
AT3TE63150	0	0	0	1	1
AT3TE63155	0	0	0	1	1
AT3TE63160	0	0	0	1	1
AT3TE63165	0	0	0	1	1
AT3TE63170	0	0	0	1	1
AT3TE63175	0	0	0	1	1
AT3TE63180	0	0	0	1	1
AT3TE63185	0	0	0	1	1
AT3TE63190	0	0	0	1	1
AT3TE63200	0	0	0	1	1
AT3TE63205	0	0	0	1	1
AT3TE63210	0	0	0	1	1
AT3TE63215	0	0	0	1	1
AT3TE63220	0	0	0	1	1
AT3TE63225	0	0	0	1	1
AT3TE63230	0	0	0	1	1
AT3TE63235	0	0	0	1	1
AT3TE63240	0	0	0	1	1
AT3TE63245	0	0	0	1	1
AT3TE63250	0	0	0	1	1
AT3TE63255	0	0	0	1	1
AT3TE63260	5.25361565051495	0	2.29417294355156	1	1
AT3TE63265	0	0	0	1	1
AT3TE63270	0	0	0	1	1
AT3TE63275	0	0	0	1	1
AT3TE63280	0	0	0	1	1
AT3TE63285	0	0	0	1	1
AT3TE63290	0	0	0	1	1
AT3TE63295	0	0	0	1	1
AT3TE63300	0	0	0	1	1
AT3TE63305	15.525027341868	8.549820234733	0.788203796996341	1	1
AT3TE63315	0	0	0	1	1
AT3TE63320	42.2774966022496	110.158693414138	-1.28668259137282	0.458554736483051	1
AT3TE63325	0	278.46129313964	-2.34990268632134	1	1
AT3TE63330	0	23.1175413172531	-2.34990268620164	1	1
AT3TE63335	0	0	0	1	1
AT3TE63345	0	0	0	1	1
AT3TE63355	27.8530500332846	0	2.29434778093552	0.999999999999995	1
AT3TE63360	0	0	0	1	1
AT3TE63365	0	0	0	1	1
AT3TE63370	0	0	0	1	1
AT3TE63375	0	0	0	1	1
AT3TE63380	0	0	0	1	1
AT3TE63385	0	0	0	1	1
AT3TE63390	0	0	0	1	1
AT3TE63395	0	0	0	1	1
AT3TE63400	0	0	0	1	1
AT3TE63405	0	0	0	1	1
AT3TE63410	0	11.9727909692791	-2.35098261314522	1	1
AT3TE63415	263.594454812794	0	2.29417294353974	0.999999999999998	1
AT3TE63420	0	0	0	1	1
AT3TE63425	0	0	0	1	1
AT3TE63430	0	0	0	1	1
AT3TE63435	0	0	0	1	1
AT3TE63440	0	0	0	1	1
AT3TE63445	0	0	0	1	1
AT3TE63450	0	0	0	1	1
AT3TE63455	0	0	0	1	1
AT3TE63465	0	0	0	1	1
AT3TE63470	0	0	0	1	1
AT3TE63475	0	0	0	1	1
AT3TE63480	0	0	0	1	1
AT3TE63485	0	0	0	1	1
AT3TE63490	0	0	0	1	1
AT3TE63500	20.5659946846764	6.38016989004337	1.59098846656091	0.0991136663939751	1
AT3TE63505	0	0	0	1	1
AT3TE63530	0	0	0	1	1
AT3TE63535	0	0	0	1	1
AT3TE63540	0	0.599867034388417	-2.35098261295386	1	1
AT3TE63545	0	0	0	1	1
AT3TE63550	0	20.4369745211557	-3.20159066804459	0.501869774703098	1
AT3TE63555	0	0	0	1	1
AT3TE63560	0	0	0	1	1
AT3TE63565	0	0	0	1	1
AT3TE63570	0	0	0	1	1
AT3TE63575	0	0	0	1	1
AT3TE63580	0	0	0	1	1
AT3TE63585	0	0	0	1	1
AT3TE63590	0	0	0	1	1
AT3TE63595	0	0	0	1	1
AT3TE63600	0	0	0	1	1
AT3TE63605	0	0	0	1	1
AT3TE63610	0	0	0	1	1
AT3TE63615	0	0	0	1	1
AT3TE63620	0	0	0	1	1
AT3TE63625	0	0	0	1	1
AT3TE63630	0	0	0	1	1
AT3TE63640	0	0	0	1	1
AT3TE63645	0	0	0	1	1
AT3TE63650	0	0	0	1	1
AT3TE63655	0	0	0	1	1
AT3TE63660	0	0	0	1	1
AT3TE63665	0	0	0	1	1
AT3TE63670	0	0	0	1	1
AT3TE63675	0	0	0	1	1
AT3TE63685	0	0	0	1	1
AT3TE63720	0	70.0907137993216	-2.3509826127625	1	1
AT3TE63725	0	0	0	1	1
AT3TE63730	0	0	0	1	1
AT3TE63735	0	0	0	1	1
AT3TE63740	0	0	0	1	1
AT3TE63745	0	0	0	1	1
AT3TE63750	0	0	0	1	1
AT3TE63755	0	0	0	1	1
AT3TE63760	0	0	0	1	1
AT3TE63765	494.440846182998	518.179840388964	-0.065033462664707	0.737502502203013	1
AT3TE63770	0	0	0	1	1
AT3TE63775	62.1770106803625	0	2.294347780942	1	1
AT3TE63780	0	0	0	1	1
AT3TE63785	0	0	0	1	1
AT3TE63790	111.918619224653	0	2.29434778094848	0.999999999999999	1
AT3TE63800	0	0	0	1	1
AT3TE63805	0	0	0	1	1
AT3TE63810	0	0	0	1	1
AT3TE63820	0	0	0	1	1
AT3TE63825	0	0	0	1	1
AT3TE63830	8.01940801679134	30.752909786694	-1.76666408168517	0.223020679471498	1
AT3TE63835	0	0	0	1	1
AT3TE63840	0	0	0	1	1
AT3TE63845	1.69200771230233	0	2.29434778095496	0.999999999999995	1
AT3TE63850	0	0	0	1	1
AT3TE63855	0	0	0	1	1
AT3TE63860	0	0	0	1	1
AT3TE63865	0	0	0	1	1
AT3TE63870	0	0	0	1	1
AT3TE63875	0	0	0	1	1
AT3TE63880	122.640414592361	192.782500315913	-0.643853286439403	0.378825019754665	1
AT3TE63885	0	0	0	1	1
AT3TE63895	0	0	0	1	1
AT3TE63900	0	0	0	1	1
AT3TE63905	0	0	0	1	1
AT3TE63910	0	0	0	1	1
AT3TE63915	0	0	0	1	1
AT3TE63920	0	0	0	1	1
AT3TE63925	0	0	0	1	1
AT3TE63930	0	0	0	1	1
AT3TE63935	0	0	0	1	1
AT3TE63940	0	0	0	1	1
AT3TE63945	0	0	0	1	1
AT3TE63950	0	0	0	1	1
AT3TE63955	0	0	0	1	1
AT3TE63965	0	0	0	1	1
AT3TE63990	110.230408376259	0	2.29417294352792	0.999999999999999	1
AT3TE63995	0	0	0	1	1
AT3TE64000	0	0	0	1	1
AT3TE64005	0	0	0	1	1
AT3TE64010	0	0	0	1	1
AT3TE64015	0	0	0	1	1
AT3TE64020	0	0	0	1	1
AT3TE64025	0	0	0	1	1
AT3TE64030	0	0	0	1	1
AT3TE64040	0	0	0	1	1
AT3TE64045	0	0	0	1	1
AT3TE64050	0	0	0	1	1
AT3TE64055	0	0	0	1	1
AT3TE64060	0	0	0	1	1
AT3TE64065	0	0	0	1	1
AT3TE64070	0	0	0	1	1
AT3TE64075	0	0	0	1	1
AT3TE64080	0	0	0	1	1
AT3TE64085	0	0	0	1	1
AT3TE64090	0	0	0	1	1
AT3TE64095	0	0	0	1	1
AT3TE64100	0	0	0	1	1
AT3TE64105	0	0	0	1	1
AT3TE64110	0	0	0	1	1
AT3TE64120	0	0	0	1	1
AT3TE64130	0	0	0	1	1
AT3TE64135	0	0	0	1	1
AT3TE64140	0	0	0	1	1
AT3TE64145	0	0	0	1	1
AT3TE64150	7.97864427395449	0	3.13933729217656	0.50215936094548	1
AT3TE64155	0	0	0	1	1
AT3TE64160	0	0	0	1	1
AT3TE64170	0	0	0	1	1
AT3TE64175	0	0	0	1	1
AT3TE64180	0	0	0	1	1
AT3TE64190	0	0	0	1	1
AT3TE64195	0	0	0	1	1
AT3TE64200	9.62328962014961	0	2.29417294351611	1	1
AT3TE64205	4537.81843420631	4176.50091043573	0.118752984904657	0.688618349013634	1
AT3TE64215	0	0	0	1	1
AT3TE64220	0	0	0	1	1
AT3TE64225	0	0	0	1	1
AT3TE64230	0	0	0	1	1
AT3TE64235	0	0	0	1	1
AT3TE64240	0	0	0	1	1
AT3TE64245	0	0	0	1	1
AT3TE64250	0	0	0	1	1
AT3TE64255	0	0	0	1	1
AT3TE64260	0	0	0	1	1
AT3TE64265	0	0	0	1	1
AT3TE64270	0	0	0	1	1
AT3TE64275	0	0	0	1	1
AT3TE64280	0	0	0	1	1
AT3TE64285	0	0	0	1	1
AT3TE64290	0	0	0	1	1
AT3TE64310	0	0	0	1	1
AT3TE64315	0	0	0	1	1
AT3TE64320	0	0	0	1	1
AT3TE64325	0	0	0	1	1
AT3TE64330	0	0	0	1	1
AT3TE64335	0	0	0	1	1
AT3TE64340	0	0	0	1	1
AT3TE64345	0	0	0	1	1
AT3TE64350	0	0	0	1	1
AT3TE64355	0	0	0	1	1
AT3TE64370	0	0	0	1	1
AT3TE64375	244.347077828349	105.408514830825	1.18729060817424	0.0232368389527149	1
AT3TE64390	0	0	0	1	1
AT3TE64395	0	0	0	1	1
AT3TE64400	324.074135417995	253.572901058757	0.348873477439473	0.137111014846556	1
AT3TE64405	94.7292571983477	0	2.29417294350429	0.999999999999995	1
AT3TE64410	0	0	0	1	1
AT3TE64415	0	0	0	1	1
AT3TE64420	0	0	0	1	1
AT3TE64425	0	0	0	1	1
AT3TE64430	0	0	0	1	1
AT3TE64435	0	0	0	1	1
AT3TE64440	0	0	0	1	1
AT3TE64445	0	0	0	1	1
AT3TE64450	0	5.91274914300077	-2.35098261257114	0.999999999999998	1
AT3TE64455	16.2538135675449	36.0788660843693	-0.908597552824068	1	1
AT3TE64460	51.1221611633897	53.7860124427069	-0.0624377688353661	1	1
AT3TE64465	0	0	0	1	1
AT3TE64475	0	0	0	1	1
AT3TE64480	0	0	0	1	1
AT3TE64485	0	0	0	1	1
AT3TE64490	0	0	0	1	1
AT3TE64495	0	0	0	1	1
AT3TE64500	0	0	0	1	1
AT3TE64505	0	0	0	1	1
AT3TE64510	0	0	0	1	1
AT3TE64515	0	0	0	1	1
AT3TE64520	0	0	0	1	1
AT3TE64525	0	0	0	1	1
AT3TE64530	0	0	0	1	1
AT3TE64535	0	0	0	1	1
AT3TE64540	0	0	0	1	1
AT3TE64550	56.6604902868622	0	2.29417294349247	1	1
AT3TE64555	0	0	0	1	1
AT3TE64560	5.64494642522742	0	2.29417294348065	1	1
AT3TE64565	0	0	0	1	1
AT3TE64570	0	0	0	1	1
AT3TE64575	0	0	0	1	1
AT3TE64580	0	0	0	1	1
AT3TE64585	0	0	0	1	1
AT3TE64590	0	0	0	1	1
AT3TE64595	0	0	0	1	1
AT3TE64600	0	0	0	1	1
AT3TE64605	0	0	0	1	1
AT3TE64615	0	0	0	1	1
AT3TE64620	0	0	0	1	1
AT3TE64650	0	0	0	1	1
AT3TE64655	0	0	0	1	1
AT3TE64660	0	0	0	1	1
AT3TE64665	0	0	0	1	1
AT3TE64670	0	0	0	1	1
AT3TE64675	2.64412545419067	2.63150706575261	-0.0555552217101628	1	1
AT3TE64680	0	0	0	1	1
AT3TE64685	0	0	0	1	1
AT3TE64690	0	0	0	1	1
AT3TE64695	0	0	0	1	1
AT3TE64700	0	0	0	1	1
AT3TE64705	0	0	0	1	1
AT3TE64710	0	0	0	1	1
AT3TE64715	4427.24994028721	5457.33147660588	-0.302119908340367	0.461154473036063	1
AT3TE64730	33.0942153621284	0	2.29434778096144	1	1
AT3TE64740	0	0	0	1	1
AT3TE64745	0	0	0	1	1
AT3TE64755	0	0	0	1	1
AT3TE64760	0	0	0	1	1
AT3TE64765	0	0	0	1	1
AT3TE64770	0	0	0	1	1
AT3TE64775	0	0	0	1	1
AT3TE64780	0	0	0	1	1
AT3TE64785	0	0	0	1	1
AT3TE64790	0	0	0	1	1
AT3TE64850	0	0	0	1	1
AT3TE64855	0	0	0	1	1
AT3TE64870	0	0	0	1	1
AT3TE64875	0	0	0	1	1
AT3TE64900	0	0	0	1	1
AT3TE64905	0	0	0	1	1
AT3TE64910	6.97905221922437	15.2578424597163	-0.908407451324083	1	1
AT3TE64915	0	0	0	1	1
AT3TE64920	0	0	0	1	1
AT3TE64925	0	0	0	1	1
AT3TE64930	0	0	0	1	1
AT3TE64935	0	0	0	1	1
AT3TE64950	0	0	0	1	1
AT3TE64955	0	0	0	1	1
AT3TE64960	0	0	0	1	1
AT3TE64965	0	0	0	1	1
AT3TE64975	0	0	0	1	1
AT3TE64980	0	0	0	1	1
AT3TE64985	0	0	0	1	1
AT3TE64990	0	0	0	1	1
AT3TE64995	0	0	0	1	1
AT3TE65000	0	0	0	1	1
AT3TE65005	0	0	0	1	1
AT3TE65010	0	0	0	1	1
AT3TE65015	0	0	0	1	1
AT3TE65025	0	81.0687774064443	-2.35098261237978	1	1
AT3TE65030	0	0	0	1	1
AT3TE65040	0	0	0	1	1
AT3TE65045	0	0	0	1	1
AT3TE65050	0	0	0	1	1
AT3TE65055	0	0	0	1	1
AT3TE65060	0	0	0	1	1
AT3TE65065	0	0	0	1	1
AT3TE65075	0	0	0	1	1
AT3TE65080	0	0	0	1	1
AT3TE65085	0	0	0	1	1
AT3TE65090	0	0	0	1	1
AT3TE65095	0	0	0	1	1
AT3TE65100	0	0	0	1	1
AT3TE65105	0	0	0	1	1
AT3TE65110	0	0	0	1	1
AT3TE65115	0	0	0	1	1
AT3TE65120	0	0	0	1	1
AT3TE65125	0	0	0	1	1
AT3TE65130	545.094325172487	217.59517220602	1.27720117203414	0.238825783521215	1
AT3TE65160	0	0	0	1	1
AT3TE65165	0	0	0	1	1
AT3TE65170	0	0	0	1	1
AT3TE65175	1.13194033993545	0	2.29417294346883	1	1
AT3TE65180	0	0	0	1	1
AT3TE65185	0	0	0	1	1
AT3TE65195	0	0	0	1	1
AT3TE65200	0	0	0	1	1
AT3TE65205	0	0	0	1	1
AT3TE65250	104.956417726891	31.5844151690589	1.62287245212838	0.186024960060806	1
AT3TE65260	0	0	0	1	1
AT3TE65265	0	0	0	1	1
AT3TE65270	0	0	0	1	1
AT3TE65275	0	0	0	1	1
AT3TE65280	0	0	0	1	1
AT3TE65285	0	0	0	1	1
AT3TE65290	0	0	0	1	1
AT3TE65295	0	0	0	1	1
AT3TE65300	0	0	0	1	1
AT3TE65310	0	0	0	1	1
AT3TE65320	10.2410007781998	0	2.29417294345701	0.999999999999998	1
AT3TE65325	4224.61409744497	3648.90427757361	0.220706903541981	0.543520156893451	1
AT3TE65330	35.5658929547556	63.1097713469821	-0.758327061130685	0.730250299202368	1
AT3TE65335	0	0	0	1	1
AT3TE65340	0	0	0	1	1
AT3TE65345	0	0	0	1	1
AT3TE65350	0	0	0	1	1
AT3TE65355	0	0	0	1	1
AT3TE65360	0	0	0	1	1
AT3TE65365	0	0	0	1	1
AT3TE65370	0	0	0	1	1
AT3TE65375	0	0	0	1	1
AT3TE65380	0	0	0	1	1
AT3TE65385	0	0	0	1	1
AT3TE65390	0	0	0	1	1
AT3TE65395	0	0	0	1	1
AT3TE65400	0	0	0	1	1
AT3TE65405	0	0	0	1	1
AT3TE65410	0	0	0	1	1
AT3TE65415	0	0	0	1	1
AT3TE65420	0	0	0	1	1
AT3TE65425	0	0	0	1	1
AT3TE65430	0	0	0	1	1
AT3TE65435	0	0	0	1	1
AT3TE65440	0	0	0	1	1
AT3TE65445	0	0	0	1	1
AT3TE65450	0	0	0	1	1
AT3TE65455	0	0	0	1	1
AT3TE65460	0	0	0	1	1
AT3TE65465	0	0	0	1	1
AT3TE65475	0	0	0	1	1
AT3TE65480	0	0	0	1	1
AT3TE65485	0	0	0	1	1
AT3TE65490	0	0	0	1	1
AT3TE65510	0	0	0	1	1
AT3TE65515	0	0	0	1	1
AT3TE65520	0	0	0	1	1
AT3TE65525	0	0	0	1	1
AT3TE65530	0	0	0	1	1
AT3TE65535	0	0	0	1	1
AT3TE65540	0	0	0	1	1
AT3TE65545	0	0	0	1	1
AT3TE65550	0	0	0	1	1
AT3TE65555	0	0	0	1	1
AT3TE65560	0	0	0	1	1
AT3TE65580	0	0	0	1	1
AT3TE65610	0	0	0	1	1
AT3TE65615	0	0	0	1	1
AT3TE65625	0	0	0	1	1
AT3TE65630	0	0	0	1	1
AT3TE65635	0	0	0	1	1
AT3TE65640	0	0	0	1	1
AT3TE65645	0	0	0	1	1
AT3TE65650	4.05502243567582	0	2.29434778096792	1	1
AT3TE65655	0	0	0	1	1
AT3TE65660	0	0	0	1	1
AT3TE65665	0	0	0	1	1
AT3TE65670	0	0	0	1	1
AT3TE65675	0	0	0	1	1
AT3TE65700	0	142.831744153411	-3.20159066848994	0.501869792723905	1
AT3TE65705	0	0	0	1	1
AT3TE65710	0	0	0	1	1
AT3TE65715	0	0	0	1	1
AT3TE65720	0	0	0	1	1
AT3TE65725	0	0	0	1	1
AT3TE65750	0	0	0	1	1
AT3TE65755	0	0	0	1	1
AT3TE65760	0	0	0	1	1
AT3TE65765	0	0	0	1	1
AT3TE65770	0	0	0	1	1
AT3TE65775	0	0	0	1	1
AT3TE65780	0	0	0	1	1
AT3TE65785	0	0	0	1	1
AT3TE65790	0	0	0	1	1
AT3TE65795	0	0	0	1	1
AT3TE65800	0	0	0	1	1
AT3TE65805	0	0	0	1	1
AT3TE65810	0	0	0	1	1
AT3TE65815	0	0	0	1	1
AT3TE65820	0	0	0	1	1
AT3TE65825	0	0	0	1	1
AT3TE65835	0	0	0	1	1
AT3TE65840	0	0	0	1	1
AT3TE65850	0	0	0	1	1
AT3TE65855	0	0	0	1	1
AT3TE65860	0	0	0	1	1
AT3TE65865	0	0	0	1	1
AT3TE65870	0	0	0	1	1
AT3TE65875	57.1078628187394	72.4079535261631	-0.340768381974523	0.100966074721892	1
AT3TE65880	0	0	0	1	1
AT3TE65910	0	0	0	1	1
AT3TE65915	0	0	0	1	1
AT3TE65920	0	0	0	1	1
AT3TE65925	0	0	0	1	1
AT3TE65930	0	0	0	1	1
AT3TE65940	0	0	0	1	1
AT3TE65945	0	0	0	1	1
AT3TE65950	0	0	0	1	1
AT3TE65955	0	0	0	1	1
AT3TE65960	0	0	0	1	1
AT3TE65965	0	0	0	1	1
AT3TE65970	0	0	0	1	1
AT3TE65975	0	0	0	1	1
AT3TE65980	0	0	0	1	1
AT3TE65985	0	0	0	1	1
AT3TE65990	0	0	0	1	1
AT3TE65995	0	0	0	1	1
AT3TE66000	0	0	0	1	1
AT3TE66030	0	0	0	1	1
AT3TE66060	0	0	0	1	1
AT3TE66070	0	0	0	1	1
AT3TE66075	0	0	0	1	1
AT3TE66100	0	0	0	1	1
AT3TE66110	0	0	0	1	1
AT3TE66115	0	0	0	1	1
AT3TE66125	0	0	0	1	1
AT3TE66130	0	0	0	1	1
AT3TE66150	0	0	0	1	1
AT3TE66155	0	0	0	1	1
AT3TE66160	0	0	0	1	1
AT3TE66165	0	0	0	1	1
AT3TE66170	0	0	0	1	1
AT3TE66175	0	0	0	1	1
AT3TE66185	0	0	0	1	1
AT3TE66190	0	0	0	1	1
AT3TE66200	0	0	0	1	1
AT3TE66205	0	0	0	1	1
AT3TE66210	0	0	0	1	1
AT3TE66215	0	0	0	1	1
AT3TE66220	0	0	0	1	1
AT3TE66225	0	0	0	1	1
AT3TE66230	0	0	0	1	1
AT3TE66235	0	0	0	1	1
AT3TE66240	0	0	0	1	1
AT3TE66245	0	0	0	1	1
AT3TE66250	0	0	0	1	1
AT3TE66280	0	0	0	1	1
AT3TE66285	0	0	0	1	1
AT3TE66290	0	0	0	1	1
AT3TE66295	0	0	0	1	1
AT3TE66300	0	0	0	1	1
AT3TE66330	1262.4795873246	836.041816297649	0.598251370107876	0.272104138181069	1
AT3TE66335	0	0	0	1	1
AT3TE66340	0	0	0	1	1
AT3TE66390	0	0	0	1	1
AT3TE66400	0	0	0	1	1
AT3TE66405	0	0	0	1	1
AT3TE66440	0	0	0	1	1
AT3TE66445	0	0	0	1	1
AT3TE66450	0	0	0	1	1
AT3TE66455	0	0	0	1	1
AT3TE66460	0	0	0	1	1
AT3TE66465	0	0	0	1	1
AT3TE66470	0	0	0	1	1
AT3TE66475	0	0	0	1	1
AT3TE66480	0	0	0	1	1
AT3TE66485	0	0	0	1	1
AT3TE66490	0	0	0	1	1
AT3TE66495	0	0	0	1	1
AT3TE66500	0	0	0	1	1
AT3TE66505	0	0	0	1	1
AT3TE66510	0	0	0	1	1
AT3TE66515	0	0	0	1	1
AT3TE66520	0	0	0	1	1
AT3TE66525	0	0	0	1	1
AT3TE66530	0	0	0	1	1
AT3TE66535	0	0	0	1	1
AT3TE66540	0	17.7056313556996	-3.20045139909354	0.5021511304235	1
AT3TE66545	0	0	0	1	1
AT3TE66550	0	0	0	1	1
AT3TE66555	0	0	0	1	1
AT3TE66560	0	0	0	1	1
AT3TE66590	0	0	0	1	1
AT3TE66600	0	0	0	1	1
AT3TE66605	0	0	0	1	1
AT3TE66610	0	0	0	1	1
AT3TE66615	0	0	0	1	1
AT3TE66620	0	0	0	1	1
AT3TE66625	0	0	0	1	1
AT3TE66630	0	0	0	1	1
AT3TE66635	0	0	0	1	1
AT3TE66640	0	0	0	1	1
AT3TE66645	0	0	0	1	1
AT3TE66650	0	0	0	1	1
AT3TE66655	0	0	0	1	1
AT3TE66660	0	0	0	1	1
AT3TE66665	0	0	0	1	1
AT3TE66670	0	0	0	1	1
AT3TE66675	0	0	0	1	1
AT3TE66680	0	0	0	1	1
AT3TE66685	0	24.5321697973415	-3.20159066893529	0.501869810745122	1
AT3TE66695	0	0	0	1	1
AT3TE66700	0	0	0	1	1
AT3TE66705	0	0	0	1	1
AT3TE66710	0	0	0	1	1
AT3TE66715	0	0	0	1	1
AT3TE66720	0	0	0	1	1
AT3TE66725	0	0	0	1	1
AT3TE66730	0	0	0	1	1
AT3TE66735	0	0	0	1	1
AT3TE66750	0	0	0	1	1
AT3TE66755	58.7822781138802	107.300646747882	-0.856413859192258	0.300899588321052	1
AT3TE66765	15.4012745812289	16.4153943826838	-0.0652581578361415	1	1
AT3TE66770	24231.7830481233	26084.3873669619	-0.104399676494822	0.751360540311399	1
AT3TE66810	31.7295054502881	0	2.2943477809744	1	1
AT3TE66830	0	0	0	1	1
AT3TE66835	0	0	0	1	1
AT3TE66840	0	0	0	1	1
AT3TE66850	0	0	0	1	1
AT3TE66855	0	94.2484376780319	-2.34990268608194	1	1
AT3TE66865	6.30043404028239	0	2.29434778098088	0.999999999999992	1
AT3TE66870	0	15.6846352557922	-2.35098261218842	0.999999999999999	1
AT3TE66875	30.2697208820528	0	3.66854978729139	0.252821774908436	1
AT3TE66880	0	0	0	1	1
AT3TE66885	319.044613910777	169.765315747362	0.898508802007867	0.0126184222684041	1
AT3TE66890	0	0	0	1	1
AT3TE66895	169.345463268392	114.376968298373	0.564915252920304	0.493311746576744	1
AT3TE66900	89.183916190147	117.288841001888	-0.381590978579723	0.818915992809607	1
AT3TE66910	88.5376559278996	0	3.13915052761749	0.501872524625092	1
AT3TE66915	0	0	0	1	1
AT3TE66920	0	0	0	1	1
AT3TE66925	0	0	0	1	1
AT3TE66930	0	0	0	1	1
AT3TE66935	81.384020782049	23.6897969740425	1.77567998263342	0.000944734064966417	1
AT3TE66950	0	0	0	1	1
AT3TE66955	0	0	0	1	1
AT3TE66960	0	0	0	1	1
AT3TE66965	0	0	0	1	1
AT3TE67000	0	0	0	1	1
AT3TE67005	0	0	0	1	1
AT3TE67010	0	0	0	1	1
AT3TE67015	0	0	0	1	1
AT3TE67020	0	0	0	1	1
AT3TE67025	0	0	0	1	1
AT3TE67035	0	0	0	1	1
AT3TE67040	0	0	0	1	1
AT3TE67045	0	0	0	1	1
AT3TE67050	0	0	0	1	1
AT3TE67055	0	0	0	1	1
AT3TE67090	0	0	0	1	1
AT3TE67095	0	0	0	1	1
AT3TE67100	0	0	0	1	1
AT3TE67105	0	0	0	1	1
AT3TE67110	0	0	0	1	1
AT3TE67115	0	0	0	1	1
AT3TE67120	0	0	0	1	1
AT3TE67125	0	0	0	1	1
AT3TE67130	0	85.1735256295554	-2.35098261199706	1	1
AT3TE67135	10.275716035075	43.575786351888	-1.82682497049248	0.379410685903409	1
AT3TE67140	0	0	0	1	1
AT3TE67145	0	0	0	1	1
AT3TE67150	0	0	0	1	1
AT3TE67155	0	0	0	1	1
AT3TE67160	0	0	0	1	1
AT3TE67165	0	0	0	1	1
AT3TE67175	0	0	0	1	1
AT3TE67180	10.8563034521268	0	2.29434778098736	0.999999999999997	1
AT3TE67185	377.219462404834	368.733963920832	0.047449517521057	1	1
AT3TE67195	10.7052592301842	22.3562729979251	-0.907248758130873	0.999999999999995	1
AT3TE67200	0	0	0	1	1
AT3TE67205	0	0	0	1	1
AT3TE67210	0	0	0	1	1
AT3TE67215	0	0	0	1	1
AT3TE67220	0	0	0	1	1
AT3TE67225	0	0	0	1	1
AT3TE67230	0	0	0	1	1
AT3TE67235	0	0	0	1	1
AT3TE67240	0	0	0	1	1
AT3TE67250	0	0	0	1	1
AT3TE67255	0	0	0	1	1
AT3TE67260	0	0	0	1	1
AT3TE67265	0	0	0	1	1
AT3TE67270	0	0	0	1	1
AT3TE67275	0	0	0	1	1
AT3TE67280	0	0	0	1	1
AT3TE67290	0	0	0	1	1
AT3TE67295	0	0	0	1	1
AT3TE67300	0	0	0	1	1
AT3TE67305	0	0	0	1	1
AT3TE67310	0	0	0	1	1
AT3TE67320	0	18.2325846698574	-2.34990268596225	1	1
AT3TE67325	0	0	0	1	1
AT3TE67330	0.628756287778947	1.93881567138703	-1.43849523717883	0.627778016381792	1
AT3TE67335	0	0	0	1	1
AT3TE67340	0	0	0	1	1
AT3TE67345	0	0	0	1	1
AT3TE67355	0	0	0	1	1
AT3TE67360	0	0	0	1	1
AT3TE67410	0	0	0	1	1
AT3TE67415	0	0	0	1	1
AT3TE67440	0	0	0	1	1
AT3TE67445	0	0.526210998889544	-2.34990268584255	0.999999999999994	1
AT3TE67540	0	0	0	1	1
AT3TE67545	0	0	0	1	1
AT3TE67550	0	0	0	1	1
AT3TE67555	0	0	0	1	1
AT3TE67565	0	0	0	1	1
AT3TE67570	0	0	0	1	1
AT3TE67575	0	0	0	1	1
AT3TE67580	0	0	0	1	1
AT3TE67585	0	0	0	1	1
AT3TE67610	0	0	0	1	1
AT3TE67615	0	0	0	1	1
AT3TE67630	0	0	0	1	1
AT3TE67635	0	0	0	1	1
AT3TE67640	0	0	0	1	1
AT3TE67645	0	0	0	1	1
AT3TE67650	0	0	0	1	1
AT3TE67655	0	0	0	1	1
AT3TE67660	0	0	0	1	1
AT3TE67665	0	0	0	1	1
AT3TE67675	0	0	0	1	1
AT3TE67680	0	0	0	1	1
AT3TE67685	0	0	0	1	1
AT3TE67690	0	0	0	1	1
AT3TE67695	0	0	0	1	1
AT3TE67700	0	0	0	1	1
AT3TE67705	0	0	0	1	1
AT3TE67710	0	0	0	1	1
AT3TE67715	0	0	0	1	1
AT3TE67720	0	0	0	1	1
AT3TE67725	0	0	0	1	1
AT3TE67730	0	0	0	1	1
AT3TE67735	0	0	0	1	1
AT3TE67740	0	0	0	1	1
AT3TE67745	0	0	0	1	1
AT3TE67750	0	0	0	1	1
AT3TE67755	0	0	0	1	1
AT3TE67760	0	0	0	1	1
AT3TE67765	0	0	0	1	1
AT3TE67770	0	0	0	1	1
AT3TE67780	0	0	0	1	1
AT3TE67790	0	0	0	1	1
AT3TE67795	0	0	0	1	1
AT3TE67800	0	0	0	1	1
AT3TE67805	0	0	0	1	1
AT3TE67815	0	0	0	1	1
AT3TE67830	0	0	0	1	1
AT3TE67835	0	0	0	1	1
AT3TE67850	0	0	0	1	1
AT3TE67855	0	0	0	1	1
AT3TE67930	0	0	0	1	1
AT3TE67940	0	0	0	1	1
AT3TE67950	0	0	0	1	1
AT3TE67960	0	43.8732319925152	-3.20159066938065	0.501869828766752	1
AT3TE67965	0	0	0	1	1
AT3TE67980	11.9109478599101	0	2.29417294344519	0.999999999999996	1
AT3TE68000	0	0	0	1	1
AT3TE68005	0	0	0	1	1
AT3TE68050	0	0	0	1	1
AT3TE68090	0	0	0	1	1
AT3TE68095	0	0	0	1	1
AT3TE68105	0	0	0	1	1
AT3TE68110	0	13.5235065100929	-2.34990268572285	1	1
AT3TE68115	0	0	0	1	1
AT3TE68140	0	0	0	1	1
AT3TE68145	0	0	0	1	1
AT3TE68155	0	0	0	1	1
AT3TE68160	0	0	0	1	1
AT3TE68165	0	0	0	1	1
AT3TE68170	0	0	0	1	1
AT3TE68190	0	0	0	1	1
AT3TE68220	64.4557492916847	32.074075649592	0.789470776661671	0.999999999999998	1
AT3TE68225	0	0	0	1	1
AT3TE68230	0	0	0	1	1
AT3TE68235	0	0	0	1	1
AT3TE68240	0	0	0	1	1
AT3TE68250	0	0	0	1	1
AT3TE68255	0	0	0	1	1
AT3TE68260	0	0	0	1	1
AT3TE68265	0	0	0	1	1
AT3TE68270	0	0	0	1	1
AT3TE68360	0	0	0	1	1
AT3TE68365	0	0	0	1	1
AT3TE68370	0	0	0	1	1
AT3TE68375	0	0	0	1	1
AT3TE68380	0	0	0	1	1
AT3TE68385	0	0	0	1	1
AT3TE68390	0	0	0	1	1
AT3TE68395	0	0	0	1	1
AT3TE68400	0	0	0	1	1
AT3TE68405	0	0	0	1	1
AT3TE68415	0	0	0	1	1
AT3TE68430	12.4858500149207	24.8525292051606	-0.906101897707484	1	1
AT3TE68470	0	11.2520209443727	-2.3509826118057	0.999999999999999	1
AT3TE68475	21.4105184603683	11.7021017821476	0.788314099160814	1	1
AT3TE68480	0	0	0	1	1
AT3TE68485	0	0	0	1	1
AT3TE68490	0	0	0	1	1
AT3TE68495	0	0	0	1	1
AT3TE68500	0	0	0	1	1
AT3TE68505	0	0	0	1	1
AT3TE68510	0	0	0	1	1
AT3TE68515	0	0	0	1	1
AT3TE68530	0	0	0	1	1
AT3TE68535	0	0	0	1	1
AT3TE68620	0	0	0	1	1
AT3TE68625	0	0	0	1	1
AT3TE68630	0	0	0	1	1
AT3TE68635	0	0	0	1	1
AT3TE68645	0	0	0	1	1
AT3TE68650	0	0	0	1	1
AT3TE68655	0	0	0	1	1
AT3TE68660	0	0	0	1	1
AT3TE68665	0	0	0	1	1
AT3TE68690	0	0	0	1	1
AT3TE68730	0	0	0	1	1
AT3TE68760	45.2612063040874	0	2.29434778099384	0.999999999999994	1
AT3TE68780	0	0	0	1	1
AT3TE68785	0	0	0	1	1
AT3TE68790	0	0	0	1	1
AT3TE68795	0	0	0	1	1
AT3TE68800	0	0	0	1	1
AT3TE68850	0	0	0	1	1
AT3TE68855	0	0	0	1	1
AT3TE68865	0	0	0	1	1
AT3TE68870	0	0	0	1	1
AT3TE68875	3.83470743876929	0	3.1389642747237	0.502157979229164	1
AT3TE68880	0	0	0	1	1
AT3TE68885	0	0	0	1	1
AT3TE68890	0	0	0	1	1
AT3TE68895	0	0	0	1	1
AT3TE68905	168.206670605307	86.5763926619004	0.890561330270556	0.397641281699057	1
AT3TE68910	3067.02263605385	3504.52664364024	-0.194950176933903	0.691803213506778	1
AT3TE68930	325.081464236237	407.442296625625	-0.333486683864078	0.54933703158981	1
AT3TE68980	0	0	0	1	1
AT3TE68985	0	0	0	1	1
AT3TE69010	0	0	0	1	1
AT3TE69015	0	0	0	1	1
AT3TE69030	0	0	0	1	1
AT3TE69035	0	0	0	1	1
AT3TE69040	0	0	0	1	1
AT3TE69045	0	0	0	1	1
AT3TE69050	0	0	0	1	1
AT3TE69070	0	0	0	1	1
AT3TE69075	0	0	0	1	1
AT3TE69080	0	0	0	1	1
AT3TE69085	0	0	0	1	1
AT3TE69090	0	0	0	1	1
AT3TE69095	0	0	0	1	1
AT3TE69100	0	0	0	1	1
AT3TE69105	0	0	0	1	1
AT3TE69110	0	0	0	1	1
AT3TE69115	0	0	0	1	1
AT3TE69120	0	0	0	1	1
AT3TE69130	5.11649770437611	5.38310593543005	-0.0624377695816492	1	1
AT3TE69135	0	0	0	1	1
AT3TE69140	0	0	0	1	1
AT3TE69145	0	0	0	1	1
AT3TE69150	0	0	0	1	1
AT3TE69155	0	0	0	1	1
AT3TE69160	0	0	0	1	1
AT3TE69165	0	0	0	1	1
AT3TE69170	0	0	0	1	1
AT3TE69175	0	0	0	1	1
AT3TE69185	0	0	0	1	1
AT3TE69190	0	0	0	1	1
AT3TE69195	0	0	0	1	1
AT3TE69200	0	0	0	1	1
AT3TE69205	0	0	0	1	1
AT3TE69240	0	0	0	1	1
AT3TE69310	0	0	0	1	1
AT3TE69315	0	0	0	1	1
AT3TE69320	0	0	0	1	1
AT3TE69325	0	0	0	1	1
AT3TE69330	0	0	0	1	1
AT3TE69335	8.6575584491644	0	2.29434778100033	0.999999999999999	1
AT3TE69340	0	0	0	1	1
AT3TE69350	0.68799866517893	0	2.2943477810068	0.999999999999994	1
AT3TE69355	0	0	0	1	1
AT3TE69360	0	0	0	1	1
AT3TE69365	0	0	0	1	1
AT3TE69460	0	0	0	1	1
AT3TE69465	0	0	0	1	1
AT3TE69470	0	0	0	1	1
AT3TE69475	485.165872673885	576.749754861283	-0.248144306973444	8.19746789602466e-05	0.344132325039456
AT3TE69480	0	0	0	1	1
AT3TE69485	0	0	0	1	1
AT3TE69490	0	0	0	1	1
AT3TE69495	0	0	0	1	1
AT3TE69500	0	0	0	1	1
AT3TE69520	0	0	0	1	1
AT3TE69525	145.177454182922	300.338324497038	-1.03109613748374	0.323828573396975	1
AT3TE69535	0	0	0	1	1
AT3TE69540	0	0	0	1	1
AT3TE69545	0	0	0	1	1
AT3TE69550	0	0	0	1	1
AT3TE69555	0	33.9833763875499	-2.35098261161434	0.999999999999993	1
AT3TE69560	0	60.0602789124713	-2.34990268560315	1	1
AT3TE69690	0	0	0	1	1
AT3TE69710	0	0	0	1	1
AT3TE69715	0	0	0	1	1
AT3TE69720	0	0	0	1	1
AT3TE69725	0	0	0	1	1
AT3TE69735	76.4889915428636	0	3.66838837643307	0.252813207033482	1
AT3TE69740	5.59803551310642	0	2.29417294343338	0.999999999999998	1
AT3TE69745	0	0	0	1	1
AT3TE69750	34.9091329087147	35.0065625661262	-0.0613787590793177	1	1
AT3TE69810	0	0	0	1	1
AT3TE69815	0	0	0	1	1
AT3TE69820	0	0	0	1	1
AT3TE69890	0	0	0	1	1
AT3TE69895	0	0	0	1	1
AT3TE69900	0	0	0	1	1
AT3TE69990	0	0	0	1	1
AT3TE69995	0	0	0	1	1
AT3TE70000	0	0	0	1	1
AT3TE70005	0	0	0	1	1
AT3TE70010	335.763869016388	456.140086167343	-0.436561668587723	0.455498246734682	1
AT3TE70020	0	0	0	1	1
AT3TE70025	0	0	0	1	1
AT3TE70030	0	0	0	1	1
AT3TE70035	0	0	0	1	1
AT3TE70040	0	0	0	1	1
AT3TE70045	0	0	0	1	1
AT3TE70120	0	0	0	1	1
AT3TE70125	0	0	0	1	1
AT3TE70130	0	0	0	1	1
AT3TE70135	745.75138697497	815.243591421974	-0.120161323587904	0.817773406265329	1
AT3TE70170	0	0	0	1	1
AT3TE70260	0	18.234982451856	-2.35098261142298	1	1
AT3TE70350	0	0	0	1	1
AT3TE70355	0	0	0	1	1
AT3TE70360	0	0	0	1	1
AT3TE70365	0	0	0	1	1
AT3TE70370	0	0	0	1	1
AT3TE70375	0	0	0	1	1
AT3TE70380	0	0	0	1	1
AT3TE70385	0	0	0	1	1
AT3TE70400	0	0	0	1	1
AT3TE70405	0	0	0	1	1
AT3TE70410	0	0	0	1	1
AT3TE70420	0	0	0	1	1
AT3TE70425	0	0	0	1	1
AT3TE70450	0	0	0	1	1
AT3TE70455	0	0	0	1	1
AT3TE70460	0	0	0	1	1
AT3TE70465	0	0	0	1	1
AT3TE70470	0	0	0	1	1
AT3TE70475	0	0	0	1	1
AT3TE70480	0	0	0	1	1
AT3TE70485	0	0	0	1	1
AT3TE70490	0	0	0	1	1
AT3TE70520	0	0	0	1	1
AT3TE70525	0	0	0	1	1
AT3TE70530	0	0	0	1	1
AT3TE70535	0	0	0	1	1
AT3TE70540	0	0	0	1	1
AT3TE70545	0	0	0	1	1
AT3TE70550	0	0	0	1	1
AT3TE70555	0	0	0	1	1
AT3TE70560	0	0	0	1	1
AT3TE70565	0	0	0	1	1
AT3TE70570	0	0	0	1	1
AT3TE70575	0	0	0	1	1
AT3TE70580	0	0	0	1	1
AT3TE70585	0	0	0	1	1
AT3TE70590	0.399254030997317	0	2.29417294342156	1	1
AT3TE70595	0	0	0	1	1
AT3TE70600	0	0	0	1	1
AT3TE70605	0	0	0	1	1
AT3TE70610	0	0	0	1	1
AT3TE70620	0	0	0	1	1
AT3TE70625	0	0	0	1	1
AT3TE70630	6.97660812507969	0	2.29417294340974	0.999999999999996	1
AT3TE70635	0.802754832727685	0	2.29434778101329	0.999999999999999	1
AT3TE70640	0	0	0	1	1
AT3TE70700	0	0	0	1	1
AT3TE70780	0	0	0	1	1
AT3TE70785	0	0	0	1	1
AT3TE70795	0	0	0	1	1
AT3TE70800	0	0	0	1	1
AT3TE70910	0	0	0	1	1
AT3TE70915	0	0	0	1	1
AT3TE70950	0	19.7903191903967	-3.20276765869646	0.502192881434241	1
AT3TE70960	0	0	0	1	1
AT3TE70970	123.728009401924	0	2.29417294339792	0.999999999999993	1
AT3TE70975	0	0	0	1	1
AT3TE70980	0	0	0	1	1
AT3TE70985	0	0	0	1	1
AT3TE71030	0	0	0	1	1
AT3TE71050	0	0	0	1	1
AT3TE71060	59.6009586246348	0	3.13915052762868	0.501872541855143	1
AT3TE71070	0	0	0	1	1
AT3TE71075	0	0	0	1	1
AT3TE71080	0	0	0	1	1
AT3TE71085	0	0	0	1	1
AT3TE71100	0	0	0	1	1
AT3TE71105	0	0	0	1	1
AT3TE71110	0	0	0	1	1
AT3TE71115	0	0	0	1	1
AT3TE71120	0	0	0	1	1
AT3TE71150	0	0	0	1	1
AT3TE71155	0	0	0	1	1
AT3TE71160	0	0	0	1	1
AT3TE71165	0	0	0	1	1
AT3TE71210	0	0	0	1	1
AT3TE71215	104.929057928615	137.223544813302	-0.371108295332394	0.999999999999999	1
AT3TE71240	0	0	0	1	1
AT3TE71245	0	0	0	1	1
AT3TE71250	0	0	0	1	1
AT3TE71255	0	0	0	1	1
AT3TE71320	0	0	0	1	1
AT3TE71370	0	0	0	1	1
AT3TE71380	0	0	0	1	1
AT3TE71430	1452.41757164376	1558.74166192361	-0.0935153243777787	0.790693257883468	1
AT3TE71440	0	0	0	1	1
AT3TE71445	0	0	0	1	1
AT3TE71450	0	0	0	1	1
AT3TE71455	0	0	0	1	1
AT3TE71460	0	0	0	1	1
AT3TE71530	0	0	0	1	1
AT3TE71535	11.0910343375782	0	2.29434778101977	1	1
AT3TE71540	0	0	0	1	1
AT3TE71545	0	0	0	1	1
AT3TE71550	0	0	0	1	1
AT3TE71555	14.9695616313438	0	2.2941729433861	0.999999999999999	1
AT3TE71560	0	20.9799604420277	-2.34990268548345	1	1
AT3TE71565	49.8558976384018	43.8295471770536	0.197781254509678	0.805808312218774	1
AT3TE71620	0	0	0	1	1
AT3TE71625	0	0	0	1	1
AT3TE71700	0	0	0	1	1
AT3TE71705	0	0	0	1	1
AT3TE71720	0	0	0	1	1
AT3TE71725	0	0	0	1	1
AT3TE71730	0	0	0	1	1
AT3TE71735	0	0	0	1	1
AT3TE71740	84.0194159904853	205.942083238139	-1.26843320444046	0.0384898450537795	1
AT3TE71770	77.2464050901351	67.5577771611126	0.148492151262305	0.999999999999999	1
AT3TE71775	2181.37038485358	1665.89711968298	0.384730633678758	0.260892402836465	1
AT3TE71820	0	0	0	1	1
AT3TE71825	0	0	0	1	1
AT3TE71860	0	0	0	1	1
AT3TE71900	2266.0127704589	2096.06594677789	0.116854366991063	0.771540314882193	1
AT3TE71950	0	0	0	1	1
AT3TE71955	690.984905543982	384.97609392168	0.847094745237424	0.133986020380895	1
AT3TE72000	22.6306031520437	0	2.29434778102625	0.999999999999992	1
AT3TE72005	7.21209614218616	0	3.13933729015935	0.502159337425481	1
AT3TE72010	0	0	0	1	1
AT3TE72090	10.4890527001631	0	2.29417294337428	0.999999999999998	1
AT3TE72270	0	0	0	1	1
AT3TE72275	0	0	0	1	1
AT3TE72280	0	0	0	1	1
AT3TE72290	0	0	0	1	1
AT3TE72320	0	0	0	1	1
AT3TE72330	0	0	0	1	1
AT3TE72340	0	0	0	1	1
AT3TE72345	0	0	0	1	1
AT3TE72350	0	0	0	1	1
AT3TE72355	0	0	0	1	1
AT3TE72360	0	0	0	1	1
AT3TE72365	0	0	0	1	1
AT3TE72370	0	0	0	1	1
AT3TE72420	0	0	0	1	1
AT3TE72510	0	0	0	1	1
AT3TE72570	0	0	0	1	1
AT3TE72575	0	0	0	1	1
AT3TE72630	0	0	0	1	1
AT3TE72635	0	0	0	1	1
AT3TE72640	0	0	0	1	1
AT3TE72645	0	0	0	1	1
AT3TE72710	0	0	0	1	1
AT3TE72715	0	0	0	1	1
AT3TE72720	0	0	0	1	1
AT3TE72830	0	0	0	1	1
AT3TE72835	0	0	0	1	1
AT3TE72840	0	0	0	1	1
AT3TE72850	0	4.82737048105193	-4.1199882624156	0.127941256046094	1
AT3TE72855	0	0	0	1	1
AT3TE72860	0	0	0	1	1
AT3TE72865	0	0	0	1	1
AT3TE72870	0	0	0	1	1
AT3TE72875	0	0	0	1	1
AT3TE72880	0	0	0	1	1
AT3TE72885	0	0	0	1	1
AT3TE72890	0	0	0	1	1
AT3TE72940	0	0	0	1	1
AT3TE73020	0	0	0	1	1
AT3TE73025	0	0	0	1	1
AT3TE73030	0	0	0	1	1
AT3TE73035	0	0	0	1	1
AT3TE73040	0	0	0	1	1
AT3TE73050	0	0	0	1	1
AT3TE73055	0	0	0	1	1
AT3TE73060	0	0	0	1	1
AT3TE73070	0	0	0	1	1
AT3TE73075	0	0	0	1	1
AT3TE73130	0	0	0	1	1
AT3TE73160	0	0	0	1	1
AT3TE73165	0	0	0	1	1
AT3TE73170	0	0	0	1	1
AT3TE73180	610.677696910853	838.327134444655	-0.447323627663925	0.524144547325224	1
AT3TE73190	0	0	0	1	1
AT3TE73200	0	0	0	1	1
AT3TE73205	0	0	0	1	1
AT3TE73210	0	0	0	1	1
AT3TE73215	0	0	0	1	1
AT3TE73220	0	0	0	1	1
AT3TE73225	0	0	0	1	1
AT3TE73230	0	0	0	1	1
AT3TE73235	0	0	0	1	1
AT3TE73240	0	10.1031659530554	-2.35098261123163	0.999999999999998	1
AT3TE73250	0	0	0	1	1
AT3TE73255	0	0	0	1	1
AT3TE73260	0	0	0	1	1
AT3TE73265	0	0	0	1	1
AT3TE73280	0	0	0	1	1
AT3TE73285	0	51.7592963441144	-2.35098261104027	0.999999999999996	1
AT3TE73295	0	0	0	1	1
AT3TE73320	0	0	0	1	1
AT3TE73325	0	0	0	1	1
AT3TE73330	0	0	0	1	1
AT3TE73335	0	0	0	1	1
AT3TE73430	0	0	0	1	1
AT3TE73435	0	0	0	1	1
AT3TE73570	0	0	0	1	1
AT3TE73575	0	0	0	1	1
AT3TE73580	0	0	0	1	1
AT3TE73610	60.3482750721166	0	2.29434778103273	0.999999999999996	1
AT3TE73680	0	0	0	1	1
AT3TE73685	0	0	0	1	1
AT3TE73690	0	0	0	1	1
AT3TE73695	0	0	0	1	1
AT3TE73705	0	0	0	1	1
AT3TE73710	0	0	0	1	1
AT3TE73715	0	0	0	1	1
AT3TE73720	0	0	0	1	1
AT3TE73725	0	0	0	1	1
AT3TE73730	0	0	0	1	1
AT3TE73740	0	0	0	1	1
AT3TE73745	0	0	0	1	1
AT3TE73810	5428.36212693254	4331.42020625542	0.322806177825249	0.260700106537699	1
AT3TE73850	0	0	0	1	1
AT3TE73880	5015.38515028466	5861.80757513979	-0.226209023130702	0.377157295042172	1
AT3TE74000	0	0	0	1	1
AT3TE74005	0	0	0	1	1
AT3TE74010	0	0	0	1	1
AT3TE74015	0	0	0	1	1
AT3TE74020	0	0	0	1	1
AT3TE74080	2855.49442208277	2800.37678489367	0.0213450296051603	1	1
AT3TE74090	0	0	0	1	1
AT3TE74100	0	0	0	1	1
AT3TE74105	0	0	0	1	1
AT3TE74110	0	0	0	1	1
AT3TE74115	0	0	0	1	1
AT3TE74120	0	0	0	1	1
AT3TE74125	0	0	0	1	1
AT3TE74150	0	0	0	1	1
AT3TE74210	0	0	0	1	1
AT3TE74215	0	0	0	1	1
AT3TE74220	0	0	0	1	1
AT3TE74270	0	29.1721354717718	-2.34990268536375	0.999999999999994	1
AT3TE74275	0	0	0	1	1
AT3TE74280	0	0	0	1	1
AT3TE74480	0	0	0	1	1
AT3TE74485	0	0	0	1	1
AT3TE74490	0	0	0	1	1
AT3TE74495	0	0	0	1	1
AT3TE74560	0	0	0	1	1
AT3TE74700	0	0	0	1	1
AT3TE74705	0	0	0	1	1
AT3TE74780	0	0	0	1	1
AT3TE74800	0	0	0	1	1
AT3TE74805	0	0	0	1	1
AT3TE74890	0	0	0	1	1
AT3TE74895	0	0	0	1	1
AT3TE74900	0	0	0	1	1
AT3TE74905	0	0	0	1	1
AT3TE74910	0	0	0	1	1
AT3TE74950	0	0	0	1	1
AT3TE74980	0	0	0	1	1
AT3TE74990	229.671507192575	160.685712172587	0.466956926071336	1	1
AT3TE74995	0	0	0	1	1
AT3TE75040	0	0	0	1	1
AT3TE75045	0	0	0	1	1
AT3TE75050	401.863047521562	375.263864065738	0.118332073800873	0.862493377507016	1
AT3TE75055	1562.42249927454	1458.8569530709	0.108124815051948	0.907346285189033	1
AT3TE75070	0	0	0	1	1
AT3TE75080	0	0	0	1	1
AT3TE75090	0	0	0	1	1
AT3TE75110	0	0	0	1	1
AT3TE75115	0	0	0	1	1
AT3TE75120	0	0	0	1	1
AT3TE75210	0	0	0	1	1
AT3TE75215	0	0	0	1	1
AT3TE75220	0	0	0	1	1
AT3TE75225	0	0	0	1	1
AT3TE75230	0	0	0	1	1
AT3TE75235	0	0	0	1	1
AT3TE75240	4.64928869685142	0	2.29417294336246	0.999999999999997	1
AT3TE75260	0	0	0	1	1
AT3TE75265	0	0	0	1	1
AT3TE75270	0	0	0	1	1
AT3TE75275	0	79.4983532343096	-4.88771121357338	0.0183708569888198	1
AT3TE75300	0	0	0	1	1
AT3TE75305	0	0	0	1	1
AT3TE75310	0	0	0	1	1
AT3TE75400	0	0	0	1	1
AT3TE75405	45.5840034638666	16.8639311396864	1.31702816280247	0.628730792914367	1
AT3TE75450	8.24853396012824	8.33489584907766	-0.0557300335278384	1	1
AT3TE75480	0	0	0	1	1
AT3TE75490	0	0	0	1	1
AT3TE75500	0	0	0	1	1
AT3TE75520	40.4120437165868	74.4259659088168	-0.881712043230798	0.440138096060663	1
AT3TE75570	0	0	0	1	1
AT3TE75575	0	0	0	1	1
AT3TE75580	0	0	0	1	1
AT3TE75590	0	0	0	1	1
AT3TE75595	0	0	0	1	1
AT3TE75640	0	0	0	1	1
AT3TE75645	0	0	0	1	1
AT3TE75655	0	0	0	1	1
AT3TE75660	0	0	0	1	1
AT3TE75665	0	0	0	1	1
AT3TE75670	0	0	0	1	1
AT3TE75720	0	0	0	1	1
AT3TE75740	0	0	0	1	1
AT3TE75940	0	0	0	1	1
AT3TE75945	1.63885092048879	0	2.29434778103921	0.999999999999992	1
AT3TE75950	0	0	0	1	1
AT3TE75960	0	0	0	1	1
AT3TE75965	0	0	0	1	1
AT3TE75970	0	0	0	1	1
AT3TE75975	0	0	0	1	1
AT3TE75980	0	0	0	1	1
AT3TE75985	0	0	0	1	1
AT3TE76010	0	0	0	1	1
AT3TE76015	0	0	0	1	1
AT3TE76020	0	0	0	1	1
AT3TE76040	0	0	0	1	1
AT3TE76045	0	0	0	1	1
AT3TE76120	0	0	0	1	1
AT3TE76220	0	0	0	1	1
AT3TE76225	0	0	0	1	1
AT3TE76280	0	0	0	1	1
AT3TE76285	0	0	0	1	1
AT3TE76290	0	0	0	1	1
AT3TE76310	0	0	0	1	1
AT3TE76320	0	0	0	1	1
AT3TE76350	0	0	0	1	1
AT3TE76355	0	0	0	1	1
AT3TE76360	0	0	0	1	1
AT3TE76400	0	0	0	1	1
AT3TE76405	0	0	0	1	1
AT3TE76410	0	0	0	1	1
AT3TE76430	0	0	0	1	1
AT3TE76460	0	0	0	1	1
AT3TE76465	0	0	0	1	1
AT3TE76470	0	0	0	1	1
AT3TE76475	0	0	0	1	1
AT3TE76480	0	0	0	1	1
AT3TE76490	0	0	0	1	1
AT3TE76495	0	0	0	1	1
AT3TE76530	0	0	0	1	1
AT3TE76570	42.4518900507303	92.8097727549638	-0.908407436409181	0.999999999999999	1
AT3TE76575	0	0	0	1	1
AT3TE76580	0	0	0	1	1
AT3TE76585	0	0	0	1	1
AT3TE76620	0	0	0	1	1
AT3TE76625	75.5908925508842	87.7396244509046	-0.231358231083084	1	1
AT3TE76670	0	0	0	1	1
AT3TE76740	0	0	0	1	1
AT3TE76745	0	0	0	1	1
AT3TE76750	0	0	0	1	1
AT3TE76755	0	0	0	1	1
AT3TE76760	0	0	0	1	1
AT3TE76765	0	0	0	1	1
AT3TE76770	0	0	0	1	1
AT3TE76780	0	0	0	1	1
AT3TE76850	0	0	0	1	1
AT3TE76855	0	0	0	1	1
AT3TE76900	0	0	0	1	1
AT3TE76990	142.085111682864	297.531424268093	-1.03243362071339	0.314573737859249	1
AT3TE77030	0	0	0	1	1
AT3TE77100	0	0	0	1	1
AT3TE77140	0	0	0	1	1
AT3TE77145	0	0	0	1	1
AT3TE77150	0	0	0	1	1
AT3TE77170	0	0	0	1	1
AT3TE77370	1720.64506029057	1568.76320016241	0.145401688573729	0.732404735349659	1
AT3TE77410	0	0	0	1	1
AT3TE77415	0	17.5913948359082	-3.20276764223861	0.502192851505879	1
AT3TE77420	7.55944197094047	0	2.29417294335065	1	1
AT3TE77610	0	0	0	1	1
AT3TE77615	0	0	0	1	1
AT3TE77640	0	0	0	1	1
AT3TE77645	0	0	0	1	1
AT3TE77740	0	0	0	1	1
AT3TE77780	0	0	0	1	1
AT3TE77785	12.9156411395879	0	3.13915052763987	0.501872559085566	1
AT3TE77790	0	0	0	1	1
AT3TE77795	0	0	0	1	1
AT3TE77800	0	0	0	1	1
AT3TE77805	0	0	0	1	1
AT3TE77810	0	0	0	1	1
AT3TE77880	0	0	0	1	1
AT3TE77885	0	0	0	1	1
AT3TE77980	0	0	0	1	1
AT3TE77985	0	0	0	1	1
AT3TE78030	0	0	0	1	1
AT3TE78140	0	0	0	1	1
AT3TE78160	0	0	0	1	1
AT3TE78270	0	0	0	1	1
AT3TE78275	0	0	0	1	1
AT3TE78310	0	0	0	1	1
AT3TE78350	8809.34207049959	11707.8901527414	-0.412247063613601	8.47616891115716e-05	0.344132325039456
AT3TE78550	9.05224126081749	0	2.29434778104569	1	1
AT3TE78555	0	0	0	1	1
AT3TE78560	0	0	0	1	1
AT3TE78630	501.714859956	382.667580453979	0.368380119161689	0.53265522092744	1
AT3TE78780	0	0	0	1	1
AT3TE78840	0	0	0	1	1
AT3TE78850	0	0	0	1	1
AT3TE78855	0	0	0	1	1
AT3TE78880	0	0	0	1	1
AT3TE78885	0	0	0	1	1
AT3TE78890	0	0	0	1	1
AT3TE79000	0	0	0	1	1
AT3TE79005	0	0	0	1	1
AT3TE79010	38.7306546159839	94.6837274798579	-1.2236153003859	0.351512102605169	1
AT3TE79015	3795.89453514811	3268.66583223703	0.216773814708728	0.728209932130558	1
AT3TE79030	0	0	0	1	1
AT3TE79060	0	0	0	1	1
AT3TE79070	0	0	0	1	1
AT3TE79075	0	0	0	1	1
AT3TE79080	9.82960299119078	5.41328119447697	0.788203792273854	0.999999999999999	1
AT3TE79130	0	0	0	1	1
AT3TE79135	0	0	0	1	1
AT3TE79140	0	0	0	1	1
AT3TE79145	0	0	0	1	1
AT3TE79230	161.987475193576	177.071276966707	-0.0566342450886665	1	1
AT3TE79235	0	0	0	1	1
AT3TE79240	0	0	0	1	1
AT3TE79245	0	0	0	1	1
AT3TE79270	0	6.8590300965697	-2.35098261084891	0.999999999999997	1
AT3TE79275	0	0	0	1	1
AT3TE79285	0	0	0	1	1
AT3TE79290	0	0	0	1	1
AT3TE79295	0	0	0	1	1
AT3TE79300	0	0	0	1	1
AT3TE79305	0	0	0	1	1
AT3TE79310	102.592067622598	0	2.29434778105217	1	1
AT3TE79315	0	0	0	1	1
AT3TE79320	0	0	0	1	1
AT3TE79325	0	0	0	1	1
AT3TE79330	79.7720060617665	80.6072164351589	-0.0557300333705732	1	1
AT3TE79360	0	0	0	1	1
AT3TE79365	0	0	0	1	1
AT3TE79370	0	0	0	1	1
AT3TE79470	2965.33609810178	2547.18209407749	0.225406067209078	0.653306659775873	1
AT3TE79620	0	0	0	1	1
AT3TE79690	0	0	0	1	1
AT3TE79695	0	0	0	1	1
AT3TE79750	0	0	0	1	1
AT3TE79790	0	0	0	1	1
AT3TE79795	0	0	0	1	1
AT3TE79820	85.60426165885	33.1835759141242	1.27805967503591	0.235222394923433	1
AT3TE79860	0	0	0	1	1
AT3TE79865	0	0	0	1	1
AT3TE80000	0	0	0	1	1
AT3TE80140	0	0	0	1	1
AT3TE80145	0	0	0	1	1
AT3TE80160	0	0	0	1	1
AT3TE80165	0	0	0	1	1
AT3TE80170	0	0	0	1	1
AT3TE80220	0	0	0	1	1
AT3TE80225	0	0	0	1	1
AT3TE80230	0	0	0	1	1
AT3TE80240	0	0	0	1	1
AT3TE80270	0	0	0	1	1
AT3TE80275	222.993133025108	172.554594753446	0.322183079029586	1	1
AT3TE80310	0	0	0	1	1
AT3TE80315	0	0	0	1	1
AT3TE80530	0	0	0	1	1
AT3TE80610	0	0	0	1	1
AT3TE80615	0	0	0	1	1
AT3TE80620	0	0	0	1	1
AT3TE80760	0	0	0	1	1
AT3TE80920	0	0	0	1	1
AT3TE81070	0	0	0	1	1
AT3TE81075	0	0	0	1	1
AT3TE81080	0	0	0	1	1
AT3TE81085	0	0	0	1	1
AT3TE81320	0	0	0	1	1
AT3TE81325	21.044526691815	44.9782461936354	-0.982836662440253	0.691557175207752	1
AT3TE81330	0	0	0	1	1
AT3TE81360	0	0	0	1	1
AT3TE81365	0	0	0	1	1
AT3TE81400	0	0	0	1	1
AT3TE81500	0	0	0	1	1
AT3TE81505	0	0	0	1	1
AT3TE81510	147.20718696446	154.877794865144	-0.062437770327963	1	1
AT3TE81750	4.55627243327601	0	2.29434778105865	1	1
AT3TE81810	0	0	0	1	1
AT3TE81850	3203.23006370835	4365.08128161244	-0.442085591372192	0.0573965269280464	1
AT3TE81870	0	0	0	1	1
AT3TE81970	0	0	0	1	1
AT3TE82060	0	0	0	1	1
AT3TE82100	0	0	0	1	1
AT3TE82105	0	0	0	1	1
AT3TE82140	0	0	0	1	1
AT3TE82220	0	0	0	1	1
AT3TE82225	26.4463128096323	13.2600615780781	0.789215331395667	0.999999999999998	1
AT3TE82235	0	0	0	1	1
AT3TE82240	0	0	0	1	1
AT3TE82245	0	0	0	1	1
AT3TE82250	0	0	0	1	1
AT3TE82430	0	0	0	1	1
AT3TE82550	0	0	0	1	1
AT3TE82555	0	0	0	1	1
AT3TE82570	0	0	0	1	1
AT3TE82575	0	0	0	1	1
AT3TE82670	538.887197745395	505.271378073968	0.100900583878092	0.830682766320187	1
AT3TE82710	0	0	0	1	1
AT3TE82720	0	0	0	1	1
AT3TE82725	0	0	0	1	1
AT3TE82730	0	0	0	1	1
AT3TE82735	0	0	0	1	1
AT3TE82900	508.317758279909	336.435426236744	0.624139384170866	0.731288276066425	1
AT3TE82950	0	0	0	1	1
AT3TE83010	0	0	0	1	1
AT3TE83015	0	0	0	1	1
AT3TE83230	0	0	0	1	1
AT3TE83260	0	0	0	1	1
AT3TE83265	0	0	0	1	1
AT3TE83270	0	0	0	1	1
AT3TE83275	0	0	0	1	1
AT3TE83280	0	0	0	1	1
AT3TE83285	0	0	0	1	1
AT3TE83290	0	0	0	1	1
AT3TE83330	0	0	0	1	1
AT3TE83360	0	0	0	1	1
AT3TE83365	4.28359363768677	0	2.29434778106513	0.999999999999999	1
AT3TE83370	0	0	0	1	1
AT3TE83375	0	0	0	1	1
AT3TE83410	1766.71201583797	2204.58484834036	-0.318901801365454	0.195360073845776	1
AT3TE83510	0	0	0	1	1
AT3TE83515	0	0	0	1	1
AT3TE83610	2051.27930298374	3109.91551095781	-0.594564099467301	0.0467619206518765	1
AT3TE83670	0	0	0	1	1
AT3TE83700	0	0	0	1	1
AT3TE83890	0	0	0	1	1
AT3TE83900	11203.38160852	12022.5051662727	-0.101526063310046	0.663503969660896	1
AT3TE83980	0	0	0	1	1
AT3TE83985	0	0	0	1	1
AT3TE83990	0	0	0	1	1
AT3TE83995	0	0	0	1	1
AT3TE84000	0	0	0	1	1
AT3TE84005	0	0	0	1	1
AT3TE84060	0	0	0	1	1
AT3TE84065	12.6137788060572	51.4490858031785	-1.82564262254717	0.379864077537068	1
AT3TE84075	0	0	0	1	1
AT3TE84080	0	68.0683161008009	-2.34990268524405	0.999999999999994	1
AT3TE84100	0	0	0	1	1
AT3TE84110	0	0	0	1	1
AT3TE84115	0	0	0	1	1
AT3TE84120	0	0	0	1	1
AT3TE84280	6.85470385006224	0	2.29434778107161	0.999999999999996	1
AT3TE84285	0	0	0	1	1
AT3TE84290	0	0	0	1	1
AT3TE84300	0	0	0	1	1
AT3TE84390	0	0	0	1	1
AT3TE84395	0	0	0	1	1
AT3TE84400	0	0	0	1	1
AT3TE84410	10.4438802079143	5.79561457772168	0.787942996260873	1	1
AT3TE84415	0	0	0	1	1
AT3TE84420	0	0	0	1	1
AT3TE84440	520.581778049379	820.522785562146	-0.644262250623572	0.378848063228203	1
AT3TE84470	0	0	0	1	1
AT3TE84475	0	0	0	1	1
AT3TE84480	0	0	0	1	1
AT3TE84490	0	0	0	1	1
AT3TE84540	0	0	0	1	1
AT3TE84545	0	0	0	1	1
AT3TE84550	0	0	0	1	1
AT3TE84555	102.592067622598	0	2.29434778107809	1	1
AT3TE84620	13.5327510283354	15.0194386712832	-0.0568092733384475	1	1
AT3TE84630	0	0	0	1	1
AT3TE84650	0	0	0	1	1
AT3TE84800	0	0	0	1	1
AT3TE84810	0	0	0	1	1
AT3TE84900	0	0	0	1	1
AT3TE84905	0	0	0	1	1
AT3TE84910	0	0	0	1	1
AT3TE84915	20.9506505990947	0	3.66854978802639	0.252821800516604	1
AT3TE85140	0	78.6983453185365	-3.20276762578132	0.502192821578548	1
AT3TE85180	1307.34688433573	2249.77169166847	-0.777749919638668	0.049075898808936	1
AT3TE85210	0	0	0	1	1
AT3TE85215	0	0	0	1	1
AT3TE85240	0	0	0	1	1
AT3TE85245	0	0	0	1	1
AT3TE85250	0	0	0	1	1
AT3TE85260	0	0	0	1	1
AT3TE85440	0	0	0	1	1
AT3TE85480	0	0	0	1	1
AT3TE85485	0	0	0	1	1
AT3TE85550	0	0	0	1	1
AT3TE85850	0	0	0	1	1
AT3TE85855	498.610062719078	200.225549664692	1.26787686819301	0.105684091811477	1
AT3TE85880	0	0	0	1	1
AT3TE85960	0	0	0	1	1
AT3TE85990	176.587198097178	115.138742845157	0.596439285155967	0.343153212555084	1
AT3TE85995	303.133623034713	0	2.29417294333883	0.999999999999991	1
AT3TE86010	0	0	0	1	1
AT3TE86110	106.106758531232	192.983770847589	-0.824659650503235	0.224661239578951	1
AT3TE86150	0	11.9941328426647	-2.35098261065755	0.999999999999997	1
AT3TE86250	0	0	0	1	1
AT3TE86320	0	0	0	1	1
AT3TE86450	4062.18797788622	4416.89471788679	-0.1235008527876	0.52316671000908	1
AT3TE86540	61.0336153761167	43.1371039389495	0.466576815800019	0.999999999999999	1
AT3TE86570	0	0	0	1	1
AT3TE86730	0	0	0	1	1
AT3TE86735	0	0	0	1	1
AT3TE86800	3.76510667528812	6.27679144372139	-0.751376768614278	0.737454161692274	1
AT3TE86805	0	0	0	1	1
AT3TE86815	0	0	0	1	1
AT3TE86960	0	0	0	1	1
AT3TE86965	0	0	0	1	1
AT3TE86990	292.43836934248	607.372922146195	-1.05237750077886	0.0805477460395093	1
AT3TE87020	0	0	0	1	1
AT3TE87080	0	0	0	1	1
AT3TE87270	0	0	0	1	1
AT3TE87275	0	0	0	1	1
AT3TE87420	0	0	0	1	1
AT3TE87460	30.6244977977905	45.7175257393439	-0.591832453718457	1	1
AT3TE87465	0	0	0	1	1
AT3TE87500	303.697860750513	55.6091613614452	2.25980261177755	0.129978335894675	1
AT3TE87520	37.6925133582359	12.6312339156125	1.31845340382141	0.62779968005641	1
AT3TE87630	7.69374677753078	0	2.29417294332701	0.999999999999995	1
AT3TE87740	0	0	0	1	1
AT3TE87745	0	0	0	1	1
AT3TE87750	0	0	0	1	1
AT3TE87755	0	0	0	1	1
AT3TE87760	0	0	0	1	1
AT3TE87960	0	0	0	1	1
AT3TE87990	0	0	0	1	1
AT3TE87995	0	0	0	1	1
AT3TE88020	0	0	0	1	1
AT3TE88025	0	0	0	1	1
AT3TE88030	0	0	0	1	1
AT3TE88035	0	0	0	1	1
AT3TE88120	0	0	0	1	1
AT3TE88125	1975.24517569791	2797.6522140774	-0.483112972142791	0.75600889571715	1
AT3TE88180	1362.44172087228	1101.62389952973	0.32215490935685	0.607000190876539	1
AT3TE88185	2.98666863530126	0	2.29434778108457	0.999999999999994	1
AT3TE88260	0	0	0	1	1
AT3TE88340	0	0	0	1	1
AT3TE88345	0	0	0	1	1
AT3TE88350	0	0	0	1	1
AT3TE88380	10406.9583473451	8239.30900856013	0.335094787883038	0.048910724153253	1
AT3TE88390	0	0	0	1	1
AT3TE88570	0	0	0	1	1
AT3TE88630	0	0	0	1	1
AT3TE88640	8119.19839055499	8669.41078497416	-0.093973652620505	0.608320135632198	1
AT3TE88720	0	0	0	1	1
AT3TE88790	0	0	0	1	1
AT3TE89080	0	0	0	1	1
AT3TE89085	0	0	0	1	1
AT3TE89130	0	0	0	1	1
AT3TE89135	0	0	0	1	1
AT3TE89370	0	0	0	1	1
AT3TE89375	0	0	0	1	1
AT3TE89380	0	0	0	1	1
AT3TE89385	24.5784018676794	9.09284935774983	1.3170282033555	0.628730644121421	1
AT3TE89480	0	0	0	1	1
AT3TE89485	0	0	0	1	1
AT3TE89490	0	0	0	1	1
AT3TE89540	0	0	0	1	1
AT3TE89545	0	0	0	1	1
AT3TE89570	0	0	0	1	1
AT3TE89620	0	0	0	1	1
AT3TE89660	0	0	0	1	1
AT3TE89680	0	0	0	1	1
AT3TE89690	0	0	0	1	1
AT3TE89720	0	0	0	1	1
AT3TE89725	0	0	0	1	1
AT3TE89780	0	0	0	1	1
AT3TE89810	0	0	0	1	1
AT3TE89815	0	0	0	1	1
AT3TE89820	0	0	0	1	1
AT3TE89825	0	0	0	1	1
AT3TE89830	0	0	0	1	1
AT3TE89880	191.704951234502	135.760135404757	0.453035921214441	0.545219770448942	1
AT3TE89885	0	0	0	1	1
AT3TE89940	0	0	0	1	1
AT3TE90030	0	0	0	1	1
AT3TE90040	0	0	0	1	1
AT3TE90045	0	0	0	1	1
AT3TE90050	0	0	0	1	1
AT3TE90270	0	0	0	1	1
AT3TE90275	0	0	0	1	1
AT3TE90280	0	0	0	1	1
AT3TE90285	0	0	0	1	1
AT3TE90450	0	0	0	1	1
AT3TE90455	0	0	0	1	1
AT3TE90460	0	9.9097327315683	-2.35098261046619	1	1
AT3TE90530	0	0	0	1	1
AT3TE90535	0	0	0	1	1
AT3TE90540	0	0	0	1	1
AT3TE90545	0	0	0	1	1
AT3TE90550	0	0	0	1	1
AT3TE90555	0	0	0	1	1
AT3TE90560	0	0	0	1	1
AT3TE90565	0	0	0	1	1
AT3TE90570	0	0	0	1	1
AT3TE90620	0	0	0	1	1
AT3TE90650	0	0	0	1	1
AT3TE90870	0	0	0	1	1
AT3TE90875	0	0	0	1	1
AT3TE91080	52.2644177646056	110.817732532819	-0.907412102471004	1	1
AT3TE91085	652.878705316569	487.517550911672	0.380834267289736	0.658386445152113	1
AT3TE91170	0	0	0	1	1
AT3TE91175	0	0	0	1	1
AT3TE91180	0	0	0	1	1
AT3TE91185	0	0	0	1	1
AT3TE91190	0	0	0	1	1
AT3TE91195	0	0	0	1	1
AT3TE91200	0	0	0	1	1
AT3TE91205	0	0	0	1	1
AT3TE91210	0	0	0	1	1
AT3TE91220	0	0	0	1	1
AT3TE91225	0	0	0	1	1
AT3TE91380	0	0	0	1	1
AT3TE91450	0	0	0	1	1
AT3TE91510	0	0	0	1	1
AT3TE91515	0	0	0	1	1
AT3TE91560	0	0	0	1	1
AT3TE91590	0	0	0	1	1
AT3TE91740	0	0	0	1	1
AT3TE91745	87.7311949959196	83.3324061571824	0.0759002919080029	0.879842894683586	1
AT3TE91750	0	0	0	1	1
AT3TE91780	15.2742532440593	0	2.29434778109105	0.999999999999997	1
AT3TE91790	0	0	0	1	1
AT3TE91810	0	0	0	1	1
AT3TE91815	0	0	0	1	1
AT3TE91820	0	0	0	1	1
AT3TE91825	0	0	0	1	1
AT3TE91830	0	0	0	1	1
AT3TE91835	50.0449110354137	0	2.29434778109753	1	1
AT3TE91840	39.5896774929052	47.0962630394486	-0.253756247753017	1	1
AT3TE91845	623.377373369905	324.855738741694	0.897864257191591	0.312120358801455	1
AT3TE91850	439.611746138953	282.501067627349	0.642928725774906	0.0672566173799178	1
AT3TE91855	373.075861394139	248.281774280516	0.565859953604458	0.491474582218833	1
AT3TE91865	63.8075706064377	99.3769917428222	-0.632428497173274	0.616604251053876	1
AT3TE91870	23.5549011079323	37.003738596962	-0.65437805356501	0.573039779499288	1
AT3TE91875	0	0	0	1	1
AT3TE91920	0	0	0	1	1
AT3TE91925	0	0	0	1	1
AT3TE91930	0	0	0	1	1
AT3TE91940	0	0	0	1	1
AT3TE91945	0	0	0	1	1
AT3TE91950	0	0	0	1	1
AT3TE91990	197.506629540942	248.336792281325	-0.325930512256579	0.376270737191075	1
AT3TE91995	0	0	0	1	1
AT3TE92000	0	0	0	1	1
AT3TE92005	0	0	0	1	1
AT3TE92010	56.9265019783498	60.3514411915819	-0.0626153686657443	1	1
AT3TE92015	0	0	0	1	1
AT3TE92020	151.566811517356	168.217713118372	-0.0568092732075811	1	1
AT3TE92025	0	0	0	1	1
AT3TE92030	0	82.8535230682217	-4.68161850191038	0.0344890345576119	1
AT3TE92035	0	0	0	1	1
AT3TE92070	0	0	0	1	1
AT3TE92210	1125.83656353384	1278.25917047308	-0.188140761760983	0.556733171102447	1
AT3TE92280	0	0	0	1	1
AT3TE92285	0	0	0	1	1
AT3TE92290	0	0	0	1	1
AT3TE92295	14.9916521693867	7.51674656327862	0.789215335919626	0.999999999999999	1
AT3TE92305	0	0	0	1	1
AT3TE92310	0	0	0	1	1
AT3TE92315	0	0	0	1	1
AT3TE92340	0	0	0	1	1
AT3TE92345	0	0	0	1	1
AT3TE92350	0	0	0	1	1
AT3TE92355	0	0	0	1	1
AT3TE92360	0	0	0	1	1
AT3TE92410	0	0	0	1	1
AT3TE92415	12.5391364233594	6.33521039200835	0.789098777302899	1	1
AT3TE92420	0	0	0	1	1
AT3TE92425	0	0	0	1	1
AT3TE92430	123.519384991516	301.964320070898	-1.22361529386555	0.351512351604197	1
AT3TE92470	0	0	0	1	1
AT3TE92475	0	0	0	1	1
AT3TE92520	284.144105070934	569.874274332286	-0.978881378649183	0.692890229361324	1
AT3TE92525	0	1.35768937141543	-2.35098261027483	1	1
AT3TE92550	0	200.200929708238	-4.4132618542298	0.078540146910242	1
AT3TE92720	8.83771495728025	0	2.29417294331519	1	1
AT3TE92725	0	0	0	1	1
AT3TE92730	0	0	0	1	1
AT3TE92735	0	0	0	1	1
AT3TE92780	0	0	0	1	1
AT3TE92785	0	0	0	1	1
AT3TE92795	623.944255869452	648.10207910698	-0.0633050253917468	0.937890194508663	1
AT3TE92800	0	0	0	1	1
AT3TE92805	0	0	0	1	1
AT3TE92810	1973.80065725178	2945.00011458183	-0.5631894634547	0.48497313191203	1
AT3TE92910	0	0	0	1	1
AT3TE92980	0	0	0	1	1
AT3TE93100	0	49.8422853684065	-2.35098261008348	0.999999999999997	1
AT3TE93140	0	0	0	1	1
AT3TE93145	0	0	0	1	1
AT3TE93310	2062.74393608583	1715.4601762901	0.261911871963259	0.695609836922225	1
AT3TE93590	0	0	0	1	1
AT3TE93620	0	0	0	1	1
AT3TE93625	0	0	0	1	1
AT3TE93630	0	0	0	1	1
AT3TE93690	68.1199152886995	0	2.29417294330337	0.999999999999996	1
AT3TE93740	577.397377208977	942.115183671242	-0.665641958609448	0.754910874526439	1
AT3TE94070	0	0	0	1	1
AT3TE94080	23.0967798072782	11.5806208867147	0.789215340443679	0.999999999999999	1
AT3TE94130	0	0	0	1	1
AT3TE94135	0	0	0	1	1
AT3TE94190	111.918619224653	0	2.29434778110401	1	1
AT3TE94195	0	0	0	1	1
AT3TE94200	0	0	0	1	1
AT3TE94210	0	0	0	1	1
AT3TE94215	0	0	0	1	1
AT3TE94220	0	3.14867034381604	-3.73545636493584	0.253986294075872	1
AT3TE94230	0	0	0	1	1
AT3TE94235	0	0	0	1	1
AT3TE94240	0	0	0	1	1
AT3TE94245	0	0	0	1	1
AT3TE94255	0	0	0	1	1
AT3TE94260	0	0	0	1	1
AT3TE94265	0	0	0	1	1
AT3TE94310	0	0	0	1	1
AT3TE94315	396.694692144485	119.340554202703	1.59184598791895	0.0998271847883207	1
AT3TE94380	0	0	0	1	1
AT3TE94440	0	0	0	1	1
AT3TE94445	0	0	0	1	1
AT3TE94450	537.672617021894	238.517812296682	1.15367013911821	0.156347750828859	1
AT3TE94580	3.15102332088861	0	3.1393372881422	0.502159313906121	1
AT3TE94585	0	0	0	1	1
AT3TE94640	0	39.4615497357152	-3.73283740688119	0.252789046682342	1
AT3TE94650	0	0	0	1	1
AT3TE94780	0	0	0	1	1
AT3TE94785	0	0	0	1	1
AT3TE94880	0	0	0	1	1
AT3TE94885	0	0	0	1	1
AT3TE94920	435.700935668493	358.673626742159	0.239163325707911	1	1
AT3TE95080	776.208286822141	998.894248353814	-0.367852871638877	0.727495176494837	1
AT3TE95170	0	0	0	1	1
AT3TE95175	0	0	0	1	1
AT3TE95180	0	0	0	1	1
AT3TE95250	287.13406772897	538.423328745841	-0.882054290731644	0.245622351372102	1
AT3TE95460	75.7834057586782	84.1088565591859	-0.0568092730767148	1	1
AT4TE00010	0	0	0	1	1
AT4TE00015	0	0	0	1	1
AT4TE00080	1543.55439825077	1966.13727443504	-0.351577793999572	0.594131633481665	1
AT4TE00085	0	0	0	1	1
AT4TE00090	0	19.3865457249116	-2.34990268512435	1	1
AT4TE00160	130.660181127552	250.994857485697	-0.931732857199782	0.0224133774297373	1
AT4TE00165	0	117.81054709754	-2.34990268500465	1	1
AT4TE00200	0	0	0	1	1
AT4TE00205	0	0	0	1	1
AT4TE00215	0	0	0	1	1
AT4TE00225	0	0	0	1	1
AT4TE00230	0	0	0	1	1
AT4TE00235	0	0	0	1	1
AT4TE00300	0	0	0	1	1
AT4TE00305	0	0	0	1	1
AT4TE00310	0	0	0	1	1
AT4TE00315	0	0	0	1	1
AT4TE00320	0	0	0	1	1
AT4TE00370	0	0	0	1	1
AT4TE00375	0	0	0	1	1
AT4TE00380	0	0	0	1	1
AT4TE00385	0	0	0	1	1
AT4TE00450	7.21746721511221	7.29303386794295	-0.0557300332133055	1	1
AT4TE00510	0	0	0	1	1
AT4TE00515	133.815740377302	146.276272276845	-0.0566342449626821	1	1
AT4TE00540	0	0	0	1	1
AT4TE00545	0	0	0	1	1
AT4TE00550	0	0	0	1	1
AT4TE00555	0	0	0	1	1
AT4TE00590	61.5552405735589	87.707580077589	-0.453579769253966	1	1
AT4TE00595	0	0	0	1	1
AT4TE00600	0	0	0	1	1
AT4TE00605	0	0	0	1	1
AT4TE00610	0	0	0	1	1
AT4TE00615	0	0	0	1	1
AT4TE00620	0	0	0	1	1
AT4TE00660	0	0	0	1	1
AT4TE00680	0	0	0	1	1
AT4TE00690	213.458680791951	146.397398670269	0.513664373511348	0.398109496262069	1
AT4TE00695	0	0	0	1	1
AT4TE00740	0	0	0	1	1
AT4TE00745	0	0	0	1	1
AT4TE00750	0	16.8639311396864	-2.35098260989212	0.999999999999997	1
AT4TE00800	0	0	0	1	1
AT4TE00810	0	0	0	1	1
AT4TE00815	0	0	0	1	1
AT4TE00850	0	0	0	1	1
AT4TE00940	149.695616313438	0	3.13896427663618	0.502157956583703	1
AT4TE00945	2308.22545932303	1781.67684708082	0.385637370841308	0.322577254173648	1
AT4TE00950	5.41382942599463	0	2.29434778111049	1	1
AT4TE00955	13.8637929219727	0	2.29434778111697	0.999999999999995	1
AT4TE00960	0	0	0	1	1
AT4TE00965	0	0	0	1	1
AT4TE00975	0	0	0	1	1
AT4TE01030	776.342832958902	952.039886455718	-0.305344600510225	0.589891181282191	1
AT4TE01100	21.8280994941698	0	2.29434778112345	0.999999999999998	1
AT4TE01130	0	0	0	1	1
AT4TE01410	0	0	0	1	1
AT4TE01415	0	0	0	1	1
AT4TE01420	872.942266488977	640.521596355877	0.423457992765099	0.37206857843011	1
AT4TE01550	0	0	0	1	1
AT4TE01555	0	0	0	1	1
AT4TE01580	0	0	0	1	1
AT4TE01620	0	0	0	1	1
AT4TE01625	0	0	0	1	1
AT4TE01630	0	0	0	1	1
AT4TE01635	0	0	0	1	1
AT4TE01640	6.26956821167968	0	2.29417294329155	0.999999999999991	1
AT4TE01645	0	0	0	1	1
AT4TE01650	130.968596965019	286.328022329144	-0.90840742149478	1	1
AT4TE01690	0	9.47705426018996	-2.35098260970076	0.999999999999998	1
AT4TE01695	0	0	0	1	1
AT4TE01700	0	0	0	1	1
AT4TE01705	990.832331692431	739.519691800482	0.400843343264462	0.469287901768796	1
AT4TE01750	25.473413700396	54.0120040916258	-0.982024405637361	0.690975095949277	1
AT4TE01820	0	0	0	1	1
AT4TE01825	0	0	0	1	1
AT4TE01880	0	0	0	1	1
AT4TE01900	0	0	0	1	1
AT4TE01930	0	0	0	1	1
AT4TE01935	0	0	0	1	1
AT4TE01940	0	0	0	1	1
AT4TE01950	0	0	0	1	1
AT4TE01955	0	0	0	1	1
AT4TE01960	0	0	0	1	1
AT4TE01965	0	0	0	1	1
AT4TE01975	0	0	0	1	1
AT4TE01985	3981.84109884351	5697.64763138875	-0.515584108037283	0.0108838050977445	1
AT4TE02100	290.28691873091	539.580585609315	-0.859844746442205	0.317607829638941	1
AT4TE02130	0	0	0	1	1
AT4TE02135	0	0	0	1	1
AT4TE02140	717.351977581455	674.938816497331	0.113366906547908	1	1
AT4TE02150	0	0	0	1	1
AT4TE02155	18.4837575021166	0	2.29417294327973	0.999999999999996	1
AT4TE02160	0	0	0	1	1
AT4TE02165	0	0	0	1	1
AT4TE02200	0	0	0	1	1
AT4TE02250	0	0	0	1	1
AT4TE02270	0	55.692258627928	-2.34990268488495	0.999999999999997	1
AT4TE02340	731.581701378364	1061.67356849895	-0.539768920901461	0.137267846394047	1
AT4TE02380	0	0	0	1	1
AT4TE02400	158.134616655808	165.284193881596	-0.0683716801783815	1	1
AT4TE02405	0	0	0	1	1
AT4TE02410	0	0	0	1	1
AT4TE02415	0	0	0	1	1
AT4TE02425	0	0	0	1	1
AT4TE02430	0	0	0	1	1
AT4TE02435	0	0	0	1	1
AT4TE02460	0	0	0	1	1
AT4TE02465	0	0	0	1	1
AT4TE02470	0	0	0	1	1
AT4TE02475	0	0	0	1	1
AT4TE02530	0	0	0	1	1
AT4TE02535	46.6327580102719	0	2.29434778112993	1	1
AT4TE02540	0	0	0	1	1
AT4TE02545	0	0	0	1	1
AT4TE02550	0	0	0	1	1
AT4TE02555	0	0	0	1	1
AT4TE02590	0	0	0	1	1
AT4TE02595	0	0	0	1	1
AT4TE02600	0	0	0	1	1
AT4TE02605	0	0	0	1	1
AT4TE02720	0	0	0	1	1
AT4TE02725	0	0	0	1	1
AT4TE02730	0	0	0	1	1
AT4TE02735	0	0	0	1	1
AT4TE02745	0	0	0	1	1
AT4TE02750	0	0	0	1	1
AT4TE02900	18.5971547874057	0	2.29417294326791	0.99999999999999	1
AT4TE02905	50.2431419394551	0	3.66814595243668	0.253793000286693	1
AT4TE02915	0	0	0	1	1
AT4TE02920	0	0	0	1	1
AT4TE02925	0	0	0	1	1
AT4TE02930	0	0	0	1	1
AT4TE02940	0	0	0	1	1
AT4TE02945	0	0	0	1	1
AT4TE02950	0	0	0	1	1
AT4TE02990	543.234343701424	694.857133719295	-0.348582389971684	0.485333280786848	1
AT4TE02995	11.5699856120119	56.059824900406	-2.10702348948161	0.0720785999383727	1
AT4TE03040	0	0	0	1	1
AT4TE03045	25.3313747216292	0	2.29434778113641	0.999999999999996	1
AT4TE03070	0	0	0	1	1
AT4TE03075	0	0	0	1	1
AT4TE03080	0	3.52685575651818	-2.34990268476525	1	1
AT4TE03085	0	0	0	1	1
AT4TE03090	0	0	0	1	1
AT4TE03095	0	0	0	1	1
AT4TE03100	0	0	0	1	1
AT4TE03105	0	0	0	1	1
AT4TE03110	0	0	0	1	1
AT4TE03140	0	0	0	1	1
AT4TE03145	0	0	0	1	1
AT4TE03150	0	0	0	1	1
AT4TE03160	0	0	0	1	1
AT4TE03165	0	0	0	1	1
AT4TE03175	0	60.2101029218124	-4.12100777896785	0.127662498617277	1
AT4TE03200	0	0	0	1	1
AT4TE03205	0	0	0	1	1
AT4TE03210	0	0	0	1	1
AT4TE03215	0	0	0	1	1
AT4TE03220	0	0	0	1	1
AT4TE03225	8.51498941108743	0	2.2941729432561	1	1
AT4TE03230	0	0	0	1	1
AT4TE03235	0	0	0	1	1
AT4TE03280	0	0	0	1	1
AT4TE03285	0	0	0	1	1
AT4TE03295	5.28803720002311	3.19625136473326	0.627864956664459	0.732719198670052	1
AT4TE03300	0	0	0	1	1
AT4TE03305	0	0	0	1	1
AT4TE03310	0	0	0	1	1
AT4TE03350	0	71.5820055822859	-2.3509826095094	1	1
AT4TE03355	0	0	0	1	1
AT4TE03360	0	0	0	1	1
AT4TE03365	0	0	0	1	1
AT4TE03370	0	0	0	1	1
AT4TE03375	0	0	0	1	1
AT4TE03380	0	0	0	1	1
AT4TE03410	4152.46436412306	4415.69013705168	-0.0872132673689385	0.680295665014035	1
AT4TE03415	182.629134711345	150.342238754198	0.239163340735285	1	1
AT4TE03420	0	0	0	1	1
AT4TE03425	0	0	0	1	1
AT4TE03430	17.2950510678755	6.36585480107367	1.31744122486161	0.627810551086126	1
AT4TE03440	138.993875362034	108.254099304685	0.380549079215438	0.786857239720323	1
AT4TE03460	516.405150163409	141.657021573366	1.80810178048173	0.119612142998256	1
AT4TE03520	0	0	0	1	1
AT4TE03525	0	0	0	1	1
AT4TE03530	0	0	0	1	1
AT4TE03560	0	0	0	1	1
AT4TE03565	0	0	0	1	1
AT4TE03570	0	0	0	1	1
AT4TE03590	0	0	0	1	1
AT4TE03595	0	0	0	1	1
AT4TE03600	0	0	0	1	1
AT4TE03640	8.79923434063027	0	2.29417294324428	0.999999999999996	1
AT4TE03670	0	0	0	1	1
AT4TE03730	0	0	0	1	1
AT4TE03735	0	0	0	1	1
AT4TE03740	0	0	0	1	1
AT4TE03780	0	0	0	1	1
AT4TE03785	0	0	0	1	1
AT4TE03790	0	0	0	1	1
AT4TE03800	0	0	0	1	1
AT4TE03805	0	0	0	1	1
AT4TE03810	0	0	0	1	1
AT4TE03815	0	0	0	1	1
AT4TE03900	177.44731492724	180.351976609059	-0.0130061344439959	1	1
AT4TE03905	344.922056202724	546.356293999312	-0.632011552075608	0.651988506641379	1
AT4TE03910	0	0	0	1	1
AT4TE03915	0	0	0	1	1
AT4TE03920	0	0	0	1	1
AT4TE03925	0	0	0	1	1
AT4TE03930	279.796548061631	92.8204310465466	1.3190179757231	0.628740453851666	1
AT4TE04080	0	0	0	1	1
AT4TE04085	0	0	0	1	1
AT4TE04090	82.0255382830626	60.0777546851328	0.465875907615958	0.999999999999999	1
AT4TE04095	0	0	0	1	1
AT4TE04105	0	0	0	1	1
AT4TE04200	0	0	0	1	1
AT4TE04220	11.1446184939233	24.7378989879959	-0.908597535460315	1	1
AT4TE04260	197.631015986426	36.3713974309993	2.25949049687074	0.129929533992937	1
AT4TE04265	0	0	0	1	1
AT4TE04275	0	0	0	1	1
AT4TE04280	0	0	0	1	1
AT4TE04360	0	0	0	1	1
AT4TE04410	0	0	0	1	1
AT4TE04415	75.4834519798253	73.866045535481	0.0426857010033023	1	1
AT4TE04425	0	0	0	1	1
AT4TE04430	0	0	0	1	1
AT4TE04435	0	0	0	1	1
AT4TE04440	0	0	0	1	1
AT4TE04470	155.976976826172	265.815338902325	-0.777336482764542	0.476943403891963	1
AT4TE04480	0	0	0	1	1
AT4TE04660	67.6431215094054	0	2.2943477811429	1	1
AT4TE04665	1575.10426257597	2084.17512367086	-0.400534378808358	0.370213369718041	1
AT4TE04670	0	0	0	1	1
AT4TE04675	0	0	0	1	1
AT4TE04680	0	0	0	1	1
AT4TE04685	0	0	0	1	1
AT4TE04690	0	0	0	1	1
AT4TE04695	0	0	0	1	1
AT4TE04710	0	0	0	1	1
AT4TE04715	0	0	0	1	1
AT4TE04725	0	0	0	1	1
AT4TE04780	0	0	0	1	1
AT4TE04850	0	0	0	1	1
AT4TE04860	0	0	0	1	1
AT4TE04890	613.695373802356	134.574170494697	2.0085483512088	0.225193867733037	1
AT4TE04895	0	0	0	1	1
AT4TE04900	0	0	0	1	1
AT4TE04905	0	0	0	1	1
AT4TE04910	0	0	0	1	1
AT4TE04915	0	0	0	1	1
AT4TE05010	0	0	0	1	1
AT4TE05015	0	0	0	1	1
AT4TE05020	0	0	0	1	1
AT4TE05025	0	0	0	1	1
AT4TE05100	0	0	0	1	1
AT4TE05105	0	0	0	1	1
AT4TE05110	0	0	0	1	1
AT4TE05115	0	0	0	1	1
AT4TE05140	0	0	0	1	1
AT4TE05150	0	0	0	1	1
AT4TE05155	0	0	0	1	1
AT4TE05160	0	0	0	1	1
AT4TE05165	0	0	0	1	1
AT4TE05175	0	0	0	1	1
AT4TE05180	0	0	0	1	1
AT4TE05185	0	0	0	1	1
AT4TE05190	0	0	0	1	1
AT4TE05200	0	13.4345360725265	-2.34990268464555	0.999999999999992	1
AT4TE05210	0	0	0	1	1
AT4TE05220	0	0	0	1	1
AT4TE05230	336.815136705236	0	3.66814596502629	0.25379284744357	1
AT4TE05235	15.7833950188613	0	2.29434778114938	1	1
AT4TE05240	110.230408376259	111.384517255856	-0.0614240249141555	1	1
AT4TE05245	455.964744989325	1655.21182853678	-1.75268590039878	0.186568812268539	1
AT4TE05250	0	0	0	1	1
AT4TE05255	42.0097320892487	9.26819356024087	2.00832643806655	0.223751403405822	1
AT4TE05310	288.698688604488	0	2.29417294323246	1	1
AT4TE05315	0	0	0	1	1
AT4TE05320	0	0	0	1	1
AT4TE05400	0	0	0	1	1
AT4TE05540	0	0	0	1	1
AT4TE05545	0	0	0	1	1
AT4TE05550	0	0	0	1	1
AT4TE05560	28.7486976895297	30.2467222913105	-0.062437771074305	1	1
AT4TE05565	0	0	0	1	1
AT4TE05570	0	0	0	1	1
AT4TE05575	0	0	0	1	1
AT4TE05580	0	0	0	1	1
AT4TE05585	0	0	0	1	1
AT4TE05590	0	0	0	1	1
AT4TE05595	0	0	0	1	1
AT4TE05600	0	0	0	1	1
AT4TE05810	0	24.4556824314255	-3.20045141006004	0.502151108498965	1
AT4TE05815	0	0	0	1	1
AT4TE05820	0	0	0	1	1
AT4TE05825	0	0	0	1	1
AT4TE05830	0	0	0	1	1
AT4TE05880	39.625310200616	13.3467286472159	1.31837285073688	0.628719366388569	1
AT4TE06050	55.9593096123263	122.34015499518	-0.908407406580877	0.999999999999998	1
AT4TE06055	0	0	0	1	1
AT4TE06060	0	0	0	1	1
AT4TE06080	0	0	0	1	1
AT4TE06120	0	0	0	1	1
AT4TE06125	0	0	0	1	1
AT4TE06130	0	0	0	1	1
AT4TE06135	0	0	0	1	1
AT4TE06140	0	0	0	1	1
AT4TE06145	0	0	0	1	1
AT4TE06200	0	0	0	1	1
AT4TE06210	0	0	0	1	1
AT4TE06260	1029.45952501264	910.761843337251	0.161890584124603	0.794382983634174	1
AT4TE06290	0	0	0	1	1
AT4TE06295	0	0	0	1	1
AT4TE06300	0	0	0	1	1
AT4TE06305	0	0	0	1	1
AT4TE06310	0	0	0	1	1
AT4TE06315	0	0	0	1	1
AT4TE06320	0	0	0	1	1
AT4TE06380	10.1297785475259	0	3.13896427854861	0.502157933938839	1
AT4TE06385	13.1247847704816	0	2.29434778115586	0.999999999999995	1
AT4TE06410	0	0	0	1	1
AT4TE06415	0	0	0	1	1
AT4TE06420	0	0	0	1	1
AT4TE06430	313.916905902256	297.268502690803	0.0958682005246408	1	1
AT4TE06435	0	0	0	1	1
AT4TE06460	220.251433478848	457.373624647687	-1.00880584904821	0.514532058529115	1
AT4TE06500	0	0	0	1	1
AT4TE06510	0	0	0	1	1
AT4TE06540	0	0	0	1	1
AT4TE06545	0	0	0	1	1
AT4TE06550	0	0	0	1	1
AT4TE06555	2.32811046042205	0	2.29434778116234	0.999999999999996	1
AT4TE06560	0	0	0	1	1
AT4TE06580	0	37.1751852195297	-3.2027676093246	0.502192791652253	1
AT4TE06585	0	0	0	1	1
AT4TE06595	0	0	0	1	1
AT4TE06600	0	0	0	1	1
AT4TE06640	0	0	0	1	1
AT4TE06645	0	0	0	1	1
AT4TE06650	0	0	0	1	1
AT4TE06655	0	0	0	1	1
AT4TE06660	0	0	0	1	1
AT4TE06665	0	0	0	1	1
AT4TE06670	0	0	0	1	1
AT4TE06675	0	0	0	1	1
AT4TE06680	1095.72726548067	934.942169577815	0.230224039033387	0.0484738621201642	1
AT4TE06685	0	0	0	1	1
AT4TE06710	0	0	0	1	1
AT4TE06830	0	0	0	1	1
AT4TE06835	0	0	0	1	1
AT4TE06840	0	0	0	1	1
AT4TE06845	0	0	0	1	1
AT4TE06860	0	0	0	1	1
AT4TE06865	0	0	0	1	1
AT4TE06870	0	0	0	1	1
AT4TE06875	0	0	0	1	1
AT4TE06880	10.6714714824334	16.058726214772	-0.534749685424833	0.779622005263844	1
AT4TE06910	37.8106045162787	35.0945219748377	0.09742069576424	1	1
AT4TE06950	30.0132300034369	49.9656573618926	-0.596747194647646	1	1
AT4TE06955	0	136.753797593691	-3.20159066982603	0.501869846788786	1
AT4TE06990	0	0	0	1	1
AT4TE07030	0	0	0	1	1
AT4TE07035	0	0	0	1	1
AT4TE07110	0	0	0	1	1
AT4TE07115	0	0	0	1	1
AT4TE07125	0	0	0	1	1
AT4TE07130	0	0	0	1	1
AT4TE07310	0	0	0	1	1
AT4TE07315	0	0	0	1	1
AT4TE07320	0	0	0	1	1
AT4TE07360	0	0	0	1	1
AT4TE07365	0	0	0	1	1
AT4TE07390	0	0	0	1	1
AT4TE07395	0	0	0	1	1
AT4TE07400	0	0	0	1	1
AT4TE07405	0	0	0	1	1
AT4TE07410	0	1.73447011581882	-2.34990268452585	1	1
AT4TE07415	0	0	0	1	1
AT4TE07420	0	0	0	1	1
AT4TE07425	0	0	0	1	1
AT4TE07430	0	0	0	1	1
AT4TE07435	0	0	0	1	1
AT4TE07440	0	0	0	1	1
AT4TE07530	0	0	0	1	1
AT4TE07535	0	0	0	1	1
AT4TE07540	0	0	0	1	1
AT4TE07560	0	0	0	1	1
AT4TE07565	0	0	0	1	1
AT4TE07570	9.94430380832939	16.3054326124432	-0.596255004902831	0.999999999999999	1
AT4TE07710	0	0	0	1	1
AT4TE07715	0	0	0	1	1
AT4TE07740	0	0	0	1	1
AT4TE07800	0	0	0	1	1
AT4TE07840	15.8884220000652	0	3.13915052765106	0.501872576316366	1
AT4TE07970	0	0	0	1	1
AT4TE07975	0	0	0	1	1
AT4TE07980	0	0	0	1	1
AT4TE07985	0	0	0	1	1
AT4TE07990	0	0	0	1	1
AT4TE07995	0	0	0	1	1
AT4TE08005	0	0	0	1	1
AT4TE08070	0	0	0	1	1
AT4TE08110	0	0	0	1	1
AT4TE08115	0	0	0	1	1
AT4TE08120	0	0	0	1	1
AT4TE08125	0	0	0	1	1
AT4TE08130	0	0	0	1	1
AT4TE08135	0	0	0	1	1
AT4TE08140	0	0	0	1	1
AT4TE08145	0	0	0	1	1
AT4TE08200	8.98616650708889	0	2.29434778116882	0.999999999999999	1
AT4TE08205	0	0	0	1	1
AT4TE08210	129.973988338278	146.071221039777	-0.165235339296987	0.713767306277118	1
AT4TE08215	0	0	0	1	1
AT4TE08220	0	0	0	1	1
AT4TE08225	0	0	0	1	1
AT4TE08230	0	0	0	1	1
AT4TE08235	0	0	0	1	1
AT4TE08240	0	0	0	1	1
AT4TE08245	0	0	0	1	1
AT4TE08250	0	0	0	1	1
AT4TE08260	0	0	0	1	1
AT4TE08265	0	0	0	1	1
AT4TE08310	0	0	0	1	1
AT4TE08315	0	0	0	1	1
AT4TE08320	0	0	0	1	1
AT4TE08340	0	0	0	1	1
AT4TE08345	0	0	0	1	1
AT4TE08350	0	0	0	1	1
AT4TE08355	0	0	0	1	1
AT4TE08360	0	0	0	1	1
AT4TE08365	0	0	0	1	1
AT4TE08370	0	0	0	1	1
AT4TE08375	0	0	0	1	1
AT4TE08380	0	0	0	1	1
AT4TE08385	0	0	0	1	1
AT4TE08390	0	0	0	1	1
AT4TE08395	0	0	0	1	1
AT4TE08400	0	0	0	1	1
AT4TE08405	0	0	0	1	1
AT4TE08410	0	0	0	1	1
AT4TE08415	0	0	0	1	1
AT4TE08420	0	0	0	1	1
AT4TE08430	0	0	0	1	1
AT4TE08435	0	0	0	1	1
AT4TE08440	0	0	0	1	1
AT4TE08445	0	0	0	1	1
AT4TE08450	0	0	0	1	1
AT4TE08455	0	0	0	1	1
AT4TE08460	0	0	0	1	1
AT4TE08465	0	0	0	1	1
AT4TE08470	0	0	0	1	1
AT4TE08475	0	0	0	1	1
AT4TE08720	0	0	0	1	1
AT4TE08725	0	0	0	1	1
AT4TE08730	0	0	0	1	1
AT4TE08735	0	0	0	1	1
AT4TE08740	0	0	0	1	1
AT4TE08745	0	0	0	1	1
AT4TE08750	0	0	0	1	1
AT4TE08755	0	0	0	1	1
AT4TE08760	0	0	0	1	1
AT4TE08765	0	0	0	1	1
AT4TE08770	0	0	0	1	1
AT4TE08775	0	0	0	1	1
AT4TE08780	0	0	0	1	1
AT4TE08785	0	0	0	1	1
AT4TE08790	0	0	0	1	1
AT4TE08795	0	0	0	1	1
AT4TE08800	0	28.3911752098518	-2.35098260931805	0.999999999999998	1
AT4TE08810	0	59.4771694084668	-2.34990268440615	0.999999999999995	1
AT4TE08815	0	0	0	1	1
AT4TE08820	30.4656907572576	0	2.29417294322064	1	1
AT4TE08825	0	9.29612814730209	-2.34990268428645	1	1
AT4TE08830	0	0	0	1	1
AT4TE08835	0	14.1063071797377	-2.35098260912669	0.999999999999999	1
AT4TE08845	0	0	0	1	1
AT4TE08850	3.40982703076167	10.3365834348798	-1.43723600164467	0.628705579075672	1
AT4TE08855	0	0	0	1	1
AT4TE08860	0	8.57160321622277	-2.35098260893534	0.999999999999999	1
AT4TE08865	0	0	0	1	1
AT4TE08870	27.5609490255752	22.0040061781369	0.321185260698587	0.999999999999999	1
AT4TE08875	4.02059050121221	4.39497617552898	-0.0566342448366978	1	1
AT4TE08910	0	0	0	1	1
AT4TE08915	0	0	0	1	1
AT4TE08920	18.5529793424334	13.046201258938	0.497431115471061	0.61618215318979	1
AT4TE08925	0	0	0	1	1
AT4TE08930	0	0	0	1	1
AT4TE08940	0	0	0	1	1
AT4TE08945	0	0	0	1	1
AT4TE08950	0	0	0	1	1
AT4TE08960	0	0	0	1	1
AT4TE08965	0	0	0	1	1
AT4TE08970	0	0	0	1	1
AT4TE08975	0	0	0	1	1
AT4TE08980	0	0	0	1	1
AT4TE08985	0	0	0	1	1
AT4TE08990	0	0	0	1	1
AT4TE08995	0	0	0	1	1
AT4TE09000	0	0	0	1	1
AT4TE09005	0	0	0	1	1
AT4TE09010	0	0	0	1	1
AT4TE09015	0	0	0	1	1
AT4TE09020	0	0	0	1	1
AT4TE09025	0	0	0	1	1
AT4TE09035	0	0	0	1	1
AT4TE09040	0	0	0	1	1
AT4TE09045	0	0	0	1	1
AT4TE09050	0	0	0	1	1
AT4TE09055	0	0	0	1	1
AT4TE09060	0	0	0	1	1
AT4TE09065	0	0	0	1	1
AT4TE09070	0	0	0	1	1
AT4TE09075	0	0	0	1	1
AT4TE09080	0	0.535171281693699	-2.35098260874398	0.999999999999992	1
AT4TE09085	0	0	0	1	1
AT4TE09090	0	0	0	1	1
AT4TE09095	0	0	0	1	1
AT4TE09105	0	0	0	1	1
AT4TE09110	0	0	0	1	1
AT4TE09115	0	0	0	1	1
AT4TE09120	0	0	0	1	1
AT4TE09130	0	0	0	1	1
AT4TE09135	0	0	0	1	1
AT4TE09140	0	0	0	1	1
AT4TE09145	0	0	0	1	1
AT4TE09150	0	0	0	1	1
AT4TE09155	0	0	0	1	1
AT4TE09160	0	0	0	1	1
AT4TE09165	0	0	0	1	1
AT4TE09170	0	0	0	1	1
AT4TE09175	0	8.44985992975459	-2.34990268416675	0.999999999999997	1
AT4TE09180	0	0	0	1	1
AT4TE09185	0	0	0	1	1
AT4TE09190	0	0	0	1	1
AT4TE09195	0	0	0	1	1
AT4TE09210	0	0	0	1	1
AT4TE09215	0	0	0	1	1
AT4TE09220	137.283106944384	0	3.13915052766225	0.501872593547539	1
AT4TE09225	468.268144854516	521.210100716017	-0.155767709048194	0.465819310433253	1
AT4TE09230	468.740230224215	0	3.66838837570559	0.252813233561603	1
AT4TE09235	0	0	0	1	1
AT4TE09240	0	0	0	1	1
AT4TE09245	0	0	0	1	1
AT4TE09250	0	0	0	1	1
AT4TE09255	0	0	0	1	1
AT4TE09260	0	0	0	1	1
AT4TE09265	0	0	0	1	1
AT4TE09270	0	0	0	1	1
AT4TE09275	0	0	0	1	1
AT4TE09280	0	0	0	1	1
AT4TE09290	0	0	0	1	1
AT4TE09295	0	0	0	1	1
AT4TE09300	0	0	0	1	1
AT4TE09305	0	0	0	1	1
AT4TE09310	0	0	0	1	1
AT4TE09315	0	0	0	1	1
AT4TE09320	0	0	0	1	1
AT4TE09325	0	0	0	1	1
AT4TE09330	0	0	0	1	1
AT4TE09335	1872.00116787668	2082.11344942155	-0.145060551959543	0.782805650617945	1
AT4TE09360	0	0	0	1	1
AT4TE09365	30.472891373049	33.3104382412617	-0.056634244710716	1	1
AT4TE09375	0	0	0	1	1
AT4TE09380	0	0	0	1	1
AT4TE09385	0	0.529485604932764	-2.34990268404705	1	1
AT4TE09390	0	0	0	1	1
AT4TE09395	0	0	0	1	1
AT4TE09400	0	0	0	1	1
AT4TE09405	0	0	0	1	1
AT4TE09410	0	0	0	1	1
AT4TE09415	0	0	0	1	1
AT4TE09420	0	0	0	1	1
AT4TE09425	0	0	0	1	1
AT4TE09435	0	0	0	1	1
AT4TE09440	0	0	0	1	1
AT4TE09445	0	0	0	1	1
AT4TE09450	0	0	0	1	1
AT4TE09455	0	0	0	1	1
AT4TE09460	0	0	0	1	1
AT4TE09465	0	0	0	1	1
AT4TE09470	0	0	0	1	1
AT4TE09480	0	0	0	1	1
AT4TE09485	0	0	0	1	1
AT4TE09490	0	0	0	1	1
AT4TE09495	0	0	0	1	1
AT4TE09500	0	0	0	1	1
AT4TE09505	0	0	0	1	1
AT4TE09510	0	0	0	1	1
AT4TE09515	0	0	0	1	1
AT4TE09520	0	0	0	1	1
AT4TE09530	0	0	0	1	1
AT4TE09535	0	15.7950904336499	-2.35098260855262	1	1
AT4TE09540	0	0	0	1	1
AT4TE09545	0	10.893946587972	-3.20159067027141	0.501869864811232	1
AT4TE09550	0	8.03956489379538	-2.34990268392735	0.999999999999994	1
AT4TE09555	0	0	0	1	1
AT4TE09560	1.2412063590325	1.37756341994777	-0.0639053727380546	1	1
AT4TE09565	0	4.44579354128502	-3.20276759286843	0.502192761726985	1
AT4TE09570	0	0	0	1	1
AT4TE09580	0	0	0	1	1
AT4TE09585	0	0	0	1	1
AT4TE09590	0	0	0	1	1
AT4TE09610	202.089082023142	224.290284157829	-0.0568092729458509	1	1
AT4TE09615	0	0	0	1	1
AT4TE09620	0	0	0	1	1
AT4TE09650	0	0	0	1	1
AT4TE09655	10.1242171995985	0	2.2943477811753	1	1
AT4TE09660	0	0	0	1	1
AT4TE09670	0	12.1676465185079	-2.35098260836127	0.999999999999997	1
AT4TE09700	0	0	0	1	1
AT4TE09705	0	0	0	1	1
AT4TE09710	0	0	0	1	1
AT4TE09715	0	0	0	1	1
AT4TE09720	0	0	0	1	1
AT4TE09725	0	0	0	1	1
AT4TE09730	0	0	0	1	1
AT4TE09735	0	0	0	1	1
AT4TE09740	0	0	0	1	1
AT4TE09745	0	0	0	1	1
AT4TE09750	0	0	0	1	1
AT4TE09755	0	0	0	1	1
AT4TE09760	0	0	0	1	1
AT4TE09765	0	0	0	1	1
AT4TE09780	0	0	0	1	1
AT4TE09790	0	0	0	1	1
AT4TE09795	0	0	0	1	1
AT4TE09800	0	0	0	1	1
AT4TE09805	0	0	0	1	1
AT4TE09810	0	0	0	1	1
AT4TE09815	0	0	0	1	1
AT4TE09820	0	0	0	1	1
AT4TE09825	0	0	0	1	1
AT4TE09830	0	0	0	1	1
AT4TE09835	0	0	0	1	1
AT4TE09845	16.5917090494768	70.9225714913119	-1.82774812405117	0.380094557572617	1
AT4TE09850	0	0	0	1	1
AT4TE09855	0	0	0	1	1
AT4TE09860	0	0	0	1	1
AT4TE09865	0	0	0	1	1
AT4TE09870	0	0	0	1	1
AT4TE09880	0	0	0	1	1
AT4TE09885	0	0	0	1	1
AT4TE09890	0	0	0	1	1
AT4TE09895	0	0	0	1	1
AT4TE09900	0	0	0	1	1
AT4TE09905	0	0	0	1	1
AT4TE09910	0	0	0	1	1
AT4TE09915	0	0	0	1	1
AT4TE09920	0	0	0	1	1
AT4TE09925	4.62814120287306	0	3.66854978876141	0.252821826125321	1
AT4TE09930	0	0	0	1	1
AT4TE09935	0	0	0	1	1
AT4TE09940	0	0	0	1	1
AT4TE09945	0	0	0	1	1
AT4TE09950	0	0	0	1	1
AT4TE09955	0	0	0	1	1
AT4TE09960	0	0	0	1	1
AT4TE09965	0	0	0	1	1
AT4TE09970	0	0	0	1	1
AT4TE09980	0	0	0	1	1
AT4TE09985	0	0	0	1	1
AT4TE09990	0	0	0	1	1
AT4TE09995	0	0	0	1	1
AT4TE10000	0	0	0	1	1
AT4TE10005	0	0	0	1	1
AT4TE10010	0	0	0	1	1
AT4TE10030	37.0814702250355	73.8090174586997	-0.906101909419801	1	1
AT4TE10035	0	13.5933505550199	-2.35098260816991	1	1
AT4TE10040	0	128.754635240775	-4.11998825899388	0.127941267185171	1
AT4TE10045	0	0	0	1	1
AT4TE10050	0	0	0	1	1
AT4TE10055	0	0	0	1	1
AT4TE10060	0	0	0	1	1
AT4TE10065	0	0	0	1	1
AT4TE10070	0	0	0	1	1
AT4TE10075	0	0	0	1	1
AT4TE10080	0	0	0	1	1
AT4TE10160	0	0	0	1	1
AT4TE10165	0	0	0	1	1
AT4TE10170	0	0	0	1	1
AT4TE10175	0	0	0	1	1
AT4TE10180	0	0	0	1	1
AT4TE10185	0	0	0	1	1
AT4TE10190	0	0	0	1	1
AT4TE10195	0	0	0	1	1
AT4TE10200	0	0	0	1	1
AT4TE10205	0	0	0	1	1
AT4TE10210	0.498826909023978	0.496446389714107	-0.0555552215259504	1	1
AT4TE10215	0	0	0	1	1
AT4TE10225	0	0	0	1	1
AT4TE10230	0	0	0	1	1
AT4TE10235	0	0	0	1	1
AT4TE10240	0	0	0	1	1
AT4TE10245	0	0	0	1	1
AT4TE10250	0	0	0	1	1
AT4TE10255	0	0	0	1	1
AT4TE10265	0	0	0	1	1
AT4TE10270	0	0	0	1	1
AT4TE10275	0	0	0	1	1
AT4TE10280	0	0	0	1	1
AT4TE10285	0	9.63502813344113	-3.73283740241305	0.252789076707632	1
AT4TE10290	0	0	0	1	1
AT4TE10320	9.12597617223567	2.40953270361892	1.80881260375491	0.117520698646247	1
AT4TE10325	0	0	0	1	1
AT4TE10335	0	0	0	1	1
AT4TE10345	0	0	0	1	1
AT4TE10350	0	0	0	1	1
AT4TE10360	0	0	0	1	1
AT4TE10365	0	0	0	1	1
AT4TE10370	0	0	0	1	1
AT4TE10375	0	0	0	1	1
AT4TE10385	0	0	0	1	1
AT4TE10395	0	0	0	1	1
AT4TE10400	0	0	0	1	1
AT4TE10440	0	0	0	1	1
AT4TE10450	0	0	0	1	1
AT4TE10455	0	0	0	1	1
AT4TE10465	0	0	0	1	1
AT4TE10475	0	0	0	1	1
AT4TE10480	0	0	0	1	1
AT4TE10485	0	0	0	1	1
AT4TE10490	0	0.597311009741223	-2.35098260797855	1	1
AT4TE10495	0	0	0	1	1
AT4TE10500	0	0	0	1	1
AT4TE10505	0	0	0	1	1
AT4TE10515	0	0	0	1	1
AT4TE10520	0	0	0	1	1
AT4TE10525	6.45910184402507	7.0605545904878	-0.0566342445847316	1	1
AT4TE10535	0	0	0	1	1
AT4TE10540	0	0	0	1	1
AT4TE10545	0	0	0	1	1
AT4TE10550	0	0	0	1	1
AT4TE10555	0	0	0	1	1
AT4TE10560	0	0	0	1	1
AT4TE10565	0	0	0	1	1
AT4TE10570	0	0	0	1	1
AT4TE10575	0	0	0	1	1
AT4TE10580	0	0	0	1	1
AT4TE10585	0	0	0	1	1
AT4TE10590	0	0.970953611072853	-2.3509826077872	1	1
AT4TE10595	0	0	0	1	1
AT4TE10600	5.88201056603525	15.4985296093401	-1.28746735051404	0.459308992249213	1
AT4TE10605	0	134.574170494697	-2.35098260759584	0.999999999999999	1
AT4TE10615	70.4961914034216	0	2.29417294320882	0.999999999999995	1
AT4TE10620	198.669862082116	49.8060849518055	1.70489864300012	0.379424185308669	1
AT4TE10625	0	0	0	1	1
AT4TE10630	8.30503076807432	0	2.294172943197	1	1
AT4TE10635	0	0	0	1	1
AT4TE10640	0	0	0	1	1
AT4TE10645	0	0	0	1	1
AT4TE10650	0	0	0	1	1
AT4TE10655	0	0	0	1	1
AT4TE10660	0	0	0	1	1
AT4TE10665	0	0	0	1	1
AT4TE10670	0	0	0	1	1
AT4TE10675	0	0	0	1	1
AT4TE10680	0	0	0	1	1
AT4TE10700	0	0	0	1	1
AT4TE10705	0	0	0	1	1
AT4TE10715	0	0	0	1	1
AT4TE10720	0	0	0	1	1
AT4TE10725	0	0	0	1	1
AT4TE10730	0	0	0	1	1
AT4TE10735	0	0	0	1	1
AT4TE10740	0	0	0	1	1
AT4TE10750	0	0	0	1	1
AT4TE10755	0	0	0	1	1
AT4TE10760	0	0	0	1	1
AT4TE10765	0	0	0	1	1
AT4TE10770	0	0	0	1	1
AT4TE10775	0	0	0	1	1
AT4TE10780	0	0	0	1	1
AT4TE10785	0	0	0	1	1
AT4TE10810	89.8396802797805	98.9515959519834	-0.0635286074859532	1	1
AT4TE10840	0	0	0	1	1
AT4TE10845	0	0	0	1	1
AT4TE10850	0	0	0	1	1
AT4TE10855	0	0	0	1	1
AT4TE10860	0	0	0	1	1
AT4TE10865	0	0	0	1	1
AT4TE10870	0	0	0	1	1
AT4TE10880	0	0	0	1	1
AT4TE10885	0	0	0	1	1
AT4TE10890	0	0	0	1	1
AT4TE10895	152.616298942708	470.60344023667	-1.57383874887422	0.156642060922824	1
AT4TE10900	0	0	0	1	1
AT4TE10905	0	0	0	1	1
AT4TE10910	0	0	0	1	1
AT4TE10915	0	0	0	1	1
AT4TE10920	0	0	0	1	1
AT4TE10925	25.3226870840417	6.34834036173272	1.70489865082717	0.379424260846329	1
AT4TE10930	0	0	0	1	1
AT4TE10935	0	0	0	1	1
AT4TE10945	0	0	0	1	1
AT4TE10950	0	0	0	1	1
AT4TE10955	0	0	0	1	1
AT4TE10960	0	0	0	1	1
AT4TE10965	0	0	0	1	1
AT4TE10975	0	0	0	1	1
AT4TE10980	0	0	0	1	1
AT4TE10985	0	0	0	1	1
AT4TE10990	0	0	0	1	1
AT4TE10995	0	0	0	1	1
AT4TE11000	0	0	0	1	1
AT4TE11060	0	0	0	1	1
AT4TE11065	0	0	0	1	1
AT4TE11070	0	0	0	1	1
AT4TE11075	0	0	0	1	1
AT4TE11080	0	0	0	1	1
AT4TE11090	0	0	0	1	1
AT4TE11130	0	0	0	1	1
AT4TE11140	0	0	0	1	1
AT4TE11150	0	0	0	1	1
AT4TE11155	96.1800633961858	105.136070698982	-0.0635023513286792	1	1
AT4TE11170	0	86.2837809728462	-2.34990268380765	1	1
AT4TE11175	0	0	0	1	1
AT4TE11180	0	0	0	1	1
AT4TE11185	0	0	0	1	1
AT4TE11190	0	0	0	1	1
AT4TE11195	0	8.23587334728871	-2.35098260740449	1	1
AT4TE11200	0	0	0	1	1
AT4TE11205	0	0	0	1	1
AT4TE11230	0	0	0	1	1
AT4TE11235	0	0	0	1	1
AT4TE11245	213.1080788032	220.709365382314	-0.0666691278008925	1	1
AT4TE11250	0	0	0	1	1
AT4TE11255	0	0	0	1	1
AT4TE11280	0	34.6110081868479	-2.34990268368795	1	1
AT4TE11285	147.870060016933	940.599290766362	-2.38391229490464	0.129439180557729	1
AT4TE11290	0	0	0	1	1
AT4TE11295	97.0798815282077	105.957267967101	-0.120298078279498	0.801517328386157	1
AT4TE11300	0	0	0	1	1
AT4TE11310	71.7476030851391	0	3.13896428046098	0.502157911294571	1
AT4TE11315	75.760296090534	20.7037185376458	1.70404838450941	0.38362409052656	1
AT4TE11320	0	0	0	1	1
AT4TE11330	0	0	0	1	1
AT4TE11335	0	0	0	1	1
AT4TE11340	0	0	0	1	1
AT4TE11345	0	0	0	1	1
AT4TE11390	0	0	0	1	1
AT4TE11395	446.848996595271	190.035169374268	1.19934530593786	0.0215568465858398	1
AT4TE11400	6.26309138501473	13.9022903403613	-0.908597518097138	1	1
AT4TE11405	0	0	0	1	1
AT4TE11410	393.707484007785	87.4700710731752	2.06580196913452	0.0149788097656085	1
AT4TE11450	0	0	0	1	1
AT4TE11455	0	0	0	1	1
AT4TE11460	0	0	0	1	1
AT4TE11465	0	0	0	1	1
AT4TE11470	0	0	0	1	1
AT4TE11500	0	12.4836892852224	-2.35098260721313	1	1
AT4TE11510	11.2532432492795	0	2.29434778118178	1	1
AT4TE11520	0	0	0	1	1
AT4TE11525	0	0	0	1	1
AT4TE11530	0	0	0	1	1
AT4TE11580	351.555172668162	353.43164129262	-0.0631774441544135	1	1
AT4TE11585	8.11602739048762	0	2.29417294318518	0.999999999999998	1
AT4TE11595	0	0	0	1	1
AT4TE11600	0	0	0	1	1
AT4TE11610	23.3179710026702	0	2.29417294317336	1	1
AT4TE11615	292.095416021191	76.9751914599219	1.8090652984212	0.115305670586959	1
AT4TE11650	0	0	0	1	1
AT4TE11655	0	0	0	1	1
AT4TE11700	440.921633505037	600.745137236574	-0.376347288043932	0.999999999999999	1
AT4TE11705	65.0186636451213	59.6151156728823	0.145487910452952	0.999999999999999	1
AT4TE11715	0	0	0	1	1
AT4TE11770	0	0	0	1	1
AT4TE11775	0	0	0	1	1
AT4TE11780	0	0	0	1	1
AT4TE11785	0	0	0	1	1
AT4TE11790	538.355349350288	283.563021481036	0.902562506109438	0.249924350311629	1
AT4TE11800	0	0	0	1	1
AT4TE11805	0	0	0	1	1
AT4TE11810	0	0	0	1	1
AT4TE11815	0	0	0	1	1
AT4TE11820	0	0	0	1	1
AT4TE11825	0	0	0	1	1
AT4TE11830	0	0	0	1	1
AT4TE11835	0	0	0	1	1
AT4TE11840	0	0	0	1	1
AT4TE11845	0	0	0	1	1
AT4TE11855	839.411622203951	912.744564852097	-0.115937313247337	0.818992105947823	1
AT4TE11860	144.885342058961	132.613410594934	0.120767922119614	0.86063904965389	1
AT4TE11865	0	0	0	1	1
AT4TE11900	825.972069222585	750.047660287511	0.134036859027135	0.855368193354064	1
AT4TE11920	0	0	0	1	1
AT4TE11925	0	0	0	1	1
AT4TE11930	0	0	0	1	1
AT4TE11935	0	0	0	1	1
AT4TE11940	1.86984327380191	0	2.29434778118826	0.999999999999992	1
AT4TE11945	0	0	0	1	1
AT4TE11950	0	0	0	1	1
AT4TE11955	0	0	0	1	1
AT4TE11960	15.7833950188613	0	2.29434778119474	1	1
AT4TE11965	41.5913787659182	86.8571417149118	-0.907248757784588	0.999999999999996	1
AT4TE11970	16.2844551781902	0	2.29434778120122	1	1
AT4TE11975	70.928059294871	72.6355867930772	-0.0655409474199559	1	1
AT4TE11980	0	0	0	1	1
AT4TE11985	0	0	0	1	1
AT4TE11990	0	0	0	1	1
AT4TE11995	0	0	0	1	1
AT4TE12000	0	0	0	1	1
AT4TE12010	0	0	0	1	1
AT4TE12015	0	0	0	1	1
AT4TE12030	7.07429692029668	7.14836458468154	-0.0557300330560403	1	1
AT4TE12035	0	0	0	1	1
AT4TE12070	0	0	0	1	1
AT4TE12075	0	0	0	1	1
AT4TE12090	0	0	0	1	1
AT4TE12095	0	0	0	1	1
AT4TE12105	0	0	0	1	1
AT4TE12110	0	0	0	1	1
AT4TE12115	0	0	0	1	1
AT4TE12140	0	0	0	1	1
AT4TE12145	0	0	0	1	1
AT4TE12150	0	0	0	1	1
AT4TE12155	0	0	0	1	1
AT4TE12160	0	0	0	1	1
AT4TE12165	0	0	0	1	1
AT4TE12170	0	0	0	1	1
AT4TE12175	0	0	0	1	1
AT4TE12185	0	0	0	1	1
AT4TE12190	0	0	0	1	1
AT4TE12195	0	0	0	1	1
AT4TE12200	45.4531527523018	28.2876384841714	0.626372011768145	0.730183931545038	1
AT4TE12205	0	0	0	1	1
AT4TE12215	8.68577716431841	0	2.29417294316154	1	1
AT4TE12220	0	0	0	1	1
AT4TE12225	0	0	0	1	1
AT4TE12230	18.5967494179936	0	2.2943477812077	1	1
AT4TE12235	0	0	0	1	1
AT4TE12240	0	0	0	1	1
AT4TE12245	0	0	0	1	1
AT4TE12250	0	0	0	1	1
AT4TE12260	0	0	0	1	1
AT4TE12270	0	0	0	1	1
AT4TE12275	0	0	0	1	1
AT4TE12280	0	0	0	1	1
AT4TE12290	0	371.246994921478	-4.42820143747764	0.0655581003149144	1
AT4TE12300	0	0	0	1	1
AT4TE12305	0	0	0	1	1
AT4TE12330	0	0	0	1	1
AT4TE12335	0	0	0	1	1
AT4TE12345	0	0	0	1	1
AT4TE12355	0	0	0	1	1
AT4TE12360	0	0	0	1	1
AT4TE12365	0	0	0	1	1
AT4TE12375	0	0	0	1	1
AT4TE12380	0	0	0	1	1
AT4TE12385	0	0	0	1	1
AT4TE12390	24.1540735485827	8.13565531085269	1.31837283798926	0.628719221806293	1
AT4TE12420	587.438174189664	569.095131093838	0.0637708852764937	1	1
AT4TE12425	797.149443808159	844.574130643632	-0.0874288866823392	0.770737768646235	1
AT4TE12430	24529.8021567964	25808.0911028242	-0.0703754163209557	0.813817226069709	1
AT4TE12440	24.0450158490464	23.9302673791878	-0.0555552213417328	1	1
AT4TE12445	0	31.0503791637849	-3.2015906707168	0.501869882834091	1
AT4TE12455	0	0	0	1	1
AT4TE12530	0	0	0	1	1
AT4TE12560	0	0	0	1	1
AT4TE12565	0	0	0	1	1
AT4TE12570	0	0	0	1	1
AT4TE12575	0	0	0	1	1
AT4TE12580	0	0	0	1	1
AT4TE12610	0	0	0	1	1
AT4TE12615	0	0	0	1	1
AT4TE12620	0	0	0	1	1
AT4TE12660	638.431565728725	1024.23602407166	-0.669632179571997	0.0951219552308771	1
AT4TE12690	129.784363136306	136.030232527058	-0.0659974795543749	1	1
AT4TE12695	0	0	0	1	1
AT4TE12700	0	0	0	1	1
AT4TE12740	0	0	0	1	1
AT4TE12750	0	0	0	1	1
AT4TE12755	0	0	0	1	1
AT4TE12760	0	0	0	1	1
AT4TE12860	9.48775032972497	0	2.29417294314973	1	1
AT4TE12865	0	0	0	1	1
AT4TE12870	0	0	0	1	1
AT4TE12875	0	0	0	1	1
AT4TE12900	0	0	0	1	1
AT4TE12930	0	0	0	1	1
AT4TE12950	0	0	0	1	1
AT4TE12955	0	0	0	1	1
AT4TE12960	0	0	0	1	1
AT4TE12965	0	0	0	1	1
AT4TE12970	0	0	0	1	1
AT4TE12975	0	0	0	1	1
AT4TE12980	0	0	0	1	1
AT4TE12985	0	0	0	1	1
AT4TE13020	0	0	0	1	1
AT4TE13025	0	0	0	1	1
AT4TE13030	0	0	0	1	1
AT4TE13035	0	0	0	1	1
AT4TE13040	0	0	0	1	1
AT4TE13045	0	0	0	1	1
AT4TE13050	0	0	0	1	1
AT4TE13055	0	0	0	1	1
AT4TE13060	0	0	0	1	1
AT4TE13065	0	0	0	1	1
AT4TE13070	10.904087159522	19.4474954870197	-0.758661769679604	0.731158511046483	1
AT4TE13075	0	0	0	1	1
AT4TE13080	0	0	0	1	1
AT4TE13085	0	0	0	1	1
AT4TE13090	0	0	0	1	1
AT4TE13095	0	0	0	1	1
AT4TE13100	0	0	0	1	1
AT4TE13105	0	0	0	1	1
AT4TE13110	0	0	0	1	1
AT4TE13115	0	0	0	1	1
AT4TE13120	0	0	0	1	1
AT4TE13125	0	0	0	1	1
AT4TE13130	0	0	0	1	1
AT4TE13135	0	0	0	1	1
AT4TE13140	0	0	0	1	1
AT4TE13145	0	0	0	1	1
AT4TE13150	0	0	0	1	1
AT4TE13155	0	0	0	1	1
AT4TE13180	0	0	0	1	1
AT4TE13185	0	0	0	1	1
AT4TE13190	0	0	0	1	1
AT4TE13195	0	0	0	1	1
AT4TE13205	0	0	0	1	1
AT4TE13210	0	0	0	1	1
AT4TE13215	0	0	0	1	1
AT4TE13220	0	31.3692705115845	-3.20276757641282	0.502192731802751	1
AT4TE13225	0	0	0	1	1
AT4TE13250	0	0	0	1	1
AT4TE13255	0	0	0	1	1
AT4TE13260	0	0	0	1	1
AT4TE13265	0	0	0	1	1
AT4TE13270	0	0	0	1	1
AT4TE13280	0	0	0	1	1
AT4TE13285	0	0	0	1	1
AT4TE13290	0	0	0	1	1
AT4TE13295	0	0	0	1	1
AT4TE13305	0	0	0	1	1
AT4TE13310	0	0	0	1	1
AT4TE13315	0	0	0	1	1
AT4TE13320	0	0	0	1	1
AT4TE13325	0	0	0	1	1
AT4TE13330	0	0	0	1	1
AT4TE13340	0	0	0	1	1
AT4TE13345	0	0	0	1	1
AT4TE13355	0	0	0	1	1
AT4TE13360	0	0	0	1	1
AT4TE13365	0	0	0	1	1
AT4TE13370	0	0	0	1	1
AT4TE13375	0	0	0	1	1
AT4TE13380	0	0	0	1	1
AT4TE13385	0	0	0	1	1
AT4TE13390	0	0	0	1	1
AT4TE13395	0	0	0	1	1
AT4TE13400	0	0	0	1	1
AT4TE13405	0	0	0	1	1
AT4TE13410	0	0	0	1	1
AT4TE13415	0	0	0	1	1
AT4TE13420	0	0	0	1	1
AT4TE13425	0	0	0	1	1
AT4TE13430	0	0	0	1	1
AT4TE13435	0	0	0	1	1
AT4TE13440	0	0	0	1	1
AT4TE13445	0	0	0	1	1
AT4TE13450	0	0	0	1	1
AT4TE13455	0	0	0	1	1
AT4TE13465	0	0	0	1	1
AT4TE13470	0	0	0	1	1
AT4TE13475	0	0	0	1	1
AT4TE13480	0	0	0	1	1
AT4TE13485	0	0	0	1	1
AT4TE13490	0	0	0	1	1
AT4TE13495	0	0	0	1	1
AT4TE13500	0	0	0	1	1
AT4TE13505	0	0	0	1	1
AT4TE13510	0	0	0	1	1
AT4TE13515	0	0	0	1	1
AT4TE13520	0	0	0	1	1
AT4TE13525	0	0	0	1	1
AT4TE13530	0	0	0	1	1
AT4TE13535	0	0	0	1	1
AT4TE13540	0	0	0	1	1
AT4TE13550	0	0	0	1	1
AT4TE13555	0	0	0	1	1
AT4TE13560	0	0	0	1	1
AT4TE13565	0	0	0	1	1
AT4TE13810	0	0	0	1	1
AT4TE13820	0	0	0	1	1
AT4TE13825	0	0	0	1	1
AT4TE13830	0	0	0	1	1
AT4TE13835	0	0	0	1	1
AT4TE13840	0	0	0	1	1
AT4TE13845	0	0	0	1	1
AT4TE13850	0	0	0	1	1
AT4TE13880	0	0	0	1	1
AT4TE13885	0	0	0	1	1
AT4TE13890	0	0	0	1	1
AT4TE13895	0	0	0	1	1
AT4TE13900	0	0	0	1	1
AT4TE13905	0	0	0	1	1
AT4TE13910	0	0	0	1	1
AT4TE13915	0	0	0	1	1
AT4TE13920	0	0	0	1	1
AT4TE13925	0	0	0	1	1
AT4TE13930	0	0	0	1	1
AT4TE13950	0	0	0	1	1
AT4TE13955	0	0	0	1	1
AT4TE13960	0	0	0	1	1
AT4TE13965	0	0	0	1	1
AT4TE13970	0	0	0	1	1
AT4TE13975	0	0	0	1	1
AT4TE13980	0	0	0	1	1
AT4TE13985	0	0	0	1	1
AT4TE13990	0	0	0	1	1
AT4TE13995	0	0	0	1	1
AT4TE14000	0	0	0	1	1
AT4TE14005	0	0	0	1	1
AT4TE14010	0	0	0	1	1
AT4TE14015	0	0	0	1	1
AT4TE14020	0	0	0	1	1
AT4TE14025	0	0	0	1	1
AT4TE14030	0	0	0	1	1
AT4TE14035	0	0	0	1	1
AT4TE14060	0	0	0	1	1
AT4TE14065	0	0	0	1	1
AT4TE14070	0	0	0	1	1
AT4TE14080	0	0	0	1	1
AT4TE14085	0	0	0	1	1
AT4TE14130	0	0	0	1	1
AT4TE14135	0	0	0	1	1
AT4TE14140	0	0	0	1	1
AT4TE14145	0	0	0	1	1
AT4TE14150	0	0	0	1	1
AT4TE14155	0	0	0	1	1
AT4TE14160	0	0	0	1	1
AT4TE14180	0	0	0	1	1
AT4TE14185	0	0	0	1	1
AT4TE14190	0	0	0	1	1
AT4TE14195	0	0	0	1	1
AT4TE14200	0	0	0	1	1
AT4TE14210	0	0	0	1	1
AT4TE14215	0	0	0	1	1
AT4TE14220	0	0	0	1	1
AT4TE14225	0	0	0	1	1
AT4TE14230	0	0	0	1	1
AT4TE14235	0	0	0	1	1
AT4TE14240	0	0	0	1	1
AT4TE14245	0	0	0	1	1
AT4TE14250	0	0	0	1	1
AT4TE14255	0	0	0	1	1
AT4TE14265	0	0	0	1	1
AT4TE14270	0	0	0	1	1
AT4TE14275	0	0	0	1	1
AT4TE14280	0	0	0	1	1
AT4TE14285	0	0	0	1	1
AT4TE14290	0	0	0	1	1
AT4TE14295	0	0	0	1	1
AT4TE14300	0	0	0	1	1
AT4TE14305	0	0	0	1	1
AT4TE14310	0	0	0	1	1
AT4TE14315	0	0	0	1	1
AT4TE14320	0	9.66269471462473	-2.34990268356825	0.999999999999993	1
AT4TE14325	0	0	0	1	1
AT4TE14330	0	0	0	1	1
AT4TE14335	0	0	0	1	1
AT4TE14340	0	0	0	1	1
AT4TE14345	0	0	0	1	1
AT4TE14350	0	0	0	1	1
AT4TE14355	0	0	0	1	1
AT4TE14360	0	0	0	1	1
AT4TE14370	0	0	0	1	1
AT4TE14375	0	0	0	1	1
AT4TE14385	0	0	0	1	1
AT4TE14390	0	0	0	1	1
AT4TE14395	0	0	0	1	1
AT4TE14400	0	0	0	1	1
AT4TE14405	0	0	0	1	1
AT4TE14410	1.61604727155576	1.60833511395959	-0.0555552211575153	1	1
AT4TE14415	0	0	0	1	1
AT4TE14420	0	0	0	1	1
AT4TE14430	0	0	0	1	1
AT4TE14435	0	3.94726059862892	-2.34990268344855	0.999999999999996	1
AT4TE14440	0	0	0	1	1
AT4TE14445	0	0	0	1	1
AT4TE14450	0	0	0	1	1
AT4TE14455	0	0	0	1	1
AT4TE14460	0	0	0	1	1
AT4TE14465	0	0	0	1	1
AT4TE14475	0	0	0	1	1
AT4TE14485	0	0	0	1	1
AT4TE14490	0	0	0	1	1
AT4TE14495	0	0	0	1	1
AT4TE14500	0	0	0	1	1
AT4TE14505	0	0	0	1	1
AT4TE14510	0	0	0	1	1
AT4TE14515	0	0	0	1	1
AT4TE14520	0	0	0	1	1
AT4TE14525	0	0	0	1	1
AT4TE14530	0	0	0	1	1
AT4TE14535	0	0	0	1	1
AT4TE14540	0	0	0	1	1
AT4TE14545	0	0	0	1	1
AT4TE14550	0	0	0	1	1
AT4TE14555	0	0	0	1	1
AT4TE14560	0	0	0	1	1
AT4TE14565	0	0	0	1	1
AT4TE14570	0	0	0	1	1
AT4TE14575	0	0	0	1	1
AT4TE14580	0	0	0	1	1
AT4TE14585	0	0	0	1	1
AT4TE14590	0	0	0	1	1
AT4TE14595	0	0	0	1	1
AT4TE14600	0	0	0	1	1
AT4TE14605	0	0	0	1	1
AT4TE14610	0	0	0	1	1
AT4TE14615	0	0	0	1	1
AT4TE14620	0	0	0	1	1
AT4TE14625	0	0	0	1	1
AT4TE14630	0	0	0	1	1
AT4TE14635	0	0	0	1	1
AT4TE14640	0	0	0	1	1
AT4TE14645	0	0	0	1	1
AT4TE14650	0	0	0	1	1
AT4TE14655	0	0	0	1	1
AT4TE14660	0	0	0	1	1
AT4TE14665	0	0	0	1	1
AT4TE14670	0	0	0	1	1
AT4TE14675	0	0	0	1	1
AT4TE14680	0	0	0	1	1
AT4TE14685	0	0	0	1	1
AT4TE14690	0	0	0	1	1
AT4TE14695	0	0	0	1	1
AT4TE14700	0	0	0	1	1
AT4TE14705	0	0	0	1	1
AT4TE14710	0	0	0	1	1
AT4TE14715	0	0	0	1	1
AT4TE14720	0	0	0	1	1
AT4TE14725	0	0	0	1	1
AT4TE14730	0	0	0	1	1
AT4TE14735	0	0	0	1	1
AT4TE14740	0	0	0	1	1
AT4TE14745	0	0	0	1	1
AT4TE14750	0	0	0	1	1
AT4TE14755	0	0	0	1	1
AT4TE14760	0	0	0	1	1
AT4TE14765	0	0	0	1	1
AT4TE14770	0	0	0	1	1
AT4TE14775	0	0	0	1	1
AT4TE14780	0	0	0	1	1
AT4TE14785	0	0	0	1	1
AT4TE14790	0	0	0	1	1
AT4TE14795	0	0	0	1	1
AT4TE14800	0	0	0	1	1
AT4TE14805	0	0	0	1	1
AT4TE14810	0	0	0	1	1
AT4TE14815	0	0	0	1	1
AT4TE14820	0	0	0	1	1
AT4TE14825	0	0	0	1	1
AT4TE14830	0	0	0	1	1
AT4TE14835	0	0	0	1	1
AT4TE14840	0	0	0	1	1
AT4TE14845	0	0	0	1	1
AT4TE14850	0	0	0	1	1
AT4TE14855	0	0	0	1	1
AT4TE14860	0	0	0	1	1
AT4TE14865	0	0	0	1	1
AT4TE14870	0	0	0	1	1
AT4TE14875	0	0	0	1	1
AT4TE14880	0	0	0	1	1
AT4TE14885	0	0	0	1	1
AT4TE14890	0	0	0	1	1
AT4TE14895	0	0	0	1	1
AT4TE14900	0	0	0	1	1
AT4TE14905	0	0	0	1	1
AT4TE14910	0	0	0	1	1
AT4TE14915	0	0	0	1	1
AT4TE14920	0	0	0	1	1
AT4TE14925	0	0	0	1	1
AT4TE14930	0	0	0	1	1
AT4TE14935	0	0	0	1	1
AT4TE14940	0	0	0	1	1
AT4TE14945	0	0	0	1	1
AT4TE14950	0	0	0	1	1
AT4TE14955	0	0	0	1	1
AT4TE14960	0	0	0	1	1
AT4TE14965	0	0	0	1	1
AT4TE14970	0	0	0	1	1
AT4TE14975	0	0	0	1	1
AT4TE14985	0	0	0	1	1
AT4TE14990	0	0	0	1	1
AT4TE14995	0	0	0	1	1
AT4TE15000	0	0	0	1	1
AT4TE15005	0	0	0	1	1
AT4TE15010	0	0	0	1	1
AT4TE15015	0	0	0	1	1
AT4TE15020	0	0	0	1	1
AT4TE15025	0	0	0	1	1
AT4TE15030	0	0	0	1	1
AT4TE15040	0	0	0	1	1
AT4TE15045	0	0	0	1	1
AT4TE15050	0	0	0	1	1
AT4TE15055	0	0	0	1	1
AT4TE15060	0	0	0	1	1
AT4TE15065	0	0	0	1	1
AT4TE15070	0	0	0	1	1
AT4TE15075	0	0	0	1	1
AT4TE15080	0	0	0	1	1
AT4TE15085	0	0	0	1	1
AT4TE15090	0	0	0	1	1
AT4TE15095	0	0	0	1	1
AT4TE15100	0	0	0	1	1
AT4TE15105	0	0	0	1	1
AT4TE15110	0	0	0	1	1
AT4TE15115	0	0	0	1	1
AT4TE15125	0	0	0	1	1
AT4TE15130	0	0	0	1	1
AT4TE15135	0	0	0	1	1
AT4TE15140	0	0	0	1	1
AT4TE15145	0	0	0	1	1
AT4TE15155	0	0	0	1	1
AT4TE15165	0	0	0	1	1
AT4TE15170	0	0	0	1	1
AT4TE15175	0	0	0	1	1
AT4TE15180	0	0	0	1	1
AT4TE15185	0	0	0	1	1
AT4TE15190	0	0	0	1	1
AT4TE15195	0	0	0	1	1
AT4TE15200	0	0	0	1	1
AT4TE15205	0	0	0	1	1
AT4TE15210	0	0	0	1	1
AT4TE15215	0	0	0	1	1
AT4TE15220	0	0	0	1	1
AT4TE15225	0	0	0	1	1
AT4TE15230	0	0	0	1	1
AT4TE15235	0	0	0	1	1
AT4TE15240	0	0	0	1	1
AT4TE15250	0	0	0	1	1
AT4TE15255	0	0	0	1	1
AT4TE15260	0	0	0	1	1
AT4TE15270	0	0	0	1	1
AT4TE15275	0	0	0	1	1
AT4TE15280	0	0	0	1	1
AT4TE15285	0	0	0	1	1
AT4TE15295	0	0	0	1	1
AT4TE15300	0	0	0	1	1
AT4TE15305	0	0	0	1	1
AT4TE15310	0	0	0	1	1
AT4TE15315	0	0	0	1	1
AT4TE15320	8.5434060476834	0	3.1393372861251	0.502159290387408	1
AT4TE15325	9.13282501091378	0	2.29434778121418	0.999999999999998	1
AT4TE15330	0	0	0	1	1
AT4TE15335	0	78.5403647316933	-2.34990268332885	1	1
AT4TE15340	0	0	0	1	1
AT4TE15345	0	0	0	1	1
AT4TE15350	0	0	0	1	1
AT4TE15355	0	2.47221487048914	-2.34990268320914	1	1
AT4TE15360	0	0	0	1	1
AT4TE15365	1.37799956511213	0	2.29434778122066	1	1
AT4TE15370	0	0	0	1	1
AT4TE15375	0	0	0	1	1
AT4TE15380	0	0	0	1	1
AT4TE15385	0	0	0	1	1
AT4TE15390	0	0	0	1	1
AT4TE15395	0	0	0	1	1
AT4TE15400	0	0	0	1	1
AT4TE15405	0	0	0	1	1
AT4TE15410	0	0	0	1	1
AT4TE15415	0	0	0	1	1
AT4TE15420	0	0	0	1	1
AT4TE15425	0	0	0	1	1
AT4TE15430	0	0	0	1	1
AT4TE15435	0	0	0	1	1
AT4TE15440	0	0	0	1	1
AT4TE15450	0	0	0	1	1
AT4TE15455	0	0	0	1	1
AT4TE15460	0	0	0	1	1
AT4TE15465	0	0	0	1	1
AT4TE15470	0	0	0	1	1
AT4TE15475	0	0	0	1	1
AT4TE15480	0	0	0	1	1
AT4TE15485	0	0	0	1	1
AT4TE15490	0	0	0	1	1
AT4TE15495	0	0	0	1	1
AT4TE15500	0	0	0	1	1
AT4TE15505	0	0	0	1	1
AT4TE15510	0	0	0	1	1
AT4TE15515	0	0	0	1	1
AT4TE15520	0	0	0	1	1
AT4TE15525	0	0	0	1	1
AT4TE15530	0	0	0	1	1
AT4TE15540	0	0	0	1	1
AT4TE15545	0	0	0	1	1
AT4TE15555	0	0	0	1	1
AT4TE15560	0	0	0	1	1
AT4TE15565	0	0	0	1	1
AT4TE15570	0	0	0	1	1
AT4TE15575	0	0	0	1	1
AT4TE15580	0	0	0	1	1
AT4TE15585	0	0	0	1	1
AT4TE15590	0	0	0	1	1
AT4TE15610	0	0	0	1	1
AT4TE15615	0	0	0	1	1
AT4TE15620	0	0	0	1	1
AT4TE15625	0	0	0	1	1
AT4TE15635	0	0	0	1	1
AT4TE15640	0	0	0	1	1
AT4TE15645	0	0	0	1	1
AT4TE15650	0	0	0	1	1
AT4TE15655	0	0	0	1	1
AT4TE15660	0	0	0	1	1
AT4TE15665	0	0	0	1	1
AT4TE15670	0	0	0	1	1
AT4TE15675	0	0	0	1	1
AT4TE15680	0	0	0	1	1
AT4TE15685	0	0	0	1	1
AT4TE15690	0	0	0	1	1
AT4TE15695	0	0	0	1	1
AT4TE15700	0	0	0	1	1
AT4TE15705	0	0	0	1	1
AT4TE15710	0	0	0	1	1
AT4TE15715	0	0	0	1	1
AT4TE15720	0	0	0	1	1
AT4TE15725	0	0	0	1	1
AT4TE15735	0	0	0	1	1
AT4TE15740	0	0	0	1	1
AT4TE15745	0	0	0	1	1
AT4TE15750	0	0	0	1	1
AT4TE15755	0	0	0	1	1
AT4TE15780	0	0	0	1	1
AT4TE15785	0	0	0	1	1
AT4TE15790	0	0	0	1	1
AT4TE15795	0	0	0	1	1
AT4TE15800	0	0	0	1	1
AT4TE15805	0	0	0	1	1
AT4TE15810	0	0	0	1	1
AT4TE15815	0	0	0	1	1
AT4TE15820	0	0	0	1	1
AT4TE15825	0	0	0	1	1
AT4TE15835	0	0	0	1	1
AT4TE15840	0	4.28580160811138	-2.35098260702178	0.999999999999999	1
AT4TE15845	0	0	0	1	1
AT4TE15850	0	0	0	1	1
AT4TE15860	0	0	0	1	1
AT4TE15865	0	0	0	1	1
AT4TE15870	0	0	0	1	1
AT4TE15875	0	0	0	1	1
AT4TE15880	0	0	0	1	1
AT4TE15885	0	0	0	1	1
AT4TE15890	0	0	0	1	1
AT4TE15895	0	0	0	1	1
AT4TE15900	0	0	0	1	1
AT4TE15905	0	0	0	1	1
AT4TE15910	0	0	0	1	1
AT4TE15915	0	0	0	1	1
AT4TE15920	0	0	0	1	1
AT4TE15925	0	0	0	1	1
AT4TE15935	0	0	0	1	1
AT4TE15940	0	0	0	1	1
AT4TE15945	0	0	0	1	1
AT4TE15950	0	0	0	1	1
AT4TE15955	0	0	0	1	1
AT4TE15960	0	0	0	1	1
AT4TE15965	0	0	0	1	1
AT4TE15970	0	0	0	1	1
AT4TE15975	0	0	0	1	1
AT4TE15980	0	0	0	1	1
AT4TE15985	0	0	0	1	1
AT4TE15990	0	0	0	1	1
AT4TE15995	0	0	0	1	1
AT4TE16020	0	0	0	1	1
AT4TE16025	0	0	0	1	1
AT4TE16035	0	0	0	1	1
AT4TE16040	0	0	0	1	1
AT4TE16045	0	0	0	1	1
AT4TE16050	0	0	0	1	1
AT4TE16055	0	0	0	1	1
AT4TE16060	0	0	0	1	1
AT4TE16065	0	0	0	1	1
AT4TE16075	0	0	0	1	1
AT4TE16080	0	0	0	1	1
AT4TE16085	0	0	0	1	1
AT4TE16090	0	0	0	1	1
AT4TE16095	0	0	0	1	1
AT4TE16100	0	0	0	1	1
AT4TE16105	0	0	0	1	1
AT4TE16110	0	0	0	1	1
AT4TE16115	0	0	0	1	1
AT4TE16120	0	0	0	1	1
AT4TE16125	0	0	0	1	1
AT4TE16130	0	0	0	1	1
AT4TE16135	0	0	0	1	1
AT4TE16140	0	0	0	1	1
AT4TE16145	0	0	0	1	1
AT4TE16150	0	0	0	1	1
AT4TE16155	0	0	0	1	1
AT4TE16160	0	0	0	1	1
AT4TE16165	0	0	0	1	1
AT4TE16170	0	0	0	1	1
AT4TE16175	0	0	0	1	1
AT4TE16180	0	0	0	1	1
AT4TE16185	0	0	0	1	1
AT4TE16190	0	0	0	1	1
AT4TE16195	0	0	0	1	1
AT4TE16200	0	0	0	1	1
AT4TE16205	0	0	0	1	1
AT4TE16210	0	0	0	1	1
AT4TE16215	0	0	0	1	1
AT4TE16220	0	0	0	1	1
AT4TE16225	0	0	0	1	1
AT4TE16230	0	0	0	1	1
AT4TE16235	0	0	0	1	1
AT4TE16240	0	0	0	1	1
AT4TE16245	0	0	0	1	1
AT4TE16270	0	0	0	1	1
AT4TE16275	0	0	0	1	1
AT4TE16280	0	0	0	1	1
AT4TE16290	0	0	0	1	1
AT4TE16295	0	0	0	1	1
AT4TE16300	0	0	0	1	1
AT4TE16305	0	0	0	1	1
AT4TE16310	46.1064019549062	23.1175413172531	0.789215344967835	0.999999999999998	1
AT4TE16340	0	0	0	1	1
AT4TE16345	0	0	0	1	1
AT4TE16350	0	0	0	1	1
AT4TE16355	0	0	0	1	1
AT4TE16360	0	0	0	1	1
AT4TE16365	0	0	0	1	1
AT4TE16370	0	0	0	1	1
AT4TE16375	0	0	0	1	1
AT4TE16380	0.346735628292494	0	2.29417294313791	1	1
AT4TE16385	0	0	0	1	1
AT4TE16390	0	0	0	1	1
AT4TE16395	0	0	0	1	1
AT4TE16400	0	0	0	1	1
AT4TE16410	0	0	0	1	1
AT4TE16430	0	0	0	1	1
AT4TE16435	0	0	0	1	1
AT4TE16440	0	0	0	1	1
AT4TE16445	0	0	0	1	1
AT4TE16450	0	0	0	1	1
AT4TE16455	0	0	0	1	1
AT4TE16460	0	0	0	1	1
AT4TE16465	0	0	0	1	1
AT4TE16470	0	0	0	1	1
AT4TE16475	0	0	0	1	1
AT4TE16480	0	0	0	1	1
AT4TE16485	0	0	0	1	1
AT4TE16495	0	0	0	1	1
AT4TE16500	0	0	0	1	1
AT4TE16505	0	0	0	1	1
AT4TE16510	0	0	0	1	1
AT4TE16520	0	0	0	1	1
AT4TE16525	0	0	0	1	1
AT4TE16530	0	0	0	1	1
AT4TE16535	0	0	0	1	1
AT4TE16540	0	0	0	1	1
AT4TE16545	0	0	0	1	1
AT4TE16550	0	0	0	1	1
AT4TE16555	0	0	0	1	1
AT4TE16560	0	0	0	1	1
AT4TE16565	0	0	0	1	1
AT4TE16570	0	0	0	1	1
AT4TE16575	0	0	0	1	1
AT4TE16580	0	0	0	1	1
AT4TE16585	0	0	0	1	1
AT4TE16590	0	0	0	1	1
AT4TE16595	0	0	0	1	1
AT4TE16600	0	0	0	1	1
AT4TE16610	0	0	0	1	1
AT4TE16615	0	0	0	1	1
AT4TE16630	0	0	0	1	1
AT4TE16635	0	0	0	1	1
AT4TE16640	0	0	0	1	1
AT4TE16645	0	0	0	1	1
AT4TE16650	0	0	0	1	1
AT4TE16655	5.86240386414847	0	2.29434778122714	1	1
AT4TE16660	0	0	0	1	1
AT4TE16665	0	0	0	1	1
AT4TE16670	0	0	0	1	1
AT4TE16675	0	0	0	1	1
AT4TE16680	0	0	0	1	1
AT4TE16685	0	0	0	1	1
AT4TE16690	0	0	0	1	1
AT4TE16695	0	0	0	1	1
AT4TE16700	0	0	0	1	1
AT4TE16705	0	0	0	1	1
AT4TE16710	0	0	0	1	1
AT4TE16715	0	0	0	1	1
AT4TE16720	0	0	0	1	1
AT4TE16725	0	0	0	1	1
AT4TE16730	0	0	0	1	1
AT4TE16735	0	0	0	1	1
AT4TE16740	0	0	0	1	1
AT4TE16745	0	0	0	1	1
AT4TE16750	0	0	0	1	1
AT4TE16755	0	0	0	1	1
AT4TE16765	0	0	0	1	1
AT4TE16770	0	0	0	1	1
AT4TE16775	0	0	0	1	1
AT4TE16790	0	0	0	1	1
AT4TE16795	0	0	0	1	1
AT4TE16800	0	0	0	1	1
AT4TE16805	0	0	0	1	1
AT4TE16810	0	0	0	1	1
AT4TE16815	0	0	0	1	1
AT4TE16820	0	0	0	1	1
AT4TE16825	0	0	0	1	1
AT4TE16830	0	0	0	1	1
AT4TE16835	0	0	0	1	1
AT4TE16840	0	0	0	1	1
AT4TE16845	0	0	0	1	1
AT4TE16850	0	0	0	1	1
AT4TE16855	0	0	0	1	1
AT4TE16860	0	0	0	1	1
AT4TE16865	0	0	0	1	1
AT4TE16870	0	0	0	1	1
AT4TE16875	0	0	0	1	1
AT4TE16880	0	0	0	1	1
AT4TE16885	0	0	0	1	1
AT4TE16890	0	0	0	1	1
AT4TE16900	2.2807908377917	6.05533367040298	-1.2875714997783	0.458682020800648	1
AT4TE16905	0	0	0	1	1
AT4TE16910	0	0	0	1	1
AT4TE16915	0	0	0	1	1
AT4TE16925	0	0	0	1	1
AT4TE16930	0	0	0	1	1
AT4TE16935	0	0	0	1	1
AT4TE16940	0	0	0	1	1
AT4TE16945	0.494777273318535	0	2.29434778123362	1	1
AT4TE16950	0	0	0	1	1
AT4TE16955	0	0	0	1	1
AT4TE16965	0	0	0	1	1
AT4TE16970	0	0	0	1	1
AT4TE16980	0	0	0	1	1
AT4TE16985	0	0	0	1	1
AT4TE16990	0	0	0	1	1
AT4TE16995	0	0	0	1	1
AT4TE17000	0	0	0	1	1
AT4TE17005	0	0	0	1	1
AT4TE17010	0	0	0	1	1
AT4TE17015	0	0	0	1	1
AT4TE17020	0	0	0	1	1
AT4TE17025	0	0	0	1	1
AT4TE17030	0	0	0	1	1
AT4TE17035	0	0	0	1	1
AT4TE17040	0	0	0	1	1
AT4TE17045	0	0	0	1	1
AT4TE17050	0	0	0	1	1
AT4TE17055	0	379.62010845758	-3.7328373979448	0.252789106733681	1
AT4TE17065	0	0	0	1	1
AT4TE17070	0	0	0	1	1
AT4TE17075	0	0	0	1	1
AT4TE17080	0	0	0	1	1
AT4TE17085	0	0	0	1	1
AT4TE17090	0	0	0	1	1
AT4TE17095	0	0	0	1	1
AT4TE17100	0	0	0	1	1
AT4TE17105	0	0	0	1	1
AT4TE17110	0	0	0	1	1
AT4TE17115	0	0	0	1	1
AT4TE17120	0	0	0	1	1
AT4TE17125	0	0	0	1	1
AT4TE17140	0	0	0	1	1
AT4TE17145	0	0	0	1	1
AT4TE17150	0	0	0	1	1
AT4TE17155	0	0	0	1	1
AT4TE17160	0	0	0	1	1
AT4TE17165	0	0	0	1	1
AT4TE17170	0	0	0	1	1
AT4TE17175	0	0	0	1	1
AT4TE17180	0	0	0	1	1
AT4TE17185	0	0	0	1	1
AT4TE17190	0	0	0	1	1
AT4TE17200	0	0	0	1	1
AT4TE17205	0	0	0	1	1
AT4TE17240	0	0	0	1	1
AT4TE17360	0	1.26288014282414	-3.2015906711622	0.501869900857354	1
AT4TE17460	0	0	0	1	1
AT4TE17465	0	0	0	1	1
AT4TE17470	0.749668013318218	0	2.2943477812401	0.999999999999997	1
AT4TE17475	0	0	0	1	1
AT4TE17480	0	0	0	1	1
AT4TE17485	0	0	0	1	1
AT4TE17490	0	0	0	1	1
AT4TE17495	0	0	0	1	1
AT4TE17500	0	0	0	1	1
AT4TE17505	0	0	0	1	1
AT4TE17510	0	0	0	1	1
AT4TE17515	0	0	0	1	1
AT4TE17520	0	0	0	1	1
AT4TE17530	0	0	0	1	1
AT4TE17535	0	0	0	1	1
AT4TE17620	0	10.5988727492596	-2.34990268308944	1	1
AT4TE17625	0	0	0	1	1
AT4TE17635	210.935235055332	310.792698294252	-0.550974676402022	0.318581368568532	1
AT4TE17640	0	0	0	1	1
AT4TE17645	0	0	0	1	1
AT4TE17650	116.141963346338	115.587706586266	-0.0555552209733004	1	1
AT4TE17655	0	0	0	1	1
AT4TE17660	0	0	0	1	1
AT4TE17665	0	0	0	1	1
AT4TE17670	0	0	0	1	1
AT4TE17675	0	0	0	1	1
AT4TE17680	0	0	0	1	1
AT4TE17685	0	0	0	1	1
AT4TE17690	0	0	0	1	1
AT4TE17695	0	0	0	1	1
AT4TE17700	0	0	0	1	1
AT4TE17705	0	0	0	1	1
AT4TE17710	0	0	0	1	1
AT4TE17715	0	0	0	1	1
AT4TE17720	0	0	0	1	1
AT4TE17725	0	0	0	1	1
AT4TE17730	0	0	0	1	1
AT4TE17740	0	0	0	1	1
AT4TE17745	0	0	0	1	1
AT4TE17750	0	0	0	1	1
AT4TE17755	0	0	0	1	1
AT4TE17760	0	0	0	1	1
AT4TE17765	0	0	0	1	1
AT4TE17770	0	0	0	1	1
AT4TE17775	0	0	0	1	1
AT4TE17780	0	0	0	1	1
AT4TE17785	0	0	0	1	1
AT4TE17790	0	0	0	1	1
AT4TE17795	0	0	0	1	1
AT4TE17800	0	0	0	1	1
AT4TE17805	0	0	0	1	1
AT4TE17810	0	0	0	1	1
AT4TE17815	0	0	0	1	1
AT4TE17850	0	0	0	1	1
AT4TE17855	0	0	0	1	1
AT4TE17860	0	0	0	1	1
AT4TE17865	0	0	0	1	1
AT4TE17870	0	0	0	1	1
AT4TE17875	0	0	0	1	1
AT4TE17880	0	0	0	1	1
AT4TE17885	0	0	0	1	1
AT4TE17890	0	0	0	1	1
AT4TE17895	0	0	0	1	1
AT4TE17900	0	0	0	1	1
AT4TE17905	0	0	0	1	1
AT4TE17910	0	0	0	1	1
AT4TE17915	0	0	0	1	1
AT4TE17920	0	0	0	1	1
AT4TE17925	0	0	0	1	1
AT4TE17930	0	0	0	1	1
AT4TE17935	0	0	0	1	1
AT4TE17945	0	0	0	1	1
AT4TE17950	0	0	0	1	1
AT4TE17955	0	0	0	1	1
AT4TE17960	0	0	0	1	1
AT4TE17965	0	0	0	1	1
AT4TE17970	0	0	0	1	1
AT4TE17975	0	0	0	1	1
AT4TE18010	0	0	0	1	1
AT4TE18015	0	0	0	1	1
AT4TE18020	0	0	0	1	1
AT4TE18025	0	0	0	1	1
AT4TE18030	0	0	0	1	1
AT4TE18035	0	0	0	1	1
AT4TE18040	0	0	0	1	1
AT4TE18045	0	0	0	1	1
AT4TE18050	1.66877854684675	3.37250121060946	-0.906288672456615	0.999999999999999	1
AT4TE18055	0	0	0	1	1
AT4TE18060	0	0	0	1	1
AT4TE18065	0	0	0	1	1
AT4TE18070	0	0	0	1	1
AT4TE18075	0	0	0	1	1
AT4TE18080	0	0	0	1	1
AT4TE18100	0	0	0	1	1
AT4TE18105	0	0	0	1	1
AT4TE18110	0	0	0	1	1
AT4TE18150	0	0	0	1	1
AT4TE18155	0	0	0	1	1
AT4TE18160	0	0	0	1	1
AT4TE18165	0	0	0	1	1
AT4TE18170	0	0	0	1	1
AT4TE18175	0	0	0	1	1
AT4TE18180	0	0	0	1	1
AT4TE18185	0	0	0	1	1
AT4TE18190	0	0	0	1	1
AT4TE18195	0	0	0	1	1
AT4TE18205	0	0	0	1	1
AT4TE18210	0	0	0	1	1
AT4TE18215	0	0	0	1	1
AT4TE18220	0	0	0	1	1
AT4TE18225	0	0	0	1	1
AT4TE18230	0	0	0	1	1
AT4TE18235	0	0	0	1	1
AT4TE18240	0	0	0	1	1
AT4TE18245	0	0	0	1	1
AT4TE18250	0	0	0	1	1
AT4TE18255	0	0	0	1	1
AT4TE18260	0	0	0	1	1
AT4TE18265	0	0	0	1	1
AT4TE18270	0	0	0	1	1
AT4TE18275	0	0	0	1	1
AT4TE18290	0	0	0	1	1
AT4TE18295	0	0	0	1	1
AT4TE18300	0	0	0	1	1
AT4TE18305	0	0	0	1	1
AT4TE18310	0	0	0	1	1
AT4TE18315	0	0	0	1	1
AT4TE18320	0	0	0	1	1
AT4TE18325	0	0	0	1	1
AT4TE18330	0	0	0	1	1
AT4TE18335	0	0	0	1	1
AT4TE18340	0	0	0	1	1
AT4TE18345	0	0	0	1	1
AT4TE18350	0	0	0	1	1
AT4TE18355	0	0	0	1	1
AT4TE18360	0	0	0	1	1
AT4TE18365	0	0	0	1	1
AT4TE18370	0	0	0	1	1
AT4TE18375	0	0	0	1	1
AT4TE18380	0	0	0	1	1
AT4TE18385	0	0	0	1	1
AT4TE18390	0	0	0	1	1
AT4TE18395	0	0	0	1	1
AT4TE18405	0	0	0	1	1
AT4TE18415	0	0	0	1	1
AT4TE18420	0	0	0	1	1
AT4TE18425	0	0	0	1	1
AT4TE18430	0	0	0	1	1
AT4TE18435	0	0	0	1	1
AT4TE18440	0	0	0	1	1
AT4TE18445	0	0	0	1	1
AT4TE18450	0	0	0	1	1
AT4TE18455	0	0	0	1	1
AT4TE18460	0	0	0	1	1
AT4TE18465	0	0	0	1	1
AT4TE18470	0	0	0	1	1
AT4TE18475	0	0	0	1	1
AT4TE18480	0	0	0	1	1
AT4TE18485	0	0	0	1	1
AT4TE18490	0	0	0	1	1
AT4TE18500	0.358025013514564	0.356316433959872	-0.0555552207890828	1	1
AT4TE18505	0	0	0	1	1
AT4TE18510	0	0	0	1	1
AT4TE18560	0	0	0	1	1
AT4TE18565	0	0	0	1	1
AT4TE18570	0	0	0	1	1
AT4TE18580	0	0	0	1	1
AT4TE18590	0	0	0	1	1
AT4TE18595	0	0	0	1	1
AT4TE18600	0	0	0	1	1
AT4TE18605	0	0	0	1	1
AT4TE18610	0	0	0	1	1
AT4TE18615	0	0	0	1	1
AT4TE18620	0	0	0	1	1
AT4TE18625	0	0	0	1	1
AT4TE18630	0	0	0	1	1
AT4TE18635	0	0	0	1	1
AT4TE18640	0	0	0	1	1
AT4TE18645	19.8215214472835	16.367114649251	0.239164105802787	0.999999999999999	1
AT4TE18650	0	0	0	1	1
AT4TE18655	0	0	0	1	1
AT4TE18660	0	0	0	1	1
AT4TE18665	0	0	0	1	1
AT4TE18670	0	0	0	1	1
AT4TE18675	0	0	0	1	1
AT4TE18680	0	0	0	1	1
AT4TE18685	0	0	0	1	1
AT4TE18690	0	0	0	1	1
AT4TE18695	0	0	0	1	1
AT4TE18700	0	0	0	1	1
AT4TE18705	0	0	0	1	1
AT4TE18710	0	0	0	1	1
AT4TE18715	0	0	0	1	1
AT4TE18720	0	0	0	1	1
AT4TE18725	0	0	0	1	1
AT4TE18730	0	0	0	1	1
AT4TE18735	0	0	0	1	1
AT4TE18740	0	0	0	1	1
AT4TE18745	0	0	0	1	1
AT4TE18750	0	0	0	1	1
AT4TE18755	0	0	0	1	1
AT4TE18760	0	0	0	1	1
AT4TE18765	0	0	0	1	1
AT4TE18775	0	0	0	1	1
AT4TE18780	0	0	0	1	1
AT4TE18785	0	0	0	1	1
AT4TE18790	0	0	0	1	1
AT4TE18795	0	0	0	1	1
AT4TE18800	0	0	0	1	1
AT4TE18805	0	0	0	1	1
AT4TE18810	0	0	0	1	1
AT4TE18815	0	0	0	1	1
AT4TE18820	0	0	0	1	1
AT4TE18825	0	0	0	1	1
AT4TE18830	0	0	0	1	1
AT4TE18840	0	0	0	1	1
AT4TE18845	0	0	0	1	1
AT4TE18860	0	0	0	1	1
AT4TE18865	0	0	0	1	1
AT4TE18870	0	0	0	1	1
AT4TE18875	0	0	0	1	1
AT4TE18880	0	0	0	1	1
AT4TE18885	0	0	0	1	1
AT4TE18890	0	0	0	1	1
AT4TE18895	0	0	0	1	1
AT4TE18900	0	0	0	1	1
AT4TE18905	0	0	0	1	1
AT4TE18910	0	0	0	1	1
AT4TE18915	0	0	0	1	1
AT4TE18920	0	0	0	1	1
AT4TE18925	0	0	0	1	1
AT4TE18930	0	0	0	1	1
AT4TE18935	0	0	0	1	1
AT4TE18940	0	0	0	1	1
AT4TE18945	0	0	0	1	1
AT4TE18950	0	0	0	1	1
AT4TE18955	0	0	0	1	1
AT4TE18960	0	0	0	1	1
AT4TE18965	0	0	0	1	1
AT4TE18990	0	0	0	1	1
AT4TE18995	0	0	0	1	1
AT4TE19000	0	0	0	1	1
AT4TE19010	0	0	0	1	1
AT4TE19015	0	0	0	1	1
AT4TE19020	0	0	0	1	1
AT4TE19025	0	0	0	1	1
AT4TE19030	0	0	0	1	1
AT4TE19035	0	0	0	1	1
AT4TE19040	0	0	0	1	1
AT4TE19045	0	0	0	1	1
AT4TE19050	0	0	0	1	1
AT4TE19055	0	0	0	1	1
AT4TE19060	0	0	0	1	1
AT4TE19065	0	0	0	1	1
AT4TE19070	0	0	0	1	1
AT4TE19075	0	0	0	1	1
AT4TE19080	0	0	0	1	1
AT4TE19085	0	0	0	1	1
AT4TE19090	0	0	0	1	1
AT4TE19095	0	0	0	1	1
AT4TE19100	0	0	0	1	1
AT4TE19105	0	0	0	1	1
AT4TE19110	14.0116932546447	7.02539959755972	0.78921534949209	1	1
AT4TE19115	0	0	0	1	1
AT4TE19120	0	0	0	1	1
AT4TE19125	0	0	0	1	1
AT4TE19130	0	0	0	1	1
AT4TE19135	0	0	0	1	1
AT4TE19140	0	0	0	1	1
AT4TE19145	0	0	0	1	1
AT4TE19150	0	0	0	1	1
AT4TE19155	0	0	0	1	1
AT4TE19160	0	0	0	1	1
AT4TE19165	0	0	0	1	1
AT4TE19170	0	0	0	1	1
AT4TE19175	0	0	0	1	1
AT4TE19180	0	0	0	1	1
AT4TE19190	0	0	0	1	1
AT4TE19195	0	0	0	1	1
AT4TE19200	0	0	0	1	1
AT4TE19205	0	0	0	1	1
AT4TE19210	0	0	0	1	1
AT4TE19290	0	0	0	1	1
AT4TE19295	0	0	0	1	1
AT4TE19300	0	0	0	1	1
AT4TE19305	0	0	0	1	1
AT4TE19310	0	0	0	1	1
AT4TE19315	0	0	0	1	1
AT4TE19320	0	0	0	1	1
AT4TE19325	0	0	0	1	1
AT4TE19330	0	0	0	1	1
AT4TE19335	0	0	0	1	1
AT4TE19340	0	0	0	1	1
AT4TE19345	0	0	0	1	1
AT4TE19350	0	0	0	1	1
AT4TE19360	0	0	0	1	1
AT4TE19365	0	0	0	1	1
AT4TE19370	0	0	0	1	1
AT4TE19375	0	0	0	1	1
AT4TE19380	0	0	0	1	1
AT4TE19385	0	0	0	1	1
AT4TE19390	0	0	0	1	1
AT4TE19395	0	0	0	1	1
AT4TE19400	0	0	0	1	1
AT4TE19405	0	0	0	1	1
AT4TE19410	0	0	0	1	1
AT4TE19415	0	0	0	1	1
AT4TE19420	0	0	0	1	1
AT4TE19430	0	0	0	1	1
AT4TE19435	0	0	0	1	1
AT4TE19440	0	0	0	1	1
AT4TE19445	0	0	0	1	1
AT4TE19450	0	0	0	1	1
AT4TE19455	0	0	0	1	1
AT4TE19460	0	0	0	1	1
AT4TE19465	0	0	0	1	1
AT4TE19470	0	0	0	1	1
AT4TE19475	0	0	0	1	1
AT4TE19480	0	0	0	1	1
AT4TE19485	0	0	0	1	1
AT4TE19490	0	0	0	1	1
AT4TE19495	0	0	0	1	1
AT4TE19500	0	0	0	1	1
AT4TE19505	0	0	0	1	1
AT4TE19515	0	0	0	1	1
AT4TE19520	0	0	0	1	1
AT4TE19525	0	0	0	1	1
AT4TE19530	1.72922774121342	7.50492698895513	-1.82792636592096	0.380092568081688	1
AT4TE19535	0	12.5301834725044	-2.35098260683042	1	1
AT4TE19540	64.990407010905	0	3.13915052767343	0.501872610779087	1
AT4TE19545	0	0	0	1	1
AT4TE19550	0.947736823619549	0	2.29417294312609	0.999999999999993	1
AT4TE19555	0	0	0	1	1
AT4TE19560	0	0	0	1	1
AT4TE19565	0	0	0	1	1
AT4TE19570	0	0	0	1	1
AT4TE19575	0	0	0	1	1
AT4TE19580	0	0	0	1	1
AT4TE19585	0	0	0	1	1
AT4TE19590	0	0	0	1	1
AT4TE19595	0	0	0	1	1
AT4TE19605	0	0	0	1	1
AT4TE19610	0	0	0	1	1
AT4TE19615	0	0	0	1	1
AT4TE19620	0	0	0	1	1
AT4TE19625	0	0	0	1	1
AT4TE19630	0	0	0	1	1
AT4TE19635	0	0	0	1	1
AT4TE19645	0	0	0	1	1
AT4TE19650	0	0	0	1	1
AT4TE19655	0	0	0	1	1
AT4TE19660	0	0	0	1	1
AT4TE19665	0	0	0	1	1
AT4TE19670	0	0	0	1	1
AT4TE19675	0	0.954020774809992	-2.35098260663907	0.999999999999997	1
AT4TE19680	0	0	0	1	1
AT4TE19685	0	0	0	1	1
AT4TE19690	0	0	0	1	1
AT4TE19695	0	0	0	1	1
AT4TE19700	0	0	0	1	1
AT4TE19705	0	0	0	1	1
AT4TE19710	0	0	0	1	1
AT4TE19715	0	0	0	1	1
AT4TE19725	0	0	0	1	1
AT4TE19730	0	0	0	1	1
AT4TE19735	0	0	0	1	1
AT4TE19740	0	0	0	1	1
AT4TE19745	0	0	0	1	1
AT4TE19755	0	0	0	1	1
AT4TE19760	0	0	0	1	1
AT4TE19780	0	0	0	1	1
AT4TE19800	0	0	0	1	1
AT4TE19805	0	0	0	1	1
AT4TE19810	0	0	0	1	1
AT4TE19815	0	0	0	1	1
AT4TE19825	0	0	0	1	1
AT4TE19830	0	0	0	1	1
AT4TE19835	0	0	0	1	1
AT4TE19840	0	0	0	1	1
AT4TE19845	0	0	0	1	1
AT4TE19850	0	0	0	1	1
AT4TE19855	0	0	0	1	1
AT4TE19860	0	0	0	1	1
AT4TE19865	0	0	0	1	1
AT4TE19870	0	0	0	1	1
AT4TE19875	0	0	0	1	1
AT4TE19880	0	0	0	1	1
AT4TE19885	0	0	0	1	1
AT4TE19890	0	0	0	1	1
AT4TE19895	0	0	0	1	1
AT4TE19900	0	0	0	1	1
AT4TE19905	0	0	0	1	1
AT4TE19910	0	0	0	1	1
AT4TE19915	0	0	0	1	1
AT4TE19920	0	0	0	1	1
AT4TE19925	0	0	0	1	1
AT4TE19935	0	0	0	1	1
AT4TE19940	0	0	0	1	1
AT4TE19945	0	0	0	1	1
AT4TE19955	0	0	0	1	1
AT4TE19960	0	0	0	1	1
AT4TE19965	0	0	0	1	1
AT4TE19970	0	0	0	1	1
AT4TE19975	0	0	0	1	1
AT4TE19980	0	0	0	1	1
AT4TE20010	0	0	0	1	1
AT4TE20015	0	0	0	1	1
AT4TE20020	0	0	0	1	1
AT4TE20025	0	0	0	1	1
AT4TE20030	0	0	0	1	1
AT4TE20040	0	0	0	1	1
AT4TE20045	0	0	0	1	1
AT4TE20050	0	0	0	1	1
AT4TE20055	0	0	0	1	1
AT4TE20060	0	0	0	1	1
AT4TE20065	0	0	0	1	1
AT4TE20070	0	0	0	1	1
AT4TE20075	0.539479663702995	0	2.29417294311427	1	1
AT4TE20080	0	0	0	1	1
AT4TE20085	4.8621832996492	0	2.29434778124658	1	1
AT4TE20090	0	0	0	1	1
AT4TE20095	0	0	0	1	1
AT4TE20120	0	0	0	1	1
AT4TE20125	0	0	0	1	1
AT4TE20130	0	0	0	1	1
AT4TE20150	0	0	0	1	1
AT4TE20155	0	0	0	1	1
AT4TE20160	0	0	0	1	1
AT4TE20165	0	0	0	1	1
AT4TE20170	0	0	0	1	1
AT4TE20175	0	0	0	1	1
AT4TE20180	0	0	0	1	1
AT4TE20185	0	0	0	1	1
AT4TE20190	0	0	0	1	1
AT4TE20195	0	0	0	1	1
AT4TE20200	0	0	0	1	1
AT4TE20205	0	0	0	1	1
AT4TE20210	0	0	0	1	1
AT4TE20215	0	0	0	1	1
AT4TE20220	0	0	0	1	1
AT4TE20225	0	0	0	1	1
AT4TE20230	0	0	0	1	1
AT4TE20235	0	0	0	1	1
AT4TE20240	0	0	0	1	1
AT4TE20245	0	0	0	1	1
AT4TE20250	342.655823133844	243.274105571948	0.500160493602574	0.466670448483653	1
AT4TE20255	15.7430282796826	32.8768720557723	-0.907248757438295	0.999999999999997	1
AT4TE20260	0	0	0	1	1
AT4TE20265	0	0	0	1	1
AT4TE20270	0	0	0	1	1
AT4TE20275	0	0	0	1	1
AT4TE20280	0	0	0	1	1
AT4TE20285	0	0	0	1	1
AT4TE20290	0	0	0	1	1
AT4TE20295	0	0	0	1	1
AT4TE20300	0	0	0	1	1
AT4TE20305	0	0	0	1	1
AT4TE20310	0	0	0	1	1
AT4TE20315	0	0	0	1	1
AT4TE20320	0	0	0	1	1
AT4TE20325	0	0	0	1	1
AT4TE20330	0	0	0	1	1
AT4TE20335	0	0	0	1	1
AT4TE20340	0	0	0	1	1
AT4TE20345	0	0	0	1	1
AT4TE20370	0	0	0	1	1
AT4TE20375	0	0	0	1	1
AT4TE20385	0	0	0	1	1
AT4TE20390	0	0	0	1	1
AT4TE20395	0	0	0	1	1
AT4TE20400	0	0	0	1	1
AT4TE20405	0	0	0	1	1
AT4TE20410	0	0	0	1	1
AT4TE20415	0	0	0	1	1
AT4TE20420	0	0	0	1	1
AT4TE20425	0	0	0	1	1
AT4TE20430	0	0	0	1	1
AT4TE20435	0	0	0	1	1
AT4TE20440	0	0	0	1	1
AT4TE20445	0	0	0	1	1
AT4TE20450	0	0	0	1	1
AT4TE20455	0	0	0	1	1
AT4TE20460	0	0	0	1	1
AT4TE20465	0	0	0	1	1
AT4TE20470	0	0	0	1	1
AT4TE20475	0	0	0	1	1
AT4TE20480	0	0	0	1	1
AT4TE20485	0	0	0	1	1
AT4TE20490	0	0	0	1	1
AT4TE20495	0	0	0	1	1
AT4TE20500	0	0	0	1	1
AT4TE20505	0	0	0	1	1
AT4TE20510	0	0	0	1	1
AT4TE20515	0	0	0	1	1
AT4TE20520	0	0	0	1	1
AT4TE20530	0	0	0	1	1
AT4TE20535	0	0	0	1	1
AT4TE20540	0	0	0	1	1
AT4TE20545	0	0	0	1	1
AT4TE20570	0	0	0	1	1
AT4TE20575	0	0	0	1	1
AT4TE20580	0	0	0	1	1
AT4TE20585	0	0	0	1	1
AT4TE20590	0	0	0	1	1
AT4TE20595	0	0	0	1	1
AT4TE20600	0	0	0	1	1
AT4TE20605	0	0	0	1	1
AT4TE20610	0	0	0	1	1
AT4TE20615	0	0	0	1	1
AT4TE20620	0	0	0	1	1
AT4TE20625	0	0	0	1	1
AT4TE20630	0	0	0	1	1
AT4TE20635	0	0	0	1	1
AT4TE20640	0	0	0	1	1
AT4TE20645	0	0	0	1	1
AT4TE20650	0	0	0	1	1
AT4TE20655	0	0	0	1	1
AT4TE20660	0	0	0	1	1
AT4TE20665	0	0	0	1	1
AT4TE20670	0	0	0	1	1
AT4TE20675	0	0	0	1	1
AT4TE20680	0	0	0	1	1
AT4TE20685	0	0	0	1	1
AT4TE20690	0	0	0	1	1
AT4TE20695	0	0	0	1	1
AT4TE20700	0	0	0	1	1
AT4TE20705	0	0	0	1	1
AT4TE20710	0	0	0	1	1
AT4TE20715	0	0	0	1	1
AT4TE20720	0	0	0	1	1
AT4TE20725	0	0	0	1	1
AT4TE20730	0	0	0	1	1
AT4TE20735	0	0	0	1	1
AT4TE20740	0	0	0	1	1
AT4TE20745	0	0	0	1	1
AT4TE20760	0	0	0	1	1
AT4TE20765	0	0	0	1	1
AT4TE20775	0	0	0	1	1
AT4TE20780	0	0	0	1	1
AT4TE20785	0	0	0	1	1
AT4TE20790	0	0	0	1	1
AT4TE20795	0	0	0	1	1
AT4TE20800	0	0	0	1	1
AT4TE20805	0	0	0	1	1
AT4TE20810	0	0	0	1	1
AT4TE20815	0	0	0	1	1
AT4TE20825	0	0	0	1	1
AT4TE20830	0	0	0	1	1
AT4TE20835	0	0	0	1	1
AT4TE20840	0	0	0	1	1
AT4TE20845	0	0	0	1	1
AT4TE20850	0	0	0	1	1
AT4TE20855	0	0	0	1	1
AT4TE20860	0	0	0	1	1
AT4TE20865	0	0	0	1	1
AT4TE20870	0	0	0	1	1
AT4TE20875	0	0	0	1	1
AT4TE20880	0	0	0	1	1
AT4TE20885	0	0	0	1	1
AT4TE20890	0	0	0	1	1
AT4TE20895	0	0	0	1	1
AT4TE20900	0	0	0	1	1
AT4TE20905	0	0	0	1	1
AT4TE20915	0	0	0	1	1
AT4TE20920	0	0	0	1	1
AT4TE20925	0	0	0	1	1
AT4TE20930	0	0	0	1	1
AT4TE20935	0	0	0	1	1
AT4TE20940	0	0	0	1	1
AT4TE20945	0	0	0	1	1
AT4TE20950	0	0	0	1	1
AT4TE20955	0	0	0	1	1
AT4TE20960	0	0	0	1	1
AT4TE20965	0	0	0	1	1
AT4TE20970	0	0	0	1	1
AT4TE20975	0	0	0	1	1
AT4TE20980	0	0	0	1	1
AT4TE20985	0	0	0	1	1
AT4TE20990	0	0	0	1	1
AT4TE20995	0	0	0	1	1
AT4TE21000	0	0	0	1	1
AT4TE21005	0	0	0	1	1
AT4TE21010	0	0	0	1	1
AT4TE21015	0	0	0	1	1
AT4TE21020	0	0	0	1	1
AT4TE21025	0	0	0	1	1
AT4TE21030	0	0	0	1	1
AT4TE21035	0	0	0	1	1
AT4TE21040	0	0	0	1	1
AT4TE21045	0	0	0	1	1
AT4TE21050	0	0	0	1	1
AT4TE21055	0	0	0	1	1
AT4TE21060	0	0	0	1	1
AT4TE21065	0	0	0	1	1
AT4TE21070	0	0	0	1	1
AT4TE21075	0	0	0	1	1
AT4TE21080	0	0	0	1	1
AT4TE21085	0	0	0	1	1
AT4TE21090	0	0	0	1	1
AT4TE21095	0	0	0	1	1
AT4TE21100	0	0	0	1	1
AT4TE21110	0	0	0	1	1
AT4TE21115	0	0	0	1	1
AT4TE21120	0	0	0	1	1
AT4TE21125	0	0	0	1	1
AT4TE21130	0	0	0	1	1
AT4TE21135	0	0	0	1	1
AT4TE21140	0	0	0	1	1
AT4TE21145	0	0	0	1	1
AT4TE21160	0	0	0	1	1
AT4TE21165	0	0	0	1	1
AT4TE21170	0	0	0	1	1
AT4TE21175	0	0	0	1	1
AT4TE21180	0	0	0	1	1
AT4TE21185	0	0	0	1	1
AT4TE21190	0	0	0	1	1
AT4TE21195	0	0	0	1	1
AT4TE21200	0	0	0	1	1
AT4TE21205	0	0	0	1	1
AT4TE21210	0	0	0	1	1
AT4TE21215	0	0	0	1	1
AT4TE21220	0	0	0	1	1
AT4TE21225	0	0	0	1	1
AT4TE21230	0	0	0	1	1
AT4TE21235	0	0	0	1	1
AT4TE21240	0	0	0	1	1
AT4TE21245	0	0	0	1	1
AT4TE21250	0	0	0	1	1
AT4TE21255	0	0	0	1	1
AT4TE21260	0	0	0	1	1
AT4TE21265	0	0	0	1	1
AT4TE21270	0	0	0	1	1
AT4TE21275	0	0	0	1	1
AT4TE21290	0	0	0	1	1
AT4TE21295	0	0	0	1	1
AT4TE21300	0	0	0	1	1
AT4TE21305	0	0	0	1	1
AT4TE21310	0	0	0	1	1
AT4TE21315	0	0	0	1	1
AT4TE21320	0	0	0	1	1
AT4TE21325	0	0	0	1	1
AT4TE21330	0	0	0	1	1
AT4TE21335	0	0	0	1	1
AT4TE21340	0	0	0	1	1
AT4TE21345	0	0	0	1	1
AT4TE21350	0	0	0	1	1
AT4TE21355	0	0	0	1	1
AT4TE21360	0	0	0	1	1
AT4TE21380	68.3947117483988	217.59517220602	-1.43949078722644	0.627825623780871	1
AT4TE21390	0	0	0	1	1
AT4TE21395	0	3.50453568996608	-2.35098260644771	1	1
AT4TE21405	0	0	0	1	1
AT4TE21410	0	0	0	1	1
AT4TE21415	119.574206761568	162.230815580163	-0.452446859213552	0.547375554271086	1
AT4TE21420	0	240.311018740531	-3.20276755995778	0.502192701879549	1
AT4TE21450	0	83.9198417681106	-2.34990268296974	0.999999999999993	1
AT4TE21455	0	37.5837328163931	-2.34990268285004	0.999999999999999	1
AT4TE21460	0	0	0	1	1
AT4TE21465	0	0	0	1	1
AT4TE21470	0	0	0	1	1
AT4TE21475	0	0	0	1	1
AT4TE21500	0	0	0	1	1
AT4TE21505	0	0	0	1	1
AT4TE21510	0	0	0	1	1
AT4TE21515	0	0	0	1	1
AT4TE21520	0	0	0	1	1
AT4TE21525	0	0	0	1	1
AT4TE21530	0	0	0	1	1
AT4TE21535	0	0	0	1	1
AT4TE21540	0	0	0	1	1
AT4TE21545	0	0	0	1	1
AT4TE21550	0	0	0	1	1
AT4TE21555	0	0	0	1	1
AT4TE21570	343.434029446842	245.909103021278	0.488723409614628	0.758556442151698	1
AT4TE21575	1469.85298035821	1337.01545815868	0.140690248248549	0.442274453151066	1
AT4TE21585	0	105.963913775352	-3.2027675435033	0.502192671957376	1
AT4TE21590	0	0	0	1	1
AT4TE21595	0	0	0	1	1
AT4TE21600	0	0	0	1	1
AT4TE21605	0	0	0	1	1
AT4TE21610	0	0	0	1	1
AT4TE21615	0	0	0	1	1
AT4TE21620	0	0	0	1	1
AT4TE21625	0	0	0	1	1
AT4TE21630	0	0	0	1	1
AT4TE21635	0	0	0	1	1
AT4TE21640	2221.49027600912	2708.52844669654	-0.286613339047852	0.849811178164023	1
AT4TE21660	0	0	0	1	1
AT4TE21665	0	0	0	1	1
AT4TE21670	0	0	0	1	1
AT4TE21675	0	0	0	1	1
AT4TE21680	0	0	0	1	1
AT4TE21685	0	0	0	1	1
AT4TE21690	0	0	0	1	1
AT4TE21695	0	0	0	1	1
AT4TE21705	0	0	0	1	1
AT4TE21710	0	0	0	1	1
AT4TE21715	0	0	0	1	1
AT4TE21725	0	0	0	1	1
AT4TE21730	0	0	0	1	1
AT4TE21735	0	0	0	1	1
AT4TE21740	0	0	0	1	1
AT4TE21745	0	0	0	1	1
AT4TE21750	0	0	0	1	1
AT4TE21755	0	0	0	1	1
AT4TE21760	0	0	0	1	1
AT4TE21765	0	0	0	1	1
AT4TE21770	0	0	0	1	1
AT4TE21775	0	0	0	1	1
AT4TE21780	34.5815958278421	34.4165643206296	-0.0555552206048653	1	1
AT4TE21790	0	0	0	1	1
AT4TE21795	0	0	0	1	1
AT4TE21800	0	0	0	1	1
AT4TE21810	13.7707473318924	0	2.29434778125306	1	1
AT4TE21830	0	0	0	1	1
AT4TE21850	89.1972532100434	71.212965449243	0.331778164880409	0.797465920878816	1
AT4TE21855	125.003555890603	138.736258241956	-0.0639053322838905	1	1
AT4TE21880	14.315172226409	29.8950162181557	-0.907248757091991	0.999999999999996	1
AT4TE21900	0	0	0	1	1
AT4TE21905	0	0	0	1	1
AT4TE21910	0	0	0	1	1
AT4TE21915	0	0	0	1	1
AT4TE21920	0	0	0	1	1
AT4TE21925	0	0	0	1	1
AT4TE21930	6.35245000759122	0	2.29434778125954	1	1
AT4TE21935	0	0	0	1	1
AT4TE21940	0	0	0	1	1
AT4TE21945	0	0	0	1	1
AT4TE21950	0	0	0	1	1
AT4TE21955	0	0	0	1	1
AT4TE21960	0	0	0	1	1
AT4TE21965	0	0	0	1	1
AT4TE21970	0	0	0	1	1
AT4TE21975	0	0	0	1	1
AT4TE21980	0	0	0	1	1
AT4TE21985	0	0	0	1	1
AT4TE21990	0	0	0	1	1
AT4TE21995	0	0	0	1	1
AT4TE22030	0	0	0	1	1
AT4TE22035	0	0	0	1	1
AT4TE22040	0	0	0	1	1
AT4TE22045	0	0	0	1	1
AT4TE22050	0	0	0	1	1
AT4TE22055	0	0	0	1	1
AT4TE22065	0	0	0	1	1
AT4TE22070	0	0	0	1	1
AT4TE22075	0	0	0	1	1
AT4TE22085	0	0	0	1	1
AT4TE22090	0	0	0	1	1
AT4TE22095	0	0	0	1	1
AT4TE22100	0	0	0	1	1
AT4TE22105	0	0	0	1	1
AT4TE22115	0	0	0	1	1
AT4TE22120	0	0	0	1	1
AT4TE22125	27244.4070917043	27037.465060298	0.0107456371108123	0.968260469377872	1
AT4TE22135	0	0	0	1	1
AT4TE22140	0	0	0	1	1
AT4TE22150	0	0	0	1	1
AT4TE22155	0	0	0	1	1
AT4TE22160	0	0	0	1	1
AT4TE22170	3850.09853580731	3628.75489271357	0.0907683579664011	0.805368269684382	1
AT4TE22175	0	0	0	1	1
AT4TE22180	0	0	0	1	1
AT4TE22185	0	0	0	1	1
AT4TE22190	0	0	0	1	1
AT4TE22195	0	0	0	1	1
AT4TE22200	0	0	0	1	1
AT4TE22205	0	0	0	1	1
AT4TE22210	0	0	0	1	1
AT4TE22215	0	0	0	1	1
AT4TE22220	0	0	0	1	1
AT4TE22225	75.4209661608034	41.5352378070054	0.788203787551266	0.999999999999995	1
AT4TE22235	0	0	0	1	1
AT4TE22240	0	0	0	1	1
AT4TE22245	0	0	0	1	1
AT4TE22250	0	0	0	1	1
AT4TE22255	0	0	0	1	1
AT4TE22260	0	0	0	1	1
AT4TE22265	0	0	0	1	1
AT4TE22270	0	0	0	1	1
AT4TE22275	0	0	0	1	1
AT4TE22280	0	0	0	1	1
AT4TE22290	0	0	0	1	1
AT4TE22295	0	0	0	1	1
AT4TE22300	0	0	0	1	1
AT4TE22305	0	0	0	1	1
AT4TE22310	0	0	0	1	1
AT4TE22315	0	0	0	1	1
AT4TE22320	0	0	0	1	1
AT4TE22325	0	0	0	1	1
AT4TE22330	0	0	0	1	1
AT4TE22335	0	0	0	1	1
AT4TE22340	0	0	0	1	1
AT4TE22345	0	0	0	1	1
AT4TE22350	0	0	0	1	1
AT4TE22355	0	0	0	1	1
AT4TE22360	0	0	0	1	1
AT4TE22365	0	0	0	1	1
AT4TE22370	0	0	0	1	1
AT4TE22380	0	0	0	1	1
AT4TE22390	0	45.1928700544739	-3.73283739347644	0.252789136760491	1
AT4TE22395	0	7.6672696484006	-2.34990268273034	0.999999999999997	1
AT4TE22400	0	0	0	1	1
AT4TE22405	0	0	0	1	1
AT4TE22410	140.439040437358	288.587975539668	-0.980889591357347	0.690921866491521	1
AT4TE22420	0	0	0	1	1
AT4TE22425	0	0	0	1	1
AT4TE22460	0	0	0	1	1
AT4TE22465	0	0	0	1	1
AT4TE22470	0	0	0	1	1
AT4TE22475	0	0	0	1	1
AT4TE22480	0	0	0	1	1
AT4TE22485	0	0	0	1	1
AT4TE22520	0	672.870852473487	-3.20276752704937	0.502192642036237	1
AT4TE22525	0	0	0	1	1
AT4TE22530	0	0	0	1	1
AT4TE22535	0	0	0	1	1
AT4TE22540	0	0	0	1	1
AT4TE22545	0	0	0	1	1
AT4TE22550	0	0	0	1	1
AT4TE22555	0	0	0	1	1
AT4TE22560	9.58804370304656	20.0231417037491	-0.907248756745683	1	1
AT4TE22565	0	0	0	1	1
AT4TE22570	0	0	0	1	1
AT4TE22590	0	0	0	1	1
AT4TE22595	0	0	0	1	1
AT4TE22600	313.129838217802	274.210798849203	0.18880979452351	0.421015977382952	1
AT4TE22605	0	0	0	1	1
AT4TE22610	0	0	0	1	1
AT4TE22615	0	0	0	1	1
AT4TE22620	0	0	0	1	1
AT4TE22650	0	0	0	1	1
AT4TE22670	0	0	0	1	1
AT4TE22675	0	0	0	1	1
AT4TE22680	0	0	0	1	1
AT4TE22685	0	0	0	1	1
AT4TE22690	0	0	0	1	1
AT4TE22695	0	0	0	1	1
AT4TE22710	0	0	0	1	1
AT4TE22715	0	0	0	1	1
AT4TE22720	0	0	0	1	1
AT4TE22725	0	0	0	1	1
AT4TE22730	0	0	0	1	1
AT4TE22735	0	0	0	1	1
AT4TE22740	0	0	0	1	1
AT4TE22745	0	0	0	1	1
AT4TE22750	0	0	0	1	1
AT4TE22760	0	0	0	1	1
AT4TE22765	0	0	0	1	1
AT4TE22770	0	0	0	1	1
AT4TE22775	0	0	0	1	1
AT4TE22780	0	0	0	1	1
AT4TE22785	0	0	0	1	1
AT4TE22790	0	0	0	1	1
AT4TE22795	0	0	0	1	1
AT4TE22810	185.764167391556	124.140887140258	0.565132810420926	0.527103844394102	1
AT4TE22815	0	0	0	1	1
AT4TE22820	0	0	0	1	1
AT4TE22825	0	0	0	1	1
AT4TE22830	0	0	0	1	1
AT4TE22835	0	0	0	1	1
AT4TE22845	0	0	0	1	1
AT4TE22855	0	0	0	1	1
AT4TE22865	0	0	0	1	1
AT4TE22870	0	0	0	1	1
AT4TE22875	0	0	0	1	1
AT4TE22880	0	0	0	1	1
AT4TE22885	3159.78423986422	2979.04176628234	0.0807983947657952	0.637345764032311	1
AT4TE22895	0	0	0	1	1
AT4TE22900	0	0	0	1	1
AT4TE22905	0	0	0	1	1
AT4TE22915	0	0	0	1	1
AT4TE22920	0	0	0	1	1
AT4TE22925	0	0	0	1	1
AT4TE22930	0	0	0	1	1
AT4TE22935	0	0	0	1	1
AT4TE22940	0	0	0	1	1
AT4TE22945	0	0	0	1	1
AT4TE22950	0	0	0	1	1
AT4TE22955	0	0	0	1	1
AT4TE22965	0	0	0	1	1
AT4TE22970	0	0	0	1	1
AT4TE22975	0	0	0	1	1
AT4TE23000	0	0	0	1	1
AT4TE23010	0	0	0	1	1
AT4TE23020	0	0	0	1	1
AT4TE23025	0	0	0	1	1
AT4TE23030	0	0	0	1	1
AT4TE23035	0	0	0	1	1
AT4TE23040	0	0	0	1	1
AT4TE23045	172.863801454104	199.279650902627	-0.190462096357244	0.795066266710186	1
AT4TE23090	0	0	0	1	1
AT4TE23095	0	0	0	1	1
AT4TE23100	0	0	0	1	1
AT4TE23105	0	0	0	1	1
AT4TE23110	0	0	0	1	1
AT4TE23115	0	0	0	1	1
AT4TE23125	0	0	0	1	1
AT4TE23130	0	0	0	1	1
AT4TE23170	0	0	0	1	1
AT4TE23180	0	0	0	1	1
AT4TE23185	34.3884025550608	0	2.29434778126603	1	1
AT4TE23190	0	0	0	1	1
AT4TE23195	0	0	0	1	1
AT4TE23200	0	0	0	1	1
AT4TE23205	0	0	0	1	1
AT4TE23210	0	0	0	1	1
AT4TE23215	2.31584802759815	2.30479625623479	-0.0555552204206478	1	1
AT4TE23220	0	0	0	1	1
AT4TE23225	0	0	0	1	1
AT4TE23230	0	0	0	1	1
AT4TE23240	3599.04906981837	2809.04668206053	0.341008034867946	0.520484964823173	1
AT4TE23245	0	0	0	1	1
AT4TE23250	0	0	0	1	1
AT4TE23255	0	0	0	1	1
AT4TE23260	0	0	0	1	1
AT4TE23270	0	0	0	1	1
AT4TE23275	0	0	0	1	1
AT4TE23280	0	0	0	1	1
AT4TE23285	6.08253365351373	0	2.29434778127251	1	1
AT4TE23290	0	0	0	1	1
AT4TE23295	0	0	0	1	1
AT4TE23300	0	0	0	1	1
AT4TE23305	0	0	0	1	1
AT4TE23310	0	0	0	1	1
AT4TE23340	0	0	0	1	1
AT4TE23345	0	1.64700281535003	-3.20159067160762	0.501869918881031	1
AT4TE23350	0	0	0	1	1
AT4TE23390	0	0	0	1	1
AT4TE23400	0	0	0	1	1
AT4TE23410	0	1.34681916027519	-2.35098260625636	1	1
AT4TE23415	0	0	0	1	1
AT4TE23420	0	0	0	1	1
AT4TE23425	0	0	0	1	1
AT4TE23430	0	0	0	1	1
AT4TE23435	0	0	0	1	1
AT4TE23440	0	0	0	1	1
AT4TE23445	0	0	0	1	1
AT4TE23450	0	0	0	1	1
AT4TE23460	9302.10345257489	9197.75740896535	0.0150261446684495	0.917733600067909	1
AT4TE23465	0	0	0	1	1
AT4TE23470	0	0	0	1	1
AT4TE23475	0	0	0	1	1
AT4TE23480	2276.04966393989	2074.52517028694	0.124137527362886	0.838819441347209	1
AT4TE23485	17.2208548527839	4.74186647268138	1.70393931471395	0.379440747762166	1
AT4TE23490	9.34070418415158	9.29612814730209	-0.0555552202364303	1	1
AT4TE23520	0	0	0	1	1
AT4TE23525	0	0	0	1	1
AT4TE23540	751.842709132116	1412.14924830166	-0.910960013944626	0.365534079184449	1
AT4TE23545	0	0	0	1	1
AT4TE23550	0	0	0	1	1
AT4TE23555	0	0	0	1	1
AT4TE23560	0	0	0	1	1
AT4TE23565	0	0	0	1	1
AT4TE23570	0	0	0	1	1
AT4TE23575	0	0	0	1	1
AT4TE23585	0	0	0	1	1
AT4TE23590	0	0	0	1	1
AT4TE23600	0	0	0	1	1
AT4TE23605	0	0	0	1	1
AT4TE23610	0	0	0	1	1
AT4TE23615	63.4834812638142	35.2288404436381	0.787943004745858	1	1
AT4TE23620	80.7901156742844	40.3036082175795	0.881289054423336	0.524514826010443	1
AT4TE23630	29.8653815797747	53.2650615309504	-0.75866175955264	0.731158461804218	1
AT4TE23640	0	0	0	1	1
AT4TE23645	0	0	0	1	1
AT4TE23650	0	0	0	1	1
AT4TE23655	0	0	0	1	1
AT4TE23665	0	0	0	1	1
AT4TE23670	0	0	0	1	1
AT4TE23675	0	0	0	1	1
AT4TE23680	0	0	0	1	1
AT4TE23685	0	0	0	1	1
AT4TE23690	0	0	0	1	1
AT4TE23695	0	0	0	1	1
AT4TE23700	0	0	0	1	1
AT4TE23705	0	0	0	1	1
AT4TE23710	0	0	0	1	1
AT4TE23715	0	0	0	1	1
AT4TE23720	0	0	0	1	1
AT4TE23725	0	0	0	1	1
AT4TE23735	0	0	0	1	1
AT4TE23740	0	0	0	1	1
AT4TE23745	0	0	0	1	1
AT4TE23750	0	0	0	1	1
AT4TE23755	0	0	0	1	1
AT4TE23760	0	0	0	1	1
AT4TE23765	0	0	0	1	1
AT4TE23770	0	0	0	1	1
AT4TE23775	0	0	0	1	1
AT4TE23780	0	0	0	1	1
AT4TE23785	0	0	0	1	1
AT4TE23790	0	0	0	1	1
AT4TE23795	0	0	0	1	1
AT4TE23800	0	0	0	1	1
AT4TE23805	0	0	0	1	1
AT4TE23810	0	0	0	1	1
AT4TE23815	0	0	0	1	1
AT4TE23820	0	0	0	1	1
AT4TE23825	0	0	0	1	1
AT4TE23830	0	0	0	1	1
AT4TE23840	0	0	0	1	1
AT4TE23845	0	0	0	1	1
AT4TE23850	45.5840034638666	0	2.29417294310245	0.999999999999999	1
AT4TE23860	0	0	0	1	1
AT4TE23865	0	0	0	1	1
AT4TE23870	0	0	0	1	1
AT4TE23875	0	0	0	1	1
AT4TE23880	0	0	0	1	1
AT4TE23885	0	0	0	1	1
AT4TE23930	0	0	0	1	1
AT4TE23935	0	0	0	1	1
AT4TE23940	0	0	0	1	1
AT4TE23945	0	0	0	1	1
AT4TE23950	0	0	0	1	1
AT4TE23955	0	0	0	1	1
AT4TE23960	0	0	0	1	1
AT4TE23990	0	0	0	1	1
AT4TE23995	0	0	0	1	1
AT4TE24000	0	0	0	1	1
AT4TE24005	0	0	0	1	1
AT4TE24010	0	0	0	1	1
AT4TE24015	0	0	0	1	1
AT4TE24020	0	0	0	1	1
AT4TE24030	0	0	0	1	1
AT4TE24035	0	0	0	1	1
AT4TE24040	0	0	0	1	1
AT4TE24045	0	0	0	1	1
AT4TE24050	0	0	0	1	1
AT4TE24060	0	0	0	1	1
AT4TE24065	0	0	0	1	1
AT4TE24070	0	0	0	1	1
AT4TE24075	0	0	0	1	1
AT4TE24085	0	26.2924826140432	-2.34990268261064	0.999999999999995	1
AT4TE24090	8.49113790013201	0	2.29417294309063	0.999999999999991	1
AT4TE24095	0	0	0	1	1
AT4TE24100	0	0	0	1	1
AT4TE24105	0	0	0	1	1
AT4TE24115	0	0	0	1	1
AT4TE24120	0	0	0	1	1
AT4TE24125	0	0	0	1	1
AT4TE24135	0	0	0	1	1
AT4TE24170	0	0	0	1	1
AT4TE24175	0	0	0	1	1
AT4TE24180	0	0	0	1	1
AT4TE24185	0	0	0	1	1
AT4TE24190	0	0	0	1	1
AT4TE24230	0	0	0	1	1
AT4TE24235	0	0	0	1	1
AT4TE24260	0	0	0	1	1
AT4TE24265	0	0	0	1	1
AT4TE24275	0	0	0	1	1
AT4TE24280	0	0	0	1	1
AT4TE24285	0	0	0	1	1
AT4TE24310	0	0	0	1	1
AT4TE24315	0	0	0	1	1
AT4TE24320	0	0	0	1	1
AT4TE24325	0	0	0	1	1
AT4TE24330	0	0	0	1	1
AT4TE24335	750.403786622321	544.531495893354	0.463119908401455	0.600495383836086	1
AT4TE24340	73.4869389175061	0	4.05427888882794	0.130254106417205	1
AT4TE24380	0	0	0	1	1
AT4TE24385	0	0	0	1	1
AT4TE24400	0	0	0	1	1
AT4TE24405	0	0	0	1	1
AT4TE24410	0	0	0	1	1
AT4TE24415	0	0	0	1	1
AT4TE24420	0	0	0	1	1
AT4TE24425	0	0	0	1	1
AT4TE24480	0	0	0	1	1
AT4TE24520	0	0	0	1	1
AT4TE24525	0	0	0	1	1
AT4TE24530	0	0	0	1	1
AT4TE24535	0	0	0	1	1
AT4TE24540	0	0	0	1	1
AT4TE24545	0	0	0	1	1
AT4TE24550	0	0	0	1	1
AT4TE24555	0	0	0	1	1
AT4TE24570	51.7270929189571	102.960478135665	-0.90610192113183	1	1
AT4TE24575	0	0	0	1	1
AT4TE24580	0	0	0	1	1
AT4TE24585	0	0	0	1	1
AT4TE24590	0	0	0	1	1
AT4TE24595	0	0	0	1	1
AT4TE24600	0	0	0	1	1
AT4TE24630	0	0	0	1	1
AT4TE24635	0	0	0	1	1
AT4TE24640	0	0	0	1	1
AT4TE24645	0	0	0	1	1
AT4TE24650	0	0	0	1	1
AT4TE24660	0	0	0	1	1
AT4TE24665	0	0	0	1	1
AT4TE24670	0	0	0	1	1
AT4TE24680	0	0	0	1	1
AT4TE24685	0	0	0	1	1
AT4TE24690	0	0	0	1	1
AT4TE24695	0	0	0	1	1
AT4TE24700	0	0	0	1	1
AT4TE24705	0	0	0	1	1
AT4TE24710	0	0	0	1	1
AT4TE24715	0	0	0	1	1
AT4TE24720	0	0	0	1	1
AT4TE24725	0	0	0	1	1
AT4TE24730	0	0	0	1	1
AT4TE24735	0	0	0	1	1
AT4TE24740	0	0	0	1	1
AT4TE24745	0	0	0	1	1
AT4TE24750	0	0	0	1	1
AT4TE24760	0	0	0	1	1
AT4TE24765	0	0	0	1	1
AT4TE24770	0	0	0	1	1
AT4TE24775	0	0	0	1	1
AT4TE24780	0	0	0	1	1
AT4TE24785	0	0	0	1	1
AT4TE24790	0	0	0	1	1
AT4TE24795	0	0	0	1	1
AT4TE24800	0	0	0	1	1
AT4TE24805	0	0	0	1	1
AT4TE24810	0	0	0	1	1
AT4TE24815	0	0	0	1	1
AT4TE24820	0	0	0	1	1
AT4TE24825	0	0	0	1	1
AT4TE24830	0	0	0	1	1
AT4TE24835	0	0	0	1	1
AT4TE24840	0	0	0	1	1
AT4TE24845	0	0	0	1	1
AT4TE24850	0	0	0	1	1
AT4TE24855	0	0	0	1	1
AT4TE24865	0	0	0	1	1
AT4TE24870	0	0	0	1	1
AT4TE24880	0	0	0	1	1
AT4TE24885	0	0	0	1	1
AT4TE24890	0	0	0	1	1
AT4TE24895	0	0	0	1	1
AT4TE24900	0	0	0	1	1
AT4TE24905	0	0	0	1	1
AT4TE24910	0	0	0	1	1
AT4TE24915	0	0	0	1	1
AT4TE24925	0	0	0	1	1
AT4TE24930	0	0	0	1	1
AT4TE24935	0	0	0	1	1
AT4TE24940	0	0	0	1	1
AT4TE24945	0	0	0	1	1
AT4TE24950	0	0	0	1	1
AT4TE24980	0	0	0	1	1
AT4TE24985	0	0	0	1	1
AT4TE24990	0	0	0	1	1
AT4TE24995	0	0	0	1	1
AT4TE25000	0	0	0	1	1
AT4TE25005	0	0	0	1	1
AT4TE25010	0	0	0	1	1
AT4TE25015	0	0	0	1	1
AT4TE25020	0	0	0	1	1
AT4TE25025	0	0	0	1	1
AT4TE25030	0	0	0	1	1
AT4TE25050	0	0	0	1	1
AT4TE25055	0	0	0	1	1
AT4TE25060	0	0	0	1	1
AT4TE25065	0	0	0	1	1
AT4TE25075	0	0	0	1	1
AT4TE25080	0	0	0	1	1
AT4TE25085	0	0	0	1	1
AT4TE25090	0	0	0	1	1
AT4TE25095	0	0	0	1	1
AT4TE25100	0	2.58398944882292	-3.20276751059601	0.502192612116125	1
AT4TE25105	0	0	0	1	1
AT4TE25130	0	0	0	1	1
AT4TE25160	9.60803876496712	0	2.29417294307881	0.999999999999998	1
AT4TE25170	0	0	0	1	1
AT4TE25175	0	0	0	1	1
AT4TE25185	0	0	0	1	1
AT4TE25190	0	0	0	1	1
AT4TE25195	0	0	0	1	1
AT4TE25200	0	0	0	1	1
AT4TE25205	0	0	0	1	1
AT4TE25215	0	0	0	1	1
AT4TE25220	0	0	0	1	1
AT4TE25225	0	0	0	1	1
AT4TE25230	0	0	0	1	1
AT4TE25235	0	0	0	1	1
AT4TE25240	0	0	0	1	1
AT4TE25245	0	0	0	1	1
AT4TE25250	0	0	0	1	1
AT4TE25255	0	0	0	1	1
AT4TE25260	0	0	0	1	1
AT4TE25265	0	0	0	1	1
AT4TE25270	0	0	0	1	1
AT4TE25275	0	0	0	1	1
AT4TE25280	0	0	0	1	1
AT4TE25285	0	0	0	1	1
AT4TE25290	0	0	0	1	1
AT4TE25295	0	0	0	1	1
AT4TE25300	0	0	0	1	1
AT4TE25305	0	0	0	1	1
AT4TE25320	0	13.9310735501757	-2.350982606065	0.999999999999993	1
AT4TE25325	45.3057471592178	32.605048355981	0.48841055313554	0.758512857949371	1
AT4TE25330	0	0	0	1	1
AT4TE25335	393.498988950299	475.162125323671	-0.270783902043768	0.86478611950175	1
AT4TE25340	0	0	0	1	1
AT4TE25350	37.4791304234667	157.728306427079	-1.93985348128442	0.114838875872777	1
AT4TE25355	0	0	0	1	1
AT4TE25370	0	0	0	1	1
AT4TE25380	0	0	0	1	1
AT4TE25385	0	0	0	1	1
AT4TE25390	0	0	0	1	1
AT4TE25395	0	0	0	1	1
AT4TE25400	0	0	0	1	1
AT4TE25410	0	0	0	1	1
AT4TE25415	0	0	0	1	1
AT4TE25420	0	0	0	1	1
AT4TE25425	0	0	0	1	1
AT4TE25430	0	0	0	1	1
AT4TE25435	0	0	0	1	1
AT4TE25440	5.19954756491788	11.0247486910866	-0.90741210371195	1	1
AT4TE25470	0	0	0	1	1
AT4TE25475	0	0	0	1	1
AT4TE25480	0	0	0	1	1
AT4TE25485	0	0	0	1	1
AT4TE25490	0	0	0	1	1
AT4TE25495	9.97150075772081	0	2.29417294306699	0.999999999999996	1
AT4TE25540	0	0	0	1	1
AT4TE25545	0	0	0	1	1
AT4TE25570	0	0	0	1	1
AT4TE25575	0	0	0	1	1
AT4TE25580	0	0	0	1	1
AT4TE25585	0	0	0	1	1
AT4TE25590	0	0	0	1	1
AT4TE25595	0	0	0	1	1
AT4TE25630	0	0	0	1	1
AT4TE25635	0	0	0	1	1
AT4TE25640	0	0	0	1	1
AT4TE25645	0	0	0	1	1
AT4TE25680	0	0	0	1	1
AT4TE25690	0	0	0	1	1
AT4TE25695	0	0	0	1	1
AT4TE25700	0	0	0	1	1
AT4TE25710	0	0	0	1	1
AT4TE25715	0	0	0	1	1
AT4TE25720	0	0	0	1	1
AT4TE25725	0	0	0	1	1
AT4TE25730	0	0	0	1	1
AT4TE25735	0	0	0	1	1
AT4TE25740	0	0	0	1	1
AT4TE25745	0	0	0	1	1
AT4TE25770	3423.46610322918	4014.18818865088	-0.216667927498757	0.794998024277671	1
AT4TE25775	0	0	0	1	1
AT4TE25780	0	0	0	1	1
AT4TE25785	0	0	0	1	1
AT4TE25790	0	0	0	1	1
AT4TE25795	0	0	0	1	1
AT4TE25805	2.18474683268261	0	2.29417294305518	1	1
AT4TE25810	0	0	0	1	1
AT4TE25850	0	0	0	1	1
AT4TE25860	0	0	0	1	1
AT4TE25865	0	0	0	1	1
AT4TE25870	0	0	0	1	1
AT4TE25875	0	0	0	1	1
AT4TE25885	0	0	0	1	1
AT4TE25890	0	0	0	1	1
AT4TE25910	0	0	0	1	1
AT4TE25915	0	0	0	1	1
AT4TE25920	0	0	0	1	1
AT4TE25925	0	0	0	1	1
AT4TE25930	0	0	0	1	1
AT4TE25940	0	0	0	1	1
AT4TE26000	0	0	0	1	1
AT4TE26005	0	0	0	1	1
AT4TE26010	0	0	0	1	1
AT4TE26015	0	0	0	1	1
AT4TE26020	0	0	0	1	1
AT4TE26025	0	0	0	1	1
AT4TE26035	0	0	0	1	1
AT4TE26045	0	0	0	1	1
AT4TE26050	0	3.47198582287661	-2.35098260587365	0.999999999999996	1
AT4TE26055	0	0	0	1	1
AT4TE26060	0	0	0	1	1
AT4TE26065	0	0	0	1	1
AT4TE26070	0	0	0	1	1
AT4TE26075	0	0	0	1	1
AT4TE26080	0	0	0	1	1
AT4TE26085	0	0	0	1	1
AT4TE26090	0	0	0	1	1
AT4TE26095	0	0	0	1	1
AT4TE26100	0	0	0	1	1
AT4TE26105	0	0	0	1	1
AT4TE26110	0	0	0	1	1
AT4TE26115	0	0	0	1	1
AT4TE26120	0	0	0	1	1
AT4TE26125	31.4057349865096	34.3301455343616	-0.0566342444587447	1	1
AT4TE26150	0	0	0	1	1
AT4TE26155	0	0	0	1	1
AT4TE26160	0	0	0	1	1
AT4TE26165	0	0	0	1	1
AT4TE26180	8.24853396012824	16.6697916981553	-0.906288682234815	1	1
AT4TE26185	0	0	0	1	1
AT4TE26190	0	0	0	1	1
AT4TE26195	0	0	0	1	1
AT4TE26200	0	0	0	1	1
AT4TE26210	0	0	0	1	1
AT4TE26240	0	0	0	1	1
AT4TE26245	0	0	0	1	1
AT4TE26250	0	0	0	1	1
AT4TE26255	0	0	0	1	1
AT4TE26260	0	0	0	1	1
AT4TE26265	0	0	0	1	1
AT4TE26270	0	0	0	1	1
AT4TE26275	0	0	0	1	1
AT4TE26280	0	0	0	1	1
AT4TE26290	0	0	0	1	1
AT4TE26295	0	0	0	1	1
AT4TE26300	0	0	0	1	1
AT4TE26305	0	0	0	1	1
AT4TE26310	0	0	0	1	1
AT4TE26315	19.1824438391861	12.8565549823129	0.467852845718097	0.999999999999996	1
AT4TE26320	22.5477071698018	46.5355932413599	-1.02256980508031	0.401624492510665	1
AT4TE26325	0	0	0	1	1
AT4TE26330	93.9010637216581	132.709216857392	-0.505330418267386	0.257469792730077	1
AT4TE26335	91.4115451512738	191.863536922492	-1.0095552010781	0.514100169088052	1
AT4TE26345	37.0058076492802	37.203330662381	-0.0631774771657851	1	1
AT4TE26350	65.400861597817	20.514355258338	1.62197886297804	0.188733236579287	1
AT4TE26355	57.3754491548352	0	3.66814597761458	0.253792694616792	1
AT4TE26360	0	0	0	1	1
AT4TE26365	0	0	0	1	1
AT4TE26370	0	0	0	1	1
AT4TE26490	0	0	0	1	1
AT4TE26500	0	0	0	1	1
AT4TE26505	0	0	0	1	1
AT4TE26510	0	0	0	1	1
AT4TE26515	0	0	0	1	1
AT4TE26550	0	0	0	1	1
AT4TE26555	0	0	0	1	1
AT4TE26560	0	0	0	1	1
AT4TE26565	0	0	0	1	1
AT4TE26570	0	0	0	1	1
AT4TE26580	0	0	0	1	1
AT4TE26620	12.2726163171948	27.241734917955	-0.908597500734544	0.999999999999999	1
AT4TE26660	0	31.151428355254	-2.3509826056823	0.999999999999997	1
AT4TE26665	0	0	0	1	1
AT4TE26670	0	0	0	1	1
AT4TE26680	0	0	0	1	1
AT4TE26685	10.5043072651124	0	2.29434778127899	0.999999999999995	1
AT4TE26690	0	20.7676189035027	-2.35098260549094	1	1
AT4TE26695	0	0	0	1	1
AT4TE26700	0	0	0	1	1
AT4TE26705	0	0	0	1	1
AT4TE26710	0	0	0	1	1
AT4TE26715	1136.53649660455	1172.14528772269	-0.0664163708116396	1	1
AT4TE26740	0	0	0	1	1
AT4TE26810	0	0	0	1	1
AT4TE26815	0	0	0	1	1
AT4TE26820	0	0	0	1	1
AT4TE26830	0	0	0	1	1
AT4TE26835	0	0	0	1	1
AT4TE26845	0	0	0	1	1
AT4TE26850	0	0	0	1	1
AT4TE26855	0	0	0	1	1
AT4TE26860	0	0	0	1	1
AT4TE26940	0	0	0	1	1
AT4TE26960	0	0	0	1	1
AT4TE26965	0	0	0	1	1
AT4TE26970	0	0	0	1	1
AT4TE26975	0	0	0	1	1
AT4TE26985	0	0	0	1	1
AT4TE26990	0	0	0	1	1
AT4TE26995	0	0	0	1	1
AT4TE27005	0	0	0	1	1
AT4TE27010	0	0	0	1	1
AT4TE27015	0	0	0	1	1
AT4TE27020	0	0	0	1	1
AT4TE27025	0	0	0	1	1
AT4TE27030	1390.68903457481	2015.10278826267	-0.51847332858607	0.311203804960417	1
AT4TE27035	0	0	0	1	1
AT4TE27045	136.12353862032	155.337853303551	-0.180611071470399	0.696051625083483	1
AT4TE27050	0	0	0	1	1
AT4TE27055	0	0	0	1	1
AT4TE27060	0	0	0	1	1
AT4TE27065	0	0	0	1	1
AT4TE27075	0	0	0	1	1
AT4TE27080	0	0	0	1	1
AT4TE27085	0	0	0	1	1
AT4TE27090	0	0	0	1	1
AT4TE27095	0	0	0	1	1
AT4TE27100	0	0	0	1	1
AT4TE27105	0	0	0	1	1
AT4TE27110	0	0	0	1	1
AT4TE27130	0	0	0	1	1
AT4TE27160	0	0	0	1	1
AT4TE27170	63.1528381322318	0	2.29417294304336	0.999999999999999	1
AT4TE27175	0	0	0	1	1
AT4TE27180	0	0	0	1	1
AT4TE27185	0	0	0	1	1
AT4TE27190	0	0	0	1	1
AT4TE27195	0	0	0	1	1
AT4TE27205	0	0	0	1	1
AT4TE27210	0	0	0	1	1
AT4TE27215	0	0	0	1	1
AT4TE27240	0	0	0	1	1
AT4TE27245	33.8696785513645	11.4080976705253	1.31837282524297	0.62871907723889	1
AT4TE27255	2434.35414394386	4378.68792569987	-0.843920415319946	0.366939966673349	1
AT4TE27260	0	0	0	1	1
AT4TE27265	0	0	0	1	1
AT4TE27310	0	0	0	1	1
AT4TE27315	0	0	0	1	1
AT4TE27320	0	0	0	1	1
AT4TE27325	0	0	0	1	1
AT4TE27340	0	0	0	1	1
AT4TE27345	0	0	0	1	1
AT4TE27350	0	0	0	1	1
AT4TE27355	0	0	0	1	1
AT4TE27360	0	0	0	1	1
AT4TE27365	0	0	0	1	1
AT4TE27370	0	0	0	1	1
AT4TE27380	0	0	0	1	1
AT4TE27385	0	0	0	1	1
AT4TE27390	0	0	0	1	1
AT4TE27395	0	0	0	1	1
AT4TE27430	0	0	0	1	1
AT4TE27435	0	0	0	1	1
AT4TE27440	0	0	0	1	1
AT4TE27445	0	0	0	1	1
AT4TE27450	0	0	0	1	1
AT4TE27455	0	0	0	1	1
AT4TE27480	0	0	0	1	1
AT4TE27485	0	0	0	1	1
AT4TE27490	0	0	0	1	1
AT4TE27520	0	0	0	1	1
AT4TE27525	0	0	0	1	1
AT4TE27630	0	0	0	1	1
AT4TE27635	0	0	0	1	1
AT4TE27640	0	0	0	1	1
AT4TE27645	0	0	0	1	1
AT4TE27650	0	0	0	1	1
AT4TE27660	0	0	0	1	1
AT4TE27670	0	0	0	1	1
AT4TE27675	0	0	0	1	1
AT4TE27700	0	0	0	1	1
AT4TE27705	0	0	0	1	1
AT4TE27715	0	0	0	1	1
AT4TE27720	0	0	0	1	1
AT4TE27725	0	0	0	1	1
AT4TE27770	0	0	0	1	1
AT4TE27775	0	0	0	1	1
AT4TE27780	0	0	0	1	1
AT4TE27785	0	0	0	1	1
AT4TE27790	0	0	0	1	1
AT4TE27795	0	0	0	1	1
AT4TE27800	0	0	0	1	1
AT4TE27910	27.9039940501322	57.7028039503286	-1.03130211693505	0.315260010223861	1
AT4TE27915	18.6894019396561	8.19302547725108	1.17325893604479	0.0418905236825272	1
AT4TE27920	0	0	0	1	1
AT4TE27925	0	6.63580722360441	-2.35098260529959	1	1
AT4TE27930	0	0	0	1	1
AT4TE27960	0	0	0	1	1
AT4TE27965	0	0	0	1	1
AT4TE27970	0	0	0	1	1
AT4TE27975	0	0	0	1	1
AT4TE27980	0	0	0	1	1
AT4TE27990	0	0	0	1	1
AT4TE27995	0	0	0	1	1
AT4TE28000	0	0	0	1	1
AT4TE28005	0	0	0	1	1
AT4TE28010	0	0	0	1	1
AT4TE28015	0	0	0	1	1
AT4TE28020	0	0	0	1	1
AT4TE28025	0	0	0	1	1
AT4TE28030	0	0	0	1	1
AT4TE28035	0	0	0	1	1
AT4TE28040	0	0	0	1	1
AT4TE28060	0	0	0	1	1
AT4TE28065	0	0	0	1	1
AT4TE28070	0	0	0	1	1
AT4TE28110	0	0	0	1	1
AT4TE28120	74.4328883052462	64.0201314434956	0.237424671411584	1	1
AT4TE28140	0	0	0	1	1
AT4TE28145	0	0	0	1	1
AT4TE28150	0	0	0	1	1
AT4TE28155	0	0	0	1	1
AT4TE28160	0	0	0	1	1
AT4TE28170	0	0	0	1	1
AT4TE28175	0	0	0	1	1
AT4TE28180	0	0	0	1	1
AT4TE28185	0	0	0	1	1
AT4TE28200	0	0	0	1	1
AT4TE28205	0	0	0	1	1
AT4TE28210	0	0	0	1	1
AT4TE28215	0	0	0	1	1
AT4TE28220	0	0	0	1	1
AT4TE28225	0	0	0	1	1
AT4TE28230	0	0	0	1	1
AT4TE28235	0	0	0	1	1
AT4TE28360	0	0	0	1	1
AT4TE28365	0	0	0	1	1
AT4TE28370	0	0	0	1	1
AT4TE28375	0	0	0	1	1
AT4TE28380	0	0	0	1	1
AT4TE28400	0	0	0	1	1
AT4TE28405	0	0	0	1	1
AT4TE28410	0	0	0	1	1
AT4TE28415	0	0	0	1	1
AT4TE28440	0	0	0	1	1
AT4TE28445	0	0	0	1	1
AT4TE28450	0	0	0	1	1
AT4TE28490	0	0	0	1	1
AT4TE28500	0	0	0	1	1
AT4TE28505	0	0	0	1	1
AT4TE28510	0	0	0	1	1
AT4TE28515	6.77320080724135	4.53956906192818	0.467852846729442	1	1
AT4TE28520	0	0	0	1	1
AT4TE28550	0	0	0	1	1
AT4TE28555	6.80434619606538	0	2.29417294303154	0.999999999999996	1
AT4TE28560	0	0	0	1	1
AT4TE28565	0	0	0	1	1
AT4TE28575	0	52.1605311994951	-2.35098260510824	0.999999999999999	1
AT4TE28600	16.3514033799145	53.0887804752131	-1.58102916832808	0.165692359484808	1
AT4TE28605	0	65.2530810853145	-3.20159067205304	0.501869936905115	1
AT4TE28615	35.5581962504062	0	3.13896428237331	0.502157888650897	1
AT4TE28625	0	0	0	1	1
AT4TE28630	0	0	0	1	1
AT4TE28635	0	0	0	1	1
AT4TE28640	0	0	0	1	1
AT4TE28645	0	0	0	1	1
AT4TE28650	0	0	0	1	1
AT4TE28655	0	0	0	1	1
AT4TE28660	0	0	0	1	1
AT4TE28665	0	0	0	1	1
AT4TE28670	0	0	0	1	1
AT4TE28675	0	0	0	1	1
AT4TE28680	0	0	0	1	1
AT4TE28685	0	0	0	1	1
AT4TE28690	0	0	0	1	1
AT4TE28720	0	0	0	1	1
AT4TE28725	0	0	0	1	1
AT4TE28740	0	0	0	1	1
AT4TE28745	0	0	0	1	1
AT4TE28750	0	0	0	1	1
AT4TE28850	0	0	0	1	1
AT4TE28860	14.5865498989476	7.25846972638872	0.789470768945229	1	1
AT4TE28865	0	0	0	1	1
AT4TE28870	36.9616774504593	30.5916921888348	0.271183517858951	0.640510776242568	1
AT4TE28875	0	0	0	1	1
AT4TE28880	0	0	0	1	1
AT4TE28980	36.4232192742952	39.8148433416265	-0.0566342443327629	1	1
AT4TE29010	0	0	0	1	1
AT4TE29015	0	0	0	1	1
AT4TE29020	0	0	0	1	1
AT4TE29025	45.0756316780242	0	3.13896428428559	0.502157866007821	1
AT4TE29035	0	0	0	1	1
AT4TE29040	0	0	0	1	1
AT4TE29060	14.469385347719	0	2.29417294301972	0.999999999999994	1
AT4TE29070	22.7397531873837	136.349163850066	-2.47658333044466	0.0034871625203563	1
AT4TE29075	0	0	0	1	1
AT4TE29090	913.594024591697	968.700640666616	-0.0705619419631908	1	1
AT4TE29160	0	0	0	1	1
AT4TE29165	355.719966202979	234.722390397728	0.624316458998502	0.731311202255487	1
AT4TE29175	0	0	0	1	1
AT4TE29180	0	0	0	1	1
AT4TE29185	0	0	0	1	1
AT4TE29190	0	0	0	1	1
AT4TE29230	0	0	0	1	1
AT4TE29270	0	0	0	1	1
AT4TE29275	0	0	0	1	1
AT4TE29280	0	0	0	1	1
AT4TE29285	0	0	0	1	1
AT4TE29290	0	0	0	1	1
AT4TE29300	0	0	0	1	1
AT4TE29330	0	0	0	1	1
AT4TE29335	0	0	0	1	1
AT4TE29340	0	0	0	1	1
AT4TE29345	0	0	0	1	1
AT4TE29350	0	0	0	1	1
AT4TE29355	0	0	0	1	1
AT4TE29360	0	0	0	1	1
AT4TE29365	0	0	0	1	1
AT4TE29370	0	0	0	1	1
AT4TE29375	0	0	0	1	1
AT4TE29380	187.809932182787	311.225662006738	-0.694144906150892	0.424650864094798	1
AT4TE29390	0	0	0	1	1
AT4TE29395	0	0	0	1	1
AT4TE29400	0	0	0	1	1
AT4TE29405	0	0	0	1	1
AT4TE29470	0	0	0	1	1
AT4TE29540	0	0	0	1	1
AT4TE29620	0	0	0	1	1
AT4TE29625	0	0	0	1	1
AT4TE29635	0	0	0	1	1
AT4TE29640	0	0	0	1	1
AT4TE29670	0	0	0	1	1
AT4TE29690	0	0	0	1	1
AT4TE29710	0	0	0	1	1
AT4TE29715	0	0	0	1	1
AT4TE29720	0	0	0	1	1
AT4TE29725	0	0	0	1	1
AT4TE29740	0	0	0	1	1
AT4TE29745	0	0	0	1	1
AT4TE29750	0	0	0	1	1
AT4TE29755	0	0	0	1	1
AT4TE29780	4417.37211085512	6462.89936522831	-0.548710515182644	0.000671156550715663	1
AT4TE29785	0	0	0	1	1
AT4TE29790	353.702065273619	496.806066620558	-0.476928360884478	0.584625207400842	1
AT4TE29795	0	0	0	1	1
AT4TE29800	0	0	0	1	1
AT4TE29805	5.07761512620959	0	2.2941729430079	1	1
AT4TE29810	0	0	0	1	1
AT4TE29815	0	0	0	1	1
AT4TE29820	0	0	0	1	1
AT4TE29825	0	0	0	1	1
AT4TE29830	0	0	0	1	1
AT4TE29835	0	0	0	1	1
AT4TE29840	0	0	0	1	1
AT4TE29910	0	0	0	1	1
AT4TE29915	5.45702487354246	0	2.29434778128547	1	1
AT4TE29920	0	0	0	1	1
AT4TE29940	0	0	0	1	1
AT4TE29950	0	0	0	1	1
AT4TE29955	0	0	0	1	1
AT4TE29990	0	0	0	1	1
AT4TE29995	0	0	0	1	1
AT4TE30000	0	0	0	1	1
AT4TE30050	530.553097910429	235.061032408324	1.15397979095296	0.153648971258942	1
AT4TE30100	0	0	0	1	1
AT4TE30120	0	0	0	1	1
AT4TE30125	0	0	0	1	1
AT4TE30130	85.4246213960019	133.044430534199	-0.632428477668976	0.616604437897755	1
AT4TE30180	0	0	0	1	1
AT4TE30220	0	0	0	1	1
AT4TE30225	141.139179208564	115.776633957996	0.292705864215274	0.542651293467927	1
AT4TE30230	0	0	0	1	1
AT4TE30235	0	0	0	1	1
AT4TE30270	154.335113912212	105.714332092426	0.503486981895631	0.517549098149677	1
AT4TE30310	0	0	0	1	1
AT4TE30315	0	0	0	1	1
AT4TE30390	0	0	0	1	1
AT4TE30395	0	0	0	1	1
AT4TE30400	0	0	0	1	1
AT4TE30405	0	0	0	1	1
AT4TE30410	0	0	0	1	1
AT4TE30415	0	0	0	1	1
AT4TE30420	0	0	0	1	1
AT4TE30425	0	0	0	1	1
AT4TE30430	0	0	0	1	1
AT4TE30435	0	0	0	1	1
AT4TE30440	0	0	0	1	1
AT4TE30445	0	0	0	1	1
AT4TE30450	0	0	0	1	1
AT4TE30455	0	0	0	1	1
AT4TE30460	0	0	0	1	1
AT4TE30470	0	0	0	1	1
AT4TE30475	0	0	0	1	1
AT4TE30480	15.8708703159535	35.2288404436381	-0.908597483372528	0.999999999999998	1
AT4TE30485	0	0	0	1	1
AT4TE30490	3.57258247536491	7.57504830513079	-0.907412104952924	1	1
AT4TE30495	0	0	0	1	1
AT4TE30500	0	0	0	1	1
AT4TE30590	0	17.7056313556996	-2.34990268249094	0.999999999999999	1
AT4TE30595	0	0	0	1	1
AT4TE30600	0	0	0	1	1
AT4TE30605	0	0	0	1	1
AT4TE30610	0	0	0	1	1
AT4TE30615	0	0	0	1	1
AT4TE30620	0	0	0	1	1
AT4TE30625	0	4.74855929762518	-2.35098260491688	0.999999999999992	1
AT4TE30630	0	0	0	1	1
AT4TE30640	0	0	0	1	1
AT4TE30710	0	0	0	1	1
AT4TE30720	0	0	0	1	1
AT4TE30725	0	0	0	1	1
AT4TE30730	0	0	0	1	1
AT4TE30735	0	0	0	1	1
AT4TE30740	0	0	0	1	1
AT4TE30760	0	0	0	1	1
AT4TE30820	0	0	0	1	1
AT4TE30825	0	0	0	1	1
AT4TE30830	0	0	0	1	1
AT4TE30880	0	0	0	1	1
AT4TE30885	0	0	0	1	1
AT4TE30890	0	0	0	1	1
AT4TE30960	0	0	0	1	1
AT4TE31000	4441.59672951751	5266.25995012422	-0.240679927118178	0.36399491629077	1
AT4TE31005	3488.0708950553	3222.9371017527	0.120521238969578	0.722017853018271	1
AT4TE31015	0	0	0	1	1
AT4TE31050	0	0	0	1	1
AT4TE31060	0	36.2493991069354	-2.34990268237124	1	1
AT4TE31070	0	0	0	1	1
AT4TE31075	0	0	0	1	1
AT4TE31080	0	0	0	1	1
AT4TE31085	0	0	0	1	1
AT4TE31090	0	0	0	1	1
AT4TE31095	0	0	0	1	1
AT4TE31130	0	0	0	1	1
AT4TE31135	0	0	0	1	1
AT4TE31140	0	0	0	1	1
AT4TE31145	0	0	0	1	1
AT4TE31155	0	0	0	1	1
AT4TE31160	0	0	0	1	1
AT4TE31165	0	0	0	1	1
AT4TE31170	0	0	0	1	1
AT4TE31175	0	0	0	1	1
AT4TE31180	0	0	0	1	1
AT4TE31185	0	0	0	1	1
AT4TE31210	0	0	0	1	1
AT4TE31215	0	0	0	1	1
AT4TE31220	0	0	0	1	1
AT4TE31225	0	0	0	1	1
AT4TE31280	0	0	0	1	1
AT4TE31285	0	0	0	1	1
AT4TE31290	0	0	0	1	1
AT4TE31295	0	0	0	1	1
AT4TE31300	0	0	0	1	1
AT4TE31310	0	0	0	1	1
AT4TE31315	0	0	0	1	1
AT4TE31320	0	0	0	1	1
AT4TE31325	0	0	0	1	1
AT4TE31390	0	0	0	1	1
AT4TE31400	0	0	0	1	1
AT4TE31405	0	0	0	1	1
AT4TE31415	0	0	0	1	1
AT4TE31420	0	0	0	1	1
AT4TE31425	0	0	0	1	1
AT4TE31430	0	0	0	1	1
AT4TE31435	11.1446184939233	0	2.29417294299608	0.999999999999997	1
AT4TE31440	62.8114699730193	0	2.29434778129195	1	1
AT4TE31445	1976.83324733317	1813.54828676115	0.126865526603687	0.701252445187196	1
AT4TE31460	0	0	0	1	1
AT4TE31465	0	0	0	1	1
AT4TE31480	0	0	0	1	1
AT4TE31485	0	0	0	1	1
AT4TE31490	645.99513031827	612.085646525923	0.0793054267228178	1	1
AT4TE31500	0	0	0	1	1
AT4TE31505	0	0	0	1	1
AT4TE31510	459.200305961783	545.96870897904	-0.243206056629794	0.452846723380197	1
AT4TE31540	0	0	0	1	1
AT4TE31570	0	0	0	1	1
AT4TE31575	0	0	0	1	1
AT4TE31580	0	0	0	1	1
AT4TE31585	0	0	0	1	1
AT4TE31590	0	0	0	1	1
AT4TE31595	0	0	0	1	1
AT4TE31620	0	0	0	1	1
AT4TE31640	0	0	0	1	1
AT4TE31645	0	0	0	1	1
AT4TE31650	0	0	0	1	1
AT4TE31660	0	0	0	1	1
AT4TE31665	0	0	0	1	1
AT4TE31670	0	0	0	1	1
AT4TE31680	13.3653687473112	2.95767407680654	2.00798163360531	0.225099325614316	1
AT4TE31685	0	0	0	1	1
AT4TE31690	12.4103307607982	24.7022114881939	-0.906101932843568	1	1
AT4TE31700	0	0	0	1	1
AT4TE31740	0	10.4720486308924	-3.20045142102625	0.502151086574981	1
AT4TE31745	0	0	0	1	1
AT4TE31750	0	0	0	1	1
AT4TE31755	0	0	0	1	1
AT4TE31780	0	0	0	1	1
AT4TE31785	0	0	0	1	1
AT4TE31790	0	0	0	1	1
AT4TE31800	0	0	0	1	1
AT4TE31850	0	0	0	1	1
AT4TE31855	0	0	0	1	1
AT4TE31900	0	0	0	1	1
AT4TE31910	0	0	0	1	1
AT4TE31915	0	0	0	1	1
AT4TE31925	0	0	0	1	1
AT4TE31930	0	0	0	1	1
AT4TE31990	0	7.52598089566594	-2.34990268225154	0.999999999999997	1
AT4TE32000	0	0	0	1	1
AT4TE32005	0	0	0	1	1
AT4TE32010	0	0	0	1	1
AT4TE32015	0	0	0	1	1
AT4TE32050	0	0	0	1	1
AT4TE32055	0	0	0	1	1
AT4TE32060	0	0	0	1	1
AT4TE32065	0	0	0	1	1
AT4TE32070	42.1218179233742	59.2389722295251	-0.468542609231711	0.794962492511819	1
AT4TE32110	0	0	0	1	1
AT4TE32115	0	0	0	1	1
AT4TE32120	0	0	0	1	1
AT4TE32160	0	0	0	1	1
AT4TE32165	0	0	0	1	1
AT4TE32170	0	0	0	1	1
AT4TE32175	0	0	0	1	1
AT4TE32180	0	0	0	1	1
AT4TE32185	0	0	0	1	1
AT4TE32210	0	0	0	1	1
AT4TE32220	0	0	0	1	1
AT4TE32240	0	0	0	1	1
AT4TE32245	4.92499793720085	0	2.29417294298426	1	1
AT4TE32250	0	0	0	1	1
AT4TE32260	0	0	0	1	1
AT4TE32265	0	0	0	1	1
AT4TE32290	0	0	0	1	1
AT4TE32295	0	0	0	1	1
AT4TE32300	0	0	0	1	1
AT4TE32305	0	0	0	1	1
AT4TE32310	0	0	0	1	1
AT4TE32315	0	0	0	1	1
AT4TE32320	0	27.2273264403203	-2.34990268213183	0.999999999999991	1
AT4TE32325	15.3485378751753	0	2.29417294297244	0.999999999999998	1
AT4TE32330	8.40287243339467	0	3.13896428619781	0.502157843365337	1
AT4TE32335	0	0	0	1	1
AT4TE32340	0	0	0	1	1
AT4TE32360	0	0	0	1	1
AT4TE32365	0	0	0	1	1
AT4TE32375	0	0	0	1	1
AT4TE32380	0	0	0	1	1
AT4TE32385	0	0	0	1	1
AT4TE32390	0	0	0	1	1
AT4TE32395	0	0	0	1	1
AT4TE32400	7449.07065738709	4028.05865376004	0.88922584695098	0.000329627435906264	0.734339292748606
AT4TE32420	2552.97826672391	2626.32368785018	-0.0315951399849522	1	1
AT4TE32425	38.0408293486667	52.6054532293634	-0.467429601670637	0.795235029741027	1
AT4TE32560	0	0	0	1	1
AT4TE32660	0	0	0	1	1
AT4TE32665	0	0	0	1	1
AT4TE32690	358.266349393691	302.467222913105	0.244419220330932	0.820334415109122	1
AT4TE32740	1875.65023472341	1912.28904373959	-0.0266328454849605	0.937243623086396	1
AT4TE32800	2333.12295319551	2993.17532169449	-0.360043823232373	0.153747003915268	1
AT4TE32810	0	0	0	1	1
AT4TE32815	0	0	0	1	1
AT4TE32825	0	0	0	1	1
AT4TE32830	0	0	0	1	1
AT4TE32835	0	0	0	1	1
AT4TE32900	0	0	0	1	1
AT4TE32970	0	0	0	1	1
AT4TE32975	0	0	0	1	1
AT4TE32980	0	0	0	1	1
AT4TE32985	0	0	0	1	1
AT4TE32990	0	0	0	1	1
AT4TE32995	0	0	0	1	1
AT4TE33000	0	0	0	1	1
AT4TE33005	0	0	0	1	1
AT4TE33010	12.6920788584247	2.80012839148351	2.00832642833091	0.223751488426218	1
AT4TE33015	0	19.3253894292495	-2.34990268201213	1	1
AT4TE33020	0	0	0	1	1
AT4TE33025	0	0	0	1	1
AT4TE33030	0	0	0	1	1
AT4TE33035	0	0	0	1	1
AT4TE33040	0	0	0	1	1
AT4TE33060	0	0	0	1	1
AT4TE33065	0	0	0	1	1
AT4TE33070	0	0	0	1	1
AT4TE33075	0	0	0	1	1
AT4TE33080	0	0	0	1	1
AT4TE33085	0	0	0	1	1
AT4TE33095	0	0	0	1	1
AT4TE33100	0	0	0	1	1
AT4TE33105	0	0	0	1	1
AT4TE33110	0	0	0	1	1
AT4TE33115	0	0	0	1	1
AT4TE33120	0	0	0	1	1
AT4TE33125	0	0	0	1	1
AT4TE33130	0	0	0	1	1
AT4TE33180	0	0	0	1	1
AT4TE33185	0	0	0	1	1
AT4TE33190	0	0	0	1	1
AT4TE33195	0	0	0	1	1
AT4TE33200	0	0	0	1	1
AT4TE33205	0	0	0	1	1
AT4TE33280	0	0	0	1	1
AT4TE33285	0	0	0	1	1
AT4TE33290	0	0	0	1	1
AT4TE33295	0	0	0	1	1
AT4TE33340	0	0	0	1	1
AT4TE33345	0	0	0	1	1
AT4TE33350	0	0	0	1	1
AT4TE33360	0	0	0	1	1
AT4TE33365	0	0	0	1	1
AT4TE33370	0	0	0	1	1
AT4TE33375	0	0	0	1	1
AT4TE33380	0	0	0	1	1
AT4TE33385	0	0	0	1	1
AT4TE33395	0	0	0	1	1
AT4TE33420	0	0	0	1	1
AT4TE33430	158.677876857794	254.332019461582	-0.594652293127429	1	1
AT4TE33435	312.65214715419	324.902148169187	-0.0484110672465052	0.926539396980162	1
AT4TE33440	186.531032041088	0	2.29434778129843	0.999999999999998	1
AT4TE33445	0	0	0	1	1
AT4TE33470	111.918619224653	111.384517255856	-0.0555552200522127	1	1
AT4TE33475	0	0	0	1	1
AT4TE33480	0	0	0	1	1
AT4TE33485	0	0	0	1	1
AT4TE33490	1527.27456475627	1013.7007022609	0.584131443445987	0.588500938003554	1
AT4TE33550	0	0	0	1	1
AT4TE33555	0	0	0	1	1
AT4TE33560	0	0	0	1	1
AT4TE33600	0	0	0	1	1
AT4TE33640	0	0	0	1	1
AT4TE33645	0	0	0	1	1
AT4TE33660	6.92876852650772	0	2.29417294296063	0.999999999999993	1
AT4TE33665	0	0	0	1	1
AT4TE33670	0	0	0	1	1
AT4TE33675	0	0	0	1	1
AT4TE33680	0	0	0	1	1
AT4TE33685	0	0	0	1	1
AT4TE33690	0	0	0	1	1
AT4TE33695	0	0	0	1	1
AT4TE33700	0	0	0	1	1
AT4TE33705	0	0	0	1	1
AT4TE33710	0	0	0	1	1
AT4TE33715	0	0	0	1	1
AT4TE33720	0	0	0	1	1
AT4TE33725	0	0	0	1	1
AT4TE33730	0	0	0	1	1
AT4TE33735	0	0	0	1	1
AT4TE33740	0	0	0	1	1
AT4TE33745	0	0	0	1	1
AT4TE33750	0	0	0	1	1
AT4TE33800	0	0	0	1	1
AT4TE33810	0	0	0	1	1
AT4TE33815	0	0	0	1	1
AT4TE33820	0	0	0	1	1
AT4TE33830	0	0	0	1	1
AT4TE33910	584.545952849493	781.056131057178	-0.423301381882172	0.378039280075153	1
AT4TE33915	237.751861203696	492.297134744139	-0.980960326734665	0.691353501732481	1
AT4TE33920	0	0	0	1	1
AT4TE33925	0	0	0	1	1
AT4TE33940	0	0	0	1	1
AT4TE33960	0	0	0	1	1
AT4TE33970	152.676993651354	182.299674712123	-0.245438110205856	0.587203705906434	1
AT4TE33975	0	0	0	1	1
AT4TE34010	2920.03824843752	2011.00630918988	0.536479748819576	0.0983071763690531	1
AT4TE34015	4576.14394234535	3575.36420629991	0.354652008273188	0.159986643900954	1
AT4TE34020	0	0	0	1	1
AT4TE34025	0	0	0	1	1
AT4TE34070	0	0	0	1	1
AT4TE34075	0	0	0	1	1
AT4TE34100	80.993737596788	88.5356384833536	-0.0566342442067786	1	1
AT4TE34105	0	0	0	1	1
AT4TE34110	0	0	0	1	1
AT4TE34130	0	0	0	1	1
AT4TE34135	0	0	0	1	1
AT4TE34140	0	0	0	1	1
AT4TE34170	0	0	0	1	1
AT4TE34210	0	0	0	1	1
AT4TE34215	23.8930046494227	0	3.66854978949644	0.252821851734584	1
AT4TE34220	0	0	0	1	1
AT4TE34225	0	0	0	1	1
AT4TE34250	0	0	0	1	1
AT4TE34260	24.7209801500237	0	2.29434778130491	1	1
AT4TE34265	11.3533192147832	0	2.29417294294881	0.999999999999996	1
AT4TE34270	0	15.5397425513507	-2.35098260472553	0.999999999999999	1
AT4TE34300	0	0	0	1	1
AT4TE34305	0	0	0	1	1
AT4TE34315	0	0	0	1	1
AT4TE34325	0	0	0	1	1
AT4TE34330	0	0	0	1	1
AT4TE34335	0	0	0	1	1
AT4TE34340	48.7056899966547	45.6655665144119	0.0965276173394188	1	1
AT4TE34345	0	0	0	1	1
AT4TE34350	0	0	0	1	1
AT4TE34355	0	0	0	1	1
AT4TE34360	0	0	0	1	1
AT4TE34390	0	0	0	1	1
AT4TE34395	0	0	0	1	1
AT4TE34400	0	0	0	1	1
AT4TE34430	8.53748135555602	33.9869539476953	-1.82320984323106	0.38333549436156	1
AT4TE34435	0	0	0	1	1
AT4TE34440	0	0	0	1	1
AT4TE34480	0	0	0	1	1
AT4TE34485	0	0	0	1	1
AT4TE34490	0	0	0	1	1
AT4TE34495	0	0	0	1	1
AT4TE34530	0	0	0	1	1
AT4TE34540	0	0	0	1	1
AT4TE34545	0	0	0	1	1
AT4TE34550	0	0	0	1	1
AT4TE34555	0	0	0	1	1
AT4TE34565	168.105972399822	375.767603162076	-1.13483651544135	0.191944423239515	1
AT4TE34650	0	0	0	1	1
AT4TE34655	6.0205287593786	19.4474334642918	-1.43965565109551	0.627824094943226	1
AT4TE34680	0	0	0	1	1
AT4TE34685	0	0	0	1	1
AT4TE34690	0	0	0	1	1
AT4TE34695	5.41859512091188	0	2.29434778131139	1	1
AT4TE34700	157.285647299568	214.568769077353	-0.420342803902307	0.808835000950833	1
AT4TE34705	0	0	0	1	1
AT4TE34730	0	0	0	1	1
AT4TE34735	0	0	0	1	1
AT4TE34740	0	0	0	1	1
AT4TE34745	0	0	0	1	1
AT4TE34750	0	0	0	1	1
AT4TE34755	0	0	0	1	1
AT4TE34760	0	0	0	1	1
AT4TE34765	0	0	0	1	1
AT4TE34770	0	0	0	1	1
AT4TE34775	0	0	0	1	1
AT4TE34780	157.833950188613	86.2654939068574	0.788314103863167	1	1
AT4TE34810	0	0	0	1	1
AT4TE34840	0	0	0	1	1
AT4TE34845	0	0	0	1	1
AT4TE34855	0	0	0	1	1
AT4TE34860	0	0	0	1	1
AT4TE34870	0	0	0	1	1
AT4TE34950	0	0	0	1	1
AT4TE34980	89.622654934131	52.8313069582228	0.749137732477764	0.433775302192855	1
AT4TE34985	0	0	0	1	1
AT4TE35000	0	0	0	1	1
AT4TE35005	0	0	0	1	1
AT4TE35070	0	0	0	1	1
AT4TE35075	0	0	0	1	1
AT4TE35080	0	0	0	1	1
AT4TE35190	0	0	0	1	1
AT4TE35195	0	0	0	1	1
AT4TE35200	0	0	0	1	1
AT4TE35205	3366.14572016704	4062.25498184992	-0.266866895492241	0.2345768246038	1
AT4TE35215	0	0	0	1	1
AT4TE35370	14119.853697822	16951.5851822001	-0.263737680144116	0.303350372679925	1
AT4TE35400	684.29391279881	393.516029810417	0.779679311546961	0.345304468466386	1
AT4TE35460	0	0	0	1	1
AT4TE35560	0	0	0	1	1
AT4TE35565	0	0	0	1	1
AT4TE35575	0	0	0	1	1
AT4TE35580	0	0	0	1	1
AT4TE35585	0	0	0	1	1
AT4TE35590	0	0	0	1	1
AT4TE35595	0	0	0	1	1
AT4TE35620	0	0	0	1	1
AT4TE35660	0	0	0	1	1
AT4TE35730	0	0	0	1	1
AT4TE35780	11.2532432492795	0	2.29434778131787	0.999999999999993	1
AT4TE35790	0	0	0	1	1
AT4TE35795	0	0	0	1	1
AT4TE35900	0	0	0	1	1
AT4TE35905	0	0	0	1	1
AT4TE35910	20.7956893829591	0	3.66879439925622	0.25380645086713	1
AT4TE35915	0	0	0	1	1
AT4TE35920	0	0	0	1	1
AT4TE35925	0	0	0	1	1
AT4TE35930	0	0	0	1	1
AT4TE35980	0	0	0	1	1
AT4TE35985	0	0	0	1	1
AT4TE35990	0	0	0	1	1
AT4TE36100	7.98771075190284	0	2.29417294293699	1	1
AT4TE36130	21.2993912019235	0	2.29434778132435	1	1
AT4TE36210	0	0	0	1	1
AT4TE36215	0	0	0	1	1
AT4TE36240	0	0	0	1	1
AT4TE36245	727.007056086941	644.471969649313	0.186098513262671	0.756640368587551	1
AT4TE36320	0	0	0	1	1
AT4TE36330	0	0	0	1	1
AT4TE36530	0	0	0	1	1
AT4TE36590	0	0	0	1	1
AT4TE36740	0	0	0	1	1
AT4TE36750	0	0	0	1	1
AT4TE36755	0	0	0	1	1
AT4TE36760	0	0	0	1	1
AT4TE36765	0	68.8331286412593	-2.34990268189243	0.999999999999991	1
AT4TE36800	12.6656873608146	0	2.29434778133083	1	1
AT4TE36805	215.429570260519	59.5460931392467	1.70371000567209	0.379965330488486	1
AT4TE36840	0	0	0	1	1
AT4TE36845	0	0	0	1	1
AT4TE36850	0	0	0	1	1
AT4TE36880	0	0	0	1	1
AT4TE36885	0	0	0	1	1
AT4TE36890	0	0	0	1	1
AT4TE36895	0	0	0	1	1
AT4TE36900	0	0	0	1	1
AT4TE36905	0	0	0	1	1
AT4TE36990	0	0	0	1	1
AT4TE37020	0	0	0	1	1
AT4TE37030	0	0	0	1	1
AT4TE37035	0	0	0	1	1
AT4TE37090	1961.35644388853	1900.19226055131	0.0465115859846926	0.940467143484695	1
AT4TE37200	0	0	0	1	1
AT4TE37230	529.791811925081	526.737563814103	0.0158930453685272	1	1
AT4TE37235	0	0	0	1	1
AT4TE37300	0	0	0	1	1
AT4TE37350	0	0	0	1	1
AT4TE37370	23.8195121716621	0	4.05468903164123	0.127995874323102	1
AT4TE37440	1250.76755065484	1396.9872338401	-0.155444723430447	1	1
AT4TE37470	0	0	0	1	1
AT4TE37475	0	0	0	1	1
AT4TE37490	0	0	0	1	1
AT4TE37540	0	0	0	1	1
AT4TE37560	27.4800181131959	0	3.6687943859743	0.253806292085348	1
AT4TE37565	661.220046859184	718.83239292483	-0.129004234796521	0.7781725967001	1
AT4TE37570	0	0	0	1	1
AT4TE37575	0	0	0	1	1
AT4TE37580	0	0	0	1	1
AT4TE37690	0	0	0	1	1
AT4TE37695	0	0	0	1	1
AT4TE37705	0	0	0	1	1
AT4TE37800	0	0	0	1	1
AT4TE38020	0	0	0	1	1
AT4TE38025	830.362870158748	564.545013786045	0.554334936512807	0.418657184705417	1
AT4TE38090	0	0	0	1	1
AT4TE38095	0	0	0	1	1
AT4TE38100	0	0	0	1	1
AT4TE38105	0	0	0	1	1
AT4TE38110	0	0	0	1	1
AT4TE38180	4731.74617532462	3746.26876213966	0.335344599300439	0.160383972883407	1
AT4TE38220	0	0	0	1	1
AT4TE38225	0	0	0	1	1
AT4TE38230	0	0	0	1	1
AT4TE38235	0	0	0	1	1
AT4TE38240	0	0	0	1	1
AT4TE38245	0	0	0	1	1
AT4TE38250	0	0	0	1	1
AT4TE38255	0	0	0	1	1
AT4TE38260	0	0	0	1	1
AT4TE38270	0	0	0	1	1
AT4TE38275	0	16.0791297875908	-2.34990268177273	0.999999999999998	1
AT4TE38290	0	0	0	1	1
AT4TE38295	0	0	0	1	1
AT4TE38300	0	0	0	1	1
AT4TE38305	0	0	0	1	1
AT4TE38310	0	0	0	1	1
AT4TE38320	0	0	0	1	1
AT4TE38325	13.9898274030816	27.846129313964	-0.906101944555016	0.999999999999998	1
AT4TE38340	0	0	0	1	1
AT4TE38370	0	0	0	1	1
AT4TE38375	0	0	0	1	1
AT4TE38400	0	0	0	1	1
AT4TE38410	0	0	0	1	1
AT4TE38420	0	0	0	1	1
AT4TE38460	0	0	0	1	1
AT4TE38465	0	0	0	1	1
AT4TE38470	0	0	0	1	1
AT4TE38500	0	0	0	1	1
AT4TE38540	0	0	0	1	1
AT4TE38660	0	0	0	1	1
AT4TE38920	0	0	0	1	1
AT4TE38950	0	325.582670551687	-3.73545625183896	0.253986082886457	1
AT4TE38955	52.9724980838552	78.908152345219	-0.53386147169325	0.779406643084311	1
AT4TE38960	91.1880198814794	78.1939792667955	0.235651647541001	0.850130055464167	1
AT4TE38965	743.879646263282	477.647938988825	0.625471132255139	0.730235087380779	1
AT4TE38970	0	0	0	1	1
AT4TE38975	0	0	0	1	1
AT4TE38980	0	0	0	1	1
AT4TE38985	0	0	0	1	1
AT4TE38990	97.785039688617	0	3.13896428810999	0.50215782072345	1
AT4TE39000	0	0	0	1	1
AT4TE39005	0	0	0	1	1
AT4TE39015	0	0	0	1	1
AT4TE39025	0	0	0	1	1
AT4TE39030	0	0	0	1	1
AT4TE39035	0	0	0	1	1
AT4TE39040	0	0	0	1	1
AT4TE39045	0	0	0	1	1
AT4TE39050	0	0	0	1	1
AT4TE39060	0	0	0	1	1
AT4TE39070	0	0	0	1	1
AT4TE39075	0	0	0	1	1
AT4TE39080	0	0	0	1	1
AT4TE39090	0	0	0	1	1
AT4TE39095	0	0	0	1	1
AT4TE39105	24.7331913320853	13.0109888398856	0.853272198678586	0.690634665258538	1
AT4TE39110	0	0	0	1	1
AT4TE39115	0	0	0	1	1
AT4TE39120	0	0	0	1	1
AT4TE39150	0	0	0	1	1
AT4TE39155	0	0	0	1	1
AT4TE39165	0	0	0	1	1
AT4TE39170	0	0	0	1	1
AT4TE39175	0	0	0	1	1
AT4TE39180	0	0	0	1	1
AT4TE39185	0	0	0	1	1
AT4TE39190	0	0	0	1	1
AT4TE39195	0	0	0	1	1
AT4TE39200	24.058224050374	0	2.29417294292517	0.999999999999996	1
AT4TE39220	12.4575461521115	17.1966807342131	-0.451627158176368	1	1
AT4TE39225	0	0	0	1	1
AT4TE39230	0	0	0	1	1
AT4TE39270	0	0	0	1	1
AT4TE39290	0	0	0	1	1
AT4TE39295	0	0	0	1	1
AT4TE39300	0	0	0	1	1
AT4TE39305	0	0	0	1	1
AT4TE39310	0	0	0	1	1
AT4TE39315	0	0	0	1	1
AT4TE39320	0	0	0	1	1
AT4TE39325	0	0	0	1	1
AT4TE39330	0	0	0	1	1
AT4TE39335	0	0	0	1	1
AT4TE39340	16.9573665491898	16.876442008463	-0.0555552198679952	1	1
AT4TE39350	0	0	0	1	1
AT4TE39355	259.088566696336	245.921266428632	0.0750350469363553	1	1
AT4TE39360	0	0	0	1	1
AT4TE39400	806.486623442685	1265.23722881224	-0.639987493166852	0.180521659691258	1
AT4TE39405	0	0	0	1	1
AT4TE39410	0	0	0	1	1
AT4TE39415	0	0	0	1	1
AT4TE39470	0	0	0	1	1
AT4TE39490	0	0	0	1	1
AT4TE39495	0	0	0	1	1
AT4TE39500	0	0	0	1	1
AT4TE39505	5340.86182208805	7557.70711607102	-0.502280580148894	0.118594737763458	1
AT4TE39515	0	0	0	1	1
AT4TE39520	0	0	0	1	1
AT4TE39525	0	0	0	1	1
AT4TE39580	0	0	0	1	1
AT4TE39585	0	0	0	1	1
AT4TE39595	0	0	0	1	1
AT4TE39600	0	0	0	1	1
AT4TE39650	37.1934988359872	0	3.13933728410806	0.502159266869335	1
AT4TE39660	0	0	0	1	1
AT4TE39710	0	0	0	1	1
AT4TE39730	0	0	0	1	1
AT4TE39735	0	11.9941328426647	-2.35098260453418	1	1
AT4TE39740	0	0	0	1	1
AT4TE39745	0	0	0	1	1
AT4TE39790	253.314281724889	452.82001045668	-0.824420643787457	0.371918600008253	1
AT4TE39795	0	0	0	1	1
AT4TE39800	0	0	0	1	1
AT4TE39805	0	0	0	1	1
AT4TE39810	0	0	0	1	1
AT4TE39815	0	0	0	1	1
AT4TE39820	0	0	0	1	1
AT4TE39825	0	0	0	1	1
AT4TE39830	0	0	0	1	1
AT4TE40020	0	0	0	1	1
AT4TE40025	0	0	0	1	1
AT4TE40030	0	0	0	1	1
AT4TE40040	0	0	0	1	1
AT4TE40045	0	0	0	1	1
AT4TE40050	0	0	0	1	1
AT4TE40055	0	0	0	1	1
AT4TE40060	0	0	0	1	1
AT4TE40110	0	0	0	1	1
AT4TE40115	0	0	0	1	1
AT4TE40120	0	0	0	1	1
AT4TE40210	0	0	0	1	1
AT4TE40215	10.7991650129051	0	2.29434778133731	0.999999999999999	1
AT4TE40220	0	0	0	1	1
AT4TE40350	97.7567840011772	88.3495324660272	0.14886206166374	0.85085786332933	1
AT4TE40355	0	0	0	1	1
AT4TE40360	0	0	0	1	1
AT4TE40365	0	0	0	1	1
AT4TE40375	0	0	0	1	1
AT4TE40380	0	0	0	1	1
AT4TE40385	0	0	0	1	1
AT4TE40390	0	0	0	1	1
AT4TE40420	0	0	0	1	1
AT4TE40510	0	0	0	1	1
AT4TE40515	0	0	0	1	1
AT4TE40520	0	0	0	1	1
AT4TE40525	0	0	0	1	1
AT4TE40590	0	0	0	1	1
AT4TE40595	0	0	0	1	1
AT4TE40610	0	0	0	1	1
AT4TE40615	0	0	0	1	1
AT4TE40620	37.7104830804017	0	3.13915052768462	0.501872628011006	1
AT4TE40660	19.3078740786441	21.4290080405569	-0.0568092728149846	1	1
AT4TE40665	0	0	0	1	1
AT4TE40670	265.612967783699	352.591548612487	-0.371840305673771	1	1
AT4TE40675	0	0	0	1	1
AT4TE40685	0	3.0807887599055	-3.20045143199219	0.502151064651557	1
AT4TE40695	0	0	0	1	1
AT4TE40700	0	0	0	1	1
AT4TE40705	0	0	0	1	1
AT4TE40710	0	0	0	1	1
AT4TE40715	0	0	0	1	1
AT4TE40725	0	0	0	1	1
AT4TE40730	0	0	0	1	1
AT4TE40735	0	0	0	1	1
AT4TE40740	0	0	0	1	1
AT4TE40860	0	0	0	1	1
AT4TE40865	0	0	0	1	1
AT4TE40870	77.2916087912288	112.571081537766	-0.532416205689306	0.779294094387869	1
AT4TE41050	0	0	0	1	1
AT4TE41055	0	0	0	1	1
AT4TE41060	0	0	0	1	1
AT4TE41065	0	0	0	1	1
AT4TE41150	0	0	0	1	1
AT4TE41200	0	0	0	1	1
AT4TE41205	0	0	0	1	1
AT4TE41210	0	0	0	1	1
AT4TE41215	0	0	0	1	1
AT4TE41280	0	0	0	1	1
AT4TE41285	0	0	0	1	1
AT4TE41290	0	0	0	1	1
AT4TE41295	0	0	0	1	1
AT4TE41300	0	0	0	1	1
AT4TE41305	0	0	0	1	1
AT4TE41315	0	0	0	1	1
AT4TE41320	0	0	0	1	1
AT4TE41325	0	0	0	1	1
AT4TE41330	0	0	0	1	1
AT4TE41335	0	0	0	1	1
AT4TE41450	0	0	0	1	1
AT4TE41455	0	0	0	1	1
AT4TE41710	0	0	0	1	1
AT4TE41800	0	0	0	1	1
AT4TE41805	0	0	0	1	1
AT4TE41810	0	0	0	1	1
AT4TE41815	0	0	0	1	1
AT4TE41820	0	0	0	1	1
AT4TE42010	0	0	0	1	1
AT4TE42070	1070.45690832566	1369.1918766604	-0.349157020762193	0.233833012457259	1
AT4TE42100	0	0	0	1	1
AT4TE42105	0	0	0	1	1
AT4TE42110	0	0	0	1	1
AT4TE42160	0	0	0	1	1
AT4TE42165	0	0	0	1	1
AT4TE42220	0	0	0	1	1
AT4TE42280	0	0	0	1	1
AT4TE42450	0	0	0	1	1
AT4TE42470	0	0	0	1	1
AT4TE42560	0	0	0	1	1
AT4TE42600	0	0	0	1	1
AT4TE42605	0	0	0	1	1
AT4TE42630	0	0	0	1	1
AT4TE42635	0	0	0	1	1
AT4TE42640	0	0	0	1	1
AT4TE42645	0	0	0	1	1
AT4TE42650	0	0	0	1	1
AT4TE42680	0	0	0	1	1
AT4TE42750	0	0	0	1	1
AT4TE42755	0	0	0	1	1
AT4TE42860	0	0	0	1	1
AT4TE42870	0	0	0	1	1
AT4TE42875	0	0	0	1	1
AT4TE42880	0	0	0	1	1
AT4TE42885	0	0	0	1	1
AT4TE42890	0	0	0	1	1
AT4TE42895	0	0	0	1	1
AT4TE42905	0	0	0	1	1
AT4TE42950	96.7939166638824	122.329163020168	-0.338344372319416	0.196360100589216	1
AT4TE43000	0	0	0	1	1
AT4TE43005	0	0	0	1	1
AT4TE43010	0	0	0	1	1
AT4TE43015	153.888101433897	153.153711226802	-0.0555552196837777	1	1
AT4TE43050	0	0	0	1	1
AT4TE43140	0	0	0	1	1
AT4TE43210	49.7932806921573	18.234982451856	1.31760185582178	0.62781852662224	1
AT4TE43220	0	0	0	1	1
AT4TE43225	232.283926692675	242.544471203905	-0.0622704857428965	1	1
AT4TE43230	45.5964744989325	0	2.29434778134379	1	1
AT4TE43235	0	0	0	1	1
AT4TE43240	162.496613144395	263.792251427948	-0.63886510887344	0.627605667588285	1
AT4TE43250	0	0	0	1	1
AT4TE43255	0	0	0	1	1
AT4TE43370	0	0	0	1	1
AT4TE43380	2046.07160643229	2403.63979940135	-0.233520366786552	0.394854832394525	1
AT4TE43660	0	0	0	1	1
AT4TE43830	0	0	0	1	1
AT4TE43835	18.960664458778	0	4.05427896332617	0.130253390322012	1
AT4TE43840	2500.28479052445	3606.95925956603	-0.532305457799443	0.15467696784624	1
AT4TE44040	0	0	0	1	1
AT4TE44045	0	0	0	1	1
AT4TE44050	0	249.211426842032	-2.35098260434282	1	1
AT4TE44080	0	0	0	1	1
AT4TE44180	0	0	0	1	1
AT4TE44185	0	0	0	1	1
AT4TE44190	0	0	0	1	1
AT4TE44195	0	0	0	1	1
AT4TE44210	0	0	0	1	1
AT4TE44215	0	0	0	1	1
AT4TE44220	0	2.99713720600395	-2.34990268165303	1	1
AT4TE44225	0	0	0	1	1
AT4TE44230	0	0	0	1	1
AT4TE44235	0	0	0	1	1
AT4TE44260	0	0	0	1	1
AT4TE44265	121.717707197193	0	4.05468903147357	0.127995877424106	1
AT4TE44380	0	0	0	1	1
AT4TE44385	0	0	0	1	1
AT4TE44390	0	0	0	1	1
AT4TE44395	0	0	0	1	1
AT4TE44400	0	0	0	1	1
AT4TE44405	0	0	0	1	1
AT4TE44410	0	0	0	1	1
AT4TE44415	0	0	0	1	1
AT4TE44420	0	0	0	1	1
AT4TE44440	0	0	0	1	1
AT4TE44640	0	0	0	1	1
AT4TE44645	0	0	0	1	1
AT4TE44650	0	0	0	1	1
AT4TE44655	52.4386116654513	0	3.13915052769581	0.501872645243304	1
AT4TE44740	0	0	0	1	1
AT4TE44745	0	0	0	1	1
AT4TE44750	0	0	0	1	1
AT4TE44755	0	0	0	1	1
AT4TE44820	0	0	0	1	1
AT4TE44900	56.8259399239362	80.7569711280075	-0.476215960271918	0.679233669131226	1
AT4TE44960	0	0	0	1	1
AT4TE44965	0	0	0	1	1
AT4TE44975	0	0	0	1	1
AT4TE44985	0	0	0	1	1
AT4TE44990	0	0	0	1	1
AT4TE45030	0	0	0	1	1
AT4TE45035	0	0	0	1	1
AT4TE45040	0	0	0	1	1
AT4TE45045	0	0	0	1	1
AT4TE45055	0	0	0	1	1
AT4TE45140	0	0	0	1	1
AT4TE45145	0	0	0	1	1
AT4TE45150	0	7.6006804579058	-2.34990268153332	0.999999999999995	1
AT4TE45160	152.355556725229	142.533663111238	0.116483307854195	1	1
AT4TE45190	4.70307923301888	0	3.6683883749781	0.252813260090313	1
AT4TE45200	0	0	0	1	1
AT4TE45205	0	0	0	1	1
AT4TE45210	0	0	0	1	1
AT4TE45215	0	0	0	1	1
AT4TE45220	0	0	0	1	1
AT4TE45225	0	0	0	1	1
AT4TE45320	0	0	0	1	1
AT4TE45325	0	0	0	1	1
AT4TE45350	0	0	0	1	1
AT4TE45355	0	0	0	1	1
AT4TE45360	0	0	0	1	1
AT4TE45365	34.0599576443497	0	2.29417294291335	0.999999999999997	1
AT4TE45430	0	0	0	1	1
AT4TE45435	0	0	0	1	1
AT4TE45470	0	0	0	1	1
AT4TE45475	0	0	0	1	1
AT4TE45480	0	0	0	1	1
AT4TE45710	0	0	0	1	1
AT4TE45970	0	0	0	1	1
AT4TE46000	0	0	0	1	1
AT4TE46010	0	0	0	1	1
AT4TE46150	0	0	0	1	1
AT4TE46160	0	0	0	1	1
AT4TE46240	0	0	0	1	1
AT4TE46260	0	0	0	1	1
AT4TE46265	3291.05861368459	2202.25525725148	0.575023320259733	0.0379443395448795	1
AT4TE46275	0	0	0	1	1
AT4TE46300	0	0	0	1	1
AT4TE46305	0	0	0	1	1
AT4TE46310	0	0	0	1	1
AT4TE46360	0	0	0	1	1
AT4TE46390	38.6157481572882	0	2.29417294290153	0.999999999999999	1
AT4TE46400	0	0	0	1	1
AT4TE46700	0	0	0	1	1
AT4TE46705	5.28107357203332	11.1976106043615	-0.907412106193929	0.999999999999999	1
AT4TE46715	79.874457163071	67.1271904637439	0.238389213158194	1	1
AT4TE46770	23.2727552724765	0	3.139150527707	0.50187266247597	1
AT4TE46790	0	0	0	1	1
AT4TE46795	0	0	0	1	1
AT4TE46800	0	0	0	1	1
AT4TE46805	0	0	0	1	1
AT4TE46815	2071.53903562242	2254.26932211683	-0.11784690847256	0.714633584821969	1
AT4TE46820	5650.69156485773	5339.11145013831	0.0764002097563309	0.749335815787628	1
AT4TE46870	0	0	0	1	1
AT4TE46875	0	0	0	1	1
AT4TE46880	0	0	0	1	1
AT4TE46885	0	0	0	1	1
AT4TE46920	0	0	0	1	1
AT4TE46950	312.300155506785	318.57254884633	-0.0146749548006882	1	1
AT4TE47000	1504.93846212626	1412.47389871129	0.0931532847004654	0.665899950215303	1
AT4TE47040	0	0	0	1	1
AT4TE47140	0	0	0	1	1
AT4TE47190	0	28.8873190422628	-3.20159067249847	0.501869954929608	1
AT4TE47220	0	0	0	1	1
AT4TE47225	0	0	0	1	1
AT4TE47230	0	0	0	1	1
AT4TE47235	0	0	0	1	1
AT4TE47270	0	0	0	1	1
AT4TE47330	136.424395363764	45.7175257393439	1.31845340769479	0.62779970693421	1
AT4TE47460	0	0	0	1	1
AT4TE47465	0	0	0	1	1
AT4TE47470	0	0	0	1	1
AT4TE47475	0	0	0	1	1
AT4TE47485	0	0	0	1	1
AT4TE47490	0	0	0	1	1
AT4TE47500	0	0	0	1	1
AT4TE47610	0	0	0	1	1
AT4TE47615	0	0	0	1	1
AT4TE47620	0	0	0	1	1
AT4TE47880	0	0	0	1	1
AT4TE47970	0	0	0	1	1
AT4TE47975	278.590917765902	292.096205035902	-0.0676851535210643	1	1
AT4TE48050	0	0	0	1	1
AT4TE48055	0	0	0	1	1
AT4TE48060	0	0	0	1	1
AT4TE48090	0	0	0	1	1
AT4TE48095	0	0	0	1	1
AT4TE48120	0	0	0	1	1
AT4TE48125	0	0	0	1	1
AT4TE48135	0	0	0	1	1
AT4TE48140	0	0	0	1	1
AT4TE48170	0	0	0	1	1
AT4TE48175	0	0	0	1	1
AT4TE48180	0	0	0	1	1
AT4TE48185	0	0	0	1	1
AT4TE48190	0	0	0	1	1
AT4TE48195	0	0	0	1	1
AT4TE48200	0	0	0	1	1
AT4TE48205	0	0	0	1	1
AT4TE48210	0	0	0	1	1
AT4TE48215	0	0	0	1	1
AT4TE48220	0	0	0	1	1
AT4TE48225	0	0	0	1	1
AT4TE48230	0	0	0	1	1
AT4TE48330	0	0	0	1	1
AT4TE48430	0	0	0	1	1
AT4TE48435	0	0	0	1	1
AT4TE48500	0	0	0	1	1
AT4TE48550	0	0	0	1	1
AT4TE48590	0	0	0	1	1
AT4TE48595	0	0	0	1	1
AT4TE48600	0	0	0	1	1
AT4TE48605	0	0	0	1	1
AT4TE48610	0	0	0	1	1
AT4TE48640	0	0	0	1	1
AT4TE48645	0	0	0	1	1
AT4TE48650	0	0	0	1	1
AT4TE48655	0	0	0	1	1
AT4TE48660	0	0	0	1	1
AT4TE48730	0	0	0	1	1
AT4TE48735	0	0	0	1	1
AT4TE48740	0	0	0	1	1
AT4TE48745	0	0	0	1	1
AT4TE48750	0	0	0	1	1
AT4TE48755	0	0	0	1	1
AT4TE48760	0	0	0	1	1
AT4TE48765	0	0	0	1	1
AT4TE48890	3148.22668660361	4288.96185676175	-0.448921686043351	0.0685225099465857	1
AT4TE48910	0	0	0	1	1
AT4TE48960	0	0	0	1	1
AT4TE49040	0	0	0	1	1
AT4TE49050	0	0	0	1	1
AT4TE49080	0	0	0	1	1
AT4TE49110	0	0	0	1	1
AT4TE49160	71.3255583611089	0	2.29417294288971	0.999999999999994	1
AT4TE49190	0	0	0	1	1
AT4TE49195	0	0	0	1	1
AT4TE49205	0	0	0	1	1
AT4TE49210	0	0	0	1	1
AT4TE49215	0	0	0	1	1
AT4TE49220	0	0	0	1	1
AT4TE49225	0	0	0	1	1
AT4TE49235	0	0	0	1	1
AT4TE49240	0	0	0	1	1
AT4TE49270	0	0	0	1	1
AT4TE49275	0	0	0	1	1
AT4TE49280	0	0	0	1	1
AT4TE49290	0	0	0	1	1
AT4TE49350	0	0	0	1	1
AT4TE49355	6.00538932424965	0	2.29434778135027	1	1
AT4TE49460	0	0	0	1	1
AT4TE49465	0	0	0	1	1
AT4TE49470	0	0	0	1	1
AT4TE49490	0	0	0	1	1
AT4TE49500	0	0	0	1	1
AT4TE49505	0	0	0	1	1
AT4TE49510	0	0	0	1	1
AT4TE49515	0	0	0	1	1
AT4TE49520	0	0	0	1	1
AT4TE49525	0	0	0	1	1
AT4TE49530	0	0	0	1	1
AT4TE49535	0	0	0	1	1
AT4TE49545	0	0	0	1	1
AT4TE49600	0	0	0	1	1
AT4TE49605	0	0	0	1	1
AT4TE49620	0	0	0	1	1
AT4TE49625	0	0	0	1	1
AT4TE49680	0	0	0	1	1
AT4TE49790	0	0	0	1	1
AT4TE49840	0	0	0	1	1
AT4TE49845	0	0	0	1	1
AT4TE49990	0	0	0	1	1
AT4TE50020	0	0	0	1	1
AT4TE50025	0	0	0	1	1
AT4TE50030	0	0	0	1	1
AT4TE50035	0	0	0	1	1
AT4TE50040	0	0	0	1	1
AT4TE50045	0	0	0	1	1
AT4TE50055	0	0	0	1	1
AT4TE50065	47.9731607712951	0	3.66854979023149	0.252821877344399	1
AT4TE50075	0	0	0	1	1
AT4TE50080	0	0	0	1	1
AT4TE50085	1217.59912468403	1880.75301574761	-0.601198884336654	0.466869398239052	1
AT4TE50100	0	0	0	1	1
AT4TE50130	118.375462641459	0	2.29434778135675	0.999999999999999	1
AT4TE50135	105.28640168999	45.2100928234995	1.20182580815858	0.194208994070525	1
AT4TE50250	355.869801496606	243.758775455836	0.490474455381862	0.757950701762299	1
AT4TE50260	0	0	0	1	1
AT4TE50430	0	72.0723346949656	-2.34990268141362	0.999999999999998	1
AT4TE50435	0	0	0	1	1
AT4TE50440	0	0	0	1	1
AT4TE50445	0	0	0	1	1
AT4TE50450	0	0	0	1	1
AT4TE50590	0	0	0	1	1
AT4TE50595	0	0	0	1	1
AT4TE50620	886.406814655017	696.100144793696	0.363022711139157	0.508317426755686	1
AT4TE50630	0	0	0	1	1
AT4TE50635	0	0	0	1	1
AT4TE50640	0	0	0	1	1
AT4TE50645	0	0	0	1	1
AT4TE50650	0	0	0	1	1
AT4TE50655	2.40826449818306	5.02928676596516	-0.907248756399367	1	1
AT4TE50660	0	0	0	1	1
AT4TE50670	0	0	0	1	1
AT4TE50675	0	0	0	1	1
AT4TE50680	0	0	0	1	1
AT4TE50860	0	0	0	1	1
AT4TE50865	0	0	0	1	1
AT4TE50870	0	0	0	1	1
AT4TE50880	0	0	0	1	1
AT4TE50890	0	0	0	1	1
AT4TE50900	0	0	0	1	1
AT4TE50920	0	0	0	1	1
AT4TE50925	0	0	0	1	1
AT4TE50930	0	0	0	1	1
AT4TE50935	129.079818959731	51.697455266431	1.15881640153611	0.459242342597175	1
AT4TE50945	0	0	0	1	1
AT4TE50955	0	0	0	1	1
AT4TE50960	0	0	0	1	1
AT4TE50990	0	0	0	1	1
AT4TE50995	0	0	0	1	1
AT4TE51000	0	0	0	1	1
AT4TE51005	69.438068779172	92.3777642733274	-0.416042343817577	0.287823044947647	1
AT4TE51015	0	0	0	1	1
AT4TE51020	0	0	0	1	1
AT4TE51025	0	0	0	1	1
AT4TE51090	0	0	0	1	1
AT4TE51095	0	0	0	1	1
AT4TE51100	0	3.26032381536566	-2.34990268129392	1	1
AT4TE51190	16955.6213908415	15366.8753463104	0.143649325693679	0.589789598465382	1
AT4TE51310	0	0	0	1	1
AT4TE51390	0	0	0	1	1
AT4TE51395	0	0	0	1	1
AT4TE51400	0	0	0	1	1
AT4TE51405	0	0	0	1	1
AT4TE51410	0	0	0	1	1
AT4TE51480	0	0	0	1	1
AT4TE51500	0	0	0	1	1
AT4TE51505	0	0	0	1	1
AT4TE51510	75.0673665531206	62.7066193844242	0.239060021540643	1	1
AT4TE51515	0	0	0	1	1
AT4TE51570	0	0	0	1	1
AT4TE51575	0	0	0	1	1
AT4TE51580	0	0	0	1	1
AT4TE51585	0	0	0	1	1
AT4TE51595	0	0	0	1	1
AT4TE51605	0	0	0	1	1
AT4TE51610	0	0	0	1	1
AT4TE51615	0	0	0	1	1
AT4TE51620	0	0	0	1	1
AT4TE51625	0	0	0	1	1
AT4TE51630	0	0	0	1	1
AT4TE51650	0	0	0	1	1
AT4TE51655	0	0	0	1	1
AT4TE51720	0	0	0	1	1
AT4TE51725	0	0	0	1	1
AT4TE51730	0	0	0	1	1
AT4TE51735	0	0	0	1	1
AT4TE51910	0	50.6293260253891	-2.34990268117422	0.999999999999997	1
AT4TE51915	608.124278002658	1004.28615487804	-0.717447581320888	0.593969150323319	1
AT4TE51970	0	0	0	1	1
AT4TE51975	0	0	0	1	1
AT4TE51985	16.8294717879479	0	3.1391505277182	0.501872679709013	1
AT4TE52090	0	0	0	1	1
AT4TE52280	0	0	0	1	1
AT4TE52285	0	0	0	1	1
AT4TE52290	0	0	0	1	1
AT4TE52300	0	0	0	1	1
AT4TE52305	0	0	0	1	1
AT4TE52310	0	0	0	1	1
AT4TE52315	0	0	0	1	1
AT4TE52320	0	0	0	1	1
AT4TE52325	0	0	0	1	1
AT4TE52330	0	0	0	1	1
AT4TE52335	0	0	0	1	1
AT4TE52340	0	0	0	1	1
AT4TE52345	0	0	0	1	1
AT4TE52350	0	0	0	1	1
AT4TE52355	0	0	0	1	1
AT4TE52365	0	0	0	1	1
AT4TE52375	0	0	0	1	1
AT4TE52380	0	0	0	1	1
AT4TE52385	0	0	0	1	1
AT4TE52390	0	0	0	1	1
AT4TE52395	0	0	0	1	1
AT4TE52400	0	0	0	1	1
AT4TE52405	0	0	0	1	1
AT4TE52410	0	0	0	1	1
AT4TE52415	0	0	0	1	1
AT4TE52420	0	0	0	1	1
AT4TE52540	79.1681558187499	96.116019125335	-0.262146699618714	0.648526824485729	1
AT4TE52630	0	0	0	1	1
AT4TE52635	0	0	0	1	1
AT4TE52690	0	0	0	1	1
AT4TE52720	0	0	0	1	1
AT4TE52725	149.228863870518	370.36108142203	-1.28860697216081	0.155341462556453	1
AT4TE52730	0	0	0	1	1
AT4TE52735	0	0	0	1	1
AT4TE53040	0	0	0	1	1
AT4TE53180	0	0	0	1	1
AT4TE53200	0	0	0	1	1
AT4TE53320	0	0	0	1	1
AT4TE53490	205.915026174797	94.6065966113132	1.09042182406089	0.353314802794611	1
AT4TE53540	0	0	0	1	1
AT4TE53545	0	0	0	1	1
AT4TE53550	0	0	0	1	1
AT4TE53640	0	0	0	1	1
AT4TE53645	0	0	0	1	1
AT4TE53650	0	0	0	1	1
AT4TE53655	0	0	0	1	1
AT4TE53730	0	0	0	1	1
AT4TE53740	0	0	0	1	1
AT4TE53745	0	0	0	1	1
AT4TE53850	0	0	0	1	1
AT4TE53880	13.4427327288121	14.9195310969731	-0.0568092726841207	1	1
AT4TE53950	0	38.0153023996321	-2.35098260415147	1	1
AT4TE53955	0	0	0	1	1
AT4TE53965	0	0	0	1	1
AT4TE53975	0	0	0	1	1
AT4TE53985	0	0	0	1	1
AT4TE53990	0	0	0	1	1
AT4TE53995	0	0	0	1	1
AT4TE54000	0	0	0	1	1
AT4TE54005	0	0	0	1	1
AT4TE54010	11.4823342058603	0	2.29417294287789	0.999999999999996	1
AT4TE54015	0	0	0	1	1
AT4TE54020	0	0	0	1	1
AT4TE54050	0	0	0	1	1
AT4TE54055	0	0	0	1	1
AT4TE54065	0	0	0	1	1
AT4TE54260	0	0	0	1	1
AT4TE54340	0	0	0	1	1
AT4TE54345	0	0	0	1	1
AT4TE54350	0	0	0	1	1
AT4TE54355	0	0	0	1	1
AT4TE54360	0	0	0	1	1
AT4TE54370	0	0	0	1	1
AT4TE54400	0	0	0	1	1
AT4TE54430	0	9.9097327315683	-2.35098260396012	0.999999999999999	1
AT4TE54480	0	0	0	1	1
AT4TE54500	0	0	0	1	1
AT4TE54570	0	0	0	1	1
AT4TE54700	0	0	0	1	1
AT4TE54705	0	0	0	1	1
AT4TE54715	0	0	0	1	1
AT4TE54720	0	0	0	1	1
AT4TE54730	0	0	0	1	1
AT4TE54735	0	0	0	1	1
AT4TE54745	0	0	0	1	1
AT4TE54750	12.1279537674111	12.72569136318	-0.0682536764762231	1	1
AT4TE54800	0	0	0	1	1
AT4TE54820	12.5521168958473	40.5456842619914	-1.43965565659912	0.627824119002846	1
AT4TE54900	0	0	0	1	1
AT4TE54905	0	0	0	1	1
AT4TE54910	0	0	0	1	1
AT4TE54920	0	0	0	1	1
AT4TE54925	0	0	0	1	1
AT4TE54930	0	0	0	1	1
AT4TE54935	0	0	0	1	1
AT4TE54940	0	0	0	1	1
AT4TE54990	0	10.6298712871009	-2.35098260376876	1	1
AT4TE54995	0	0	0	1	1
AT4TE55060	120.670231680352	36.31315529324	1.62287244902664	0.186025152289706	1
AT4TE55150	25201.5002590412	23671.7684520366	0.0888593892832274	0.655738001893056	1
AT4TE55160	0	0	0	1	1
AT4TE55165	0	0	0	1	1
AT4TE55200	0	0	0	1	1
AT4TE55210	558.49569535347	528.099314606672	0.074708639915084	0.963091508557508	1
AT4TE55215	0	0	0	1	1
AT4TE55220	0	0	0	1	1
AT4TE55340	0	0	0	1	1
AT4TE55390	186.540547428649	445.579589425001	-1.21561701713704	0.0893172036894061	1
AT4TE55430	1103.35175049098	1579.74191832104	-0.525007865912401	0.505803744310464	1
AT4TE55450	123.110481147118	0	2.29434778136323	1	1
AT4TE55460	0	0	0	1	1
AT4TE55465	0	0	0	1	1
AT4TE55590	0	0	0	1	1
AT4TE55595	0	0	0	1	1
AT4TE55630	38.567669920276	41.3476031728095	-0.0693072054584955	1	1
AT4TE55690	14.5387828793627	16.1359916660309	-0.0568092725532569	1	1
AT4TE55720	0	0	0	1	1
AT4TE55950	0	0	0	1	1
AT4TE55955	0	0	0	1	1
AT4TE56060	0	0	0	1	1
AT4TE56065	0	0	0	1	1
AT4TE56070	0	0	0	1	1
AT4TE56075	0	0	0	1	1
AT4TE56080	0	0	0	1	1
AT4TE56085	0	0	0	1	1
AT4TE56150	0	0	0	1	1
AT4TE56155	0	0	0	1	1
AT4TE56160	0	0	0	1	1
AT4TE56165	0	0	0	1	1
AT4TE56170	0	0	0	1	1
AT4TE56200	0	0	0	1	1
AT4TE56270	0	0	0	1	1
AT4TE56275	0	105.623249121932	-2.34990268105452	1	1
AT4TE56300	0	0	0	1	1
AT4TE56380	0	0	0	1	1
AT4TE56740	17.4377452049742	74.539019895968	-1.82774812051071	0.380094540556182	1
AT4TE56920	0	0	0	1	1
AT4TE56960	0	0	0	1	1
AT4TE56965	0	0	0	1	1
AT4TE56970	0	0	0	1	1
AT4TE57000	286.122179858827	794.013559680703	-1.45760974472546	0.0186008896400549	1
AT4TE57005	627.30323125216	398.844989956823	0.629804006910983	0.286456676333309	1
AT4TE57015	0	0	0	1	1
AT4TE57160	0	0	0	1	1
AT4TE57330	0	0	0	1	1
AT4TE57335	0	0	0	1	1
AT4TE57345	0	0	0	1	1
AT4TE57390	0	0	0	1	1
AT4TE57430	0	0	0	1	1
AT4TE57470	1997.25410223832	1667.46047140316	0.265919739113678	0.625821944090279	1
AT4TE57475	0	0	0	1	1
AT4TE57480	0	0	0	1	1
AT4TE57580	0	0	0	1	1
AT4TE57630	0	0	0	1	1
AT4TE57850	0	0	0	1	1
AT4TE57855	0	0	0	1	1
AT4TE57860	0	0	0	1	1
AT4TE58010	0	0	0	1	1
AT4TE58090	0	0	0	1	1
AT4TE58120	0	0	0	1	1
AT4TE58125	0	0	0	1	1
AT4TE58130	39.1140158754468	0	2.29417294286608	0.999999999999997	1
AT4TE58135	0	0	0	1	1
AT4TE58530	0	0	0	1	1
AT4TE58535	0	0	0	1	1
AT4TE58590	26.707808196891	0	2.29417294285426	0.999999999999992	1
AT4TE58595	7.09914808043824	7.17347593568159	-0.0557300328987726	1	1
AT4TE58660	0	0	0	1	1
AT4TE58665	0	0	0	1	1
AT4TE58710	0	459.10203477882	-3.20159067294392	0.501869972954514	1
AT4TE58715	0	0	0	1	1
AT4TE58750	47.3501850565838	0	2.29434778136971	1	1
AT4TE58755	0	0	0	1	1
AT4TE58760	0	0	0	1	1
AT4TE59180	0	0	0	1	1
AT4TE59250	246.035135698312	256.843214772948	-0.0674470601596756	1	1
AT4TE59255	0	0	0	1	1
AT4TE59260	0	0	0	1	1
AT4TE59330	0	0	0	1	1
AT4TE59360	0	0	0	1	1
AT4TE59365	0	0	0	1	1
AT4TE59470	640.619511564175	999.000285414686	-0.622459379400232	0.758291453267644	1
AT4TE59475	0	0	0	1	1
AT4TE59480	0	0	0	1	1
AT4TE59485	0	0	0	1	1
AT4TE59490	0	0	0	1	1
AT4TE59550	0	0	0	1	1
AT4TE59555	0	0	0	1	1
AT4TE59630	14372.1166451683	15255.1521718958	-0.0851654594626514	0.653818535998842	1
AT4TE59635	0	0	0	1	1
AT4TE59640	0	0	0	1	1
AT4TE59920	36.1950594668314	20.0856970887608	0.787943013230612	1	1
AT4TE60020	0	0	0	1	1
AT4TE60030	0	0	0	1	1
AT4TE60035	0	0	0	1	1
AT4TE60040	0	0	0	1	1
AT4TE60050	0	0	0	1	1
AT4TE60120	0	0	0	1	1
AT4TE60150	0	0	0	1	1
AT4TE60280	0	0	0	1	1
AT4TE60580	0	0	0	1	1
AT4TE60585	0	0	0	1	1
AT4TE60590	0	0	0	1	1
AT4TE60595	0	0	0	1	1
AT4TE60600	1163.63776362382	1252.96542967984	-0.0671125299048395	1	1
AT4TE60610	75.9941241648875	83.0704756140108	-0.0566342440807942	1	1
AT4TE60630	0	0	0	1	1
AT4TE60680	0	0	0	1	1
AT4TE60685	0	0	0	1	1
AT4TE60690	0	0	0	1	1
AT4TE60695	0	0	0	1	1
AT4TE60700	0	0	0	1	1
AT4TE60830	0	0	0	1	1
AT4TE60835	0	0	0	1	1
AT4TE60850	0	0	0	1	1
AT4TE60900	0	0	0	1	1
AT4TE60970	0	0	0	1	1
AT4TE61260	24732.3163557748	19764.769492496	0.322873533061404	0.270280797201506	1
AT4TE61380	1138.0159799219	1409.11378186268	-0.293070069284073	0.534211020011933	1
AT4TE61480	0	0	0	1	1
AT4TE61520	0	0	0	1	1
AT4TE61525	0	0	0	1	1
AT4TE61530	0	0	0	1	1
AT4TE61700	1128.63285799908	1239.7443290836	-0.132941114235776	0.775874325400598	1
AT4TE61820	0	0	0	1	1
AT4TE61970	0	0	0	1	1
AT4TE61975	0	0	0	1	1
AT4TE61980	0	0	0	1	1
AT4TE61985	0	0	0	1	1
AT4TE61990	0	0	0	1	1
AT4TE61995	0	0	0	1	1
AT4TE62000	0	0	0	1	1
AT4TE62080	273.578846993595	45.3788774005339	2.27652485214018	0.242741136158503	1
AT4TE62085	0	0	0	1	1
AT4TE62090	0	0	0	1	1
AT4TE62130	0	0	0	1	1
AT4TE62135	0	20.0856970887608	-2.35098260357741	1	1
AT4TE62330	0	0	0	1	1
AT4TE62350	0	0	0	1	1
AT4TE62390	0	0	0	1	1
AT4TE62395	0	0	0	1	1
AT4TE62400	0	0	0	1	1
AT4TE62405	0	0	0	1	1
AT4TE62590	27.2479661154798	0	3.13896429002212	0.50215779808216	1
AT4TE62660	24.3639534456193	0	4.3590357657255	0.0653537029046691	1
AT4TE62665	37.0428052588244	0	3.66814599020155	0.253792541806351	1
AT4TE62680	0	0	0	1	1
AT4TE62770	0	0	0	1	1
AT4TE62775	0	0	0	1	1
AT4TE62800	0	0	0	1	1
AT4TE62850	0	0	0	1	1
AT4TE62855	657.664808416388	596.391142768848	0.149401808469033	1	1
AT4TE62865	4938.83387802252	5454.43652707111	-0.14655424661032	0.515232381180061	1
AT4TE63090	0	0	0	1	1
AT4TE63095	1907.95959063975	1765.91772828354	0.101446126338225	0.79000447220964	1
AT4TE63170	7813.83418283703	7849.46778512107	-0.00793300738018727	0.974597260893294	1
AT4TE63175	0	0	0	1	1
AT4TE63210	0	0	0	1	1
AT4TE63215	3057.45074190821	3070.13263917661	-0.00199629001091138	1	1
AT4TE63480	0	0	0	1	1
AT4TE63620	16963.0827579548	15032.6181855839	0.176215704122252	0.398528382413944	1
AT4TE63630	0	0	0	1	1
AT4TE63690	0	0	0	1	1
AT4TE63695	0	0	0	1	1
AT4TE63700	0	0	0	1	1
AT4TE63705	0	0	0	1	1
AT4TE64170	0	0	0	1	1
AT4TE64175	0	0	0	1	1
AT4TE64180	4.18943207373551	9.15996224885796	-1.06442716209525	0.373161672006442	1
AT4TE64310	6.66904014881462	0	2.29434778137619	1	1
AT4TE64315	0	0	0	1	1
AT4TE64410	3316.80977678819	2314.63964143816	0.512433123715864	0.122986901252482	1
AT4TE64440	0	0	0	1	1
AT4TE64600	0	0	0	1	1
AT4TE64610	0	0	0	1	1
AT4TE64650	292.01481705669	80.1036729135104	1.70404745439286	0.380000961516943	1
AT4TE64720	1457.64180532764	1912.58697568201	-0.397360928004346	0.351712187239194	1
AT4TE64730	15.0134733106241	0	2.29434778138267	1	1
AT4TE64810	0	0	0	1	1
AT4TE64930	0	0	0	1	1
AT4TE64935	0	0	0	1	1
AT4TE64940	0	0	0	1	1
AT4TE64945	0	0	0	1	1
AT4TE64950	0	0	0	1	1
AT4TE65420	0	0	0	1	1
AT4TE65430	433.627404165928	472.913766832392	-0.140098280690304	1	1
AT4TE65435	918.686028770302	1591.7931198343	-0.757291144192392	0.730174439423211	1
AT4TE65480	11369.9856218585	8665.10203282324	0.395054779415833	0.166757746974436	1
AT4TE65485	4877.61791544655	3395.74138130301	0.514339838948992	0.224738029916595	1
AT4TE65495	0	0	0	1	1
AT4TE65505	0	0	0	1	1
AT4TE65510	42.7793261359861	37.7630063706039	0.184012700426366	1	1
AT4TE65590	0	0	0	1	1
AT4TE65595	0	0	0	1	1
AT4TE65600	0	0	0	1	1
AT4TE65605	0	0	0	1	1
AT4TE65610	0	0	0	1	1
AT4TE65660	0	0	0	1	1
AT4TE65840	737.702431278499	646.911731628581	0.175140868778865	0.808115845114899	1
AT4TE65990	0	0	0	1	1
AT4TE66260	0	0	0	1	1
AT4TE66290	0	0	0	1	1
AT4TE66640	0	0	0	1	1
AT4TE66810	0	0	0	1	1
AT4TE67000	0	0	0	1	1
AT4TE67005	0	0	0	1	1
AT4TE67010	0	0	0	1	1
AT4TE67015	473.501850565838	0	3.13933728209107	0.502159243351905	1
AT4TE67130	0	0	0	1	1
AT4TE67135	0	0	0	1	1
AT4TE67170	0	0	0	1	1
AT4TE67175	0	0	0	1	1
AT4TE67300	696.856206793413	2054.48095735039	-1.51061706073393	0.0304662673614485	1
AT4TE67400	0	0	0	1	1
AT4TE67405	0	0	0	1	1
AT4TE67450	0	0	0	1	1
AT4TE67455	0	0	0	1	1
AT4TE67490	215.029502727611	143.71017591559	0.580807014840758	0.0136815625470065	1
AT4TE67500	0	0	0	1	1
AT4TE67510	0	0	0	1	1
AT4TE67560	0.746542600750431	0.828556646316325	-0.0568092724223931	1	1
AT4TE67590	908.877915209461	1172.02259990269	-0.346191805487612	0.731739830574881	1
AT4TE67650	3973.72920474339	3621.60409219842	0.130294282796654	0.461582409972947	1
AT4TE67660	0	0	0	1	1
AT4TE67665	0	0	0	1	1
AT4TE67750	0	0	0	1	1
AT4TE67755	0	0	0	1	1
AT4TE67760	0	0	0	1	1
AT4TE67780	0	0	0	1	1
AT4TE67790	0	0	0	1	1
AT4TE67800	0	0	0	1	1
AT4TE67805	97.2154527799261	369.300916626688	-1.85701060719096	0.063128709048285	1
AT4TE67890	0	0	0	1	1
AT4TE67900	0	0	0	1	1
AT4TE67950	0	0	0	1	1
AT4TE67955	0	0	0	1	1
AT4TE67965	8.68810734983188	0	3.13933728007413	0.502159219835116	1
AT4TE67970	0	0	0	1	1
AT4TE68030	606.267246069425	448.580568315658	0.46501714357682	1	1
AT4TE68035	46.6343378551532	0	3.13915052772938	0.501872696942429	1
AT4TE68040	0	0	0	1	1
AT4TE68045	0	0	0	1	1
AT4TE68050	0	0	0	1	1
AT4TE68060	0	0	0	1	1
AT4TE68065	0	0	0	1	1
AT4TE68180	0	0	0	1	1
AT4TE68240	0	0	0	1	1
AT4TE68245	0	0	0	1	1
AT4TE68250	0	0	0	1	1
AT4TE68255	0	0	0	1	1
AT4TE68330	0	0	0	1	1
AT4TE68335	0	373.817140263049	-3.73545613875779	0.253985871726999	1
AT4TE68370	0	0	0	1	1
AT4TE68375	0	0	0	1	1
AT4TE68380	12.3480923918874	0	3.13933727805725	0.502159196318966	1
AT4TE68750	0	0	0	1	1
AT4TE68760	0	0	0	1	1
AT4TE68765	0	0	0	1	1
AT4TE68770	0	0	0	1	1
AT4TE68870	0	0	0	1	1
AT4TE68875	0	0	0	1	1
AT4TE68880	0	0	0	1	1
AT4TE68885	0	0	0	1	1
AT4TE68890	0	0	0	1	1
AT4TE69050	20.586324144972	22.8479067053816	-0.0639052918325916	1	1
AT4TE69550	0	0	0	1	1
AT4TE69590	0	0	0	1	1
AT4TE69595	0	0	0	1	1
AT4TE69640	0	0	0	1	1
AT4TE69645	0	0	0	1	1
AT4TE69650	0	0	0	1	1
AT4TE69655	0	0	0	1	1
AT4TE69730	0	0	0	1	1
AT4TE69735	0	0	0	1	1
AT4TE69740	0	0	0	1	1
AT4TE69830	0	0	0	1	1
AT4TE69880	14333.0076954652	7388.05255184422	0.944090295306703	0.0451343633349898	1
AT4TE69885	10.6681526124019	11.6615399042199	-0.0566342439548124	1	1
AT4TE69890	0	0	0	1	1
AT4TE69940	0	0	0	1	1
AT4TE69945	0	0	0	1	1
AT4TE69950	0	0	0	1	1
AT4TE70080	0	0	0	1	1
AT4TE70110	0	0	0	1	1
AT4TE70230	0	0	0	1	1
AT4TE70260	0	0	0	1	1
AT4TE70265	0	0	0	1	1
AT4TE70630	0	0	0	1	1
AT4TE70650	0	24.9537615033486	-3.20045144295786	0.502151042728693	1
AT4TE70655	9.67849694552813	0	2.29434778138915	0.999999999999998	1
AT4TE70660	0	0	0	1	1
AT4TE70790	0	0	0	1	1
AT4TE70830	0	0	0	1	1
AT4TE70850	0	0	0	1	1
AT4TE70855	0	0	0	1	1
AT4TE70920	0	0	0	1	1
AT4TE71100	0	0	0	1	1
AT4TE71140	5.22984201984358	5.2048839839185	-0.0555552194995601	1	1
AT4TE71190	0	0	0	1	1
AT4TE71195	0	0	0	1	1
AT4TE71320	424.518900507303	0	3.13933727604042	0.50215917280346	1
AT4TE71325	0	13.4937190508196	-2.34990268093481	0.999999999999997	1
AT4TE71330	0	0	0	1	1
AT4TE71335	0	0	0	1	1
AT4TE71340	0	0	0	1	1
AT4TE71510	281.645484286226	297.982101619446	-0.0682305049773415	1	1
AT4TE72510	0	0	0	1	1
AT4TE72580	117.857299568161	122.667615540323	-0.0677983350535289	1	1
AT4TE73090	0	0	0	1	1
AT4TE73100	0	0	0	1	1
AT4TE73105	0	0	0	1	1
AT4TE73140	0	0	0	1	1
AT4TE73400	0	0	0	1	1
AT4TE73405	0	0	0	1	1
AT4TE73410	0	0	0	1	1
AT4TE73550	0	0	0	1	1
AT4TE73580	0	0	0	1	1
AT4TE73585	0	0	0	1	1
AT4TE73590	0	0	0	1	1
AT4TE73595	0	0	0	1	1
AT4TE73650	613.231115819048	153.153711226802	1.70512723023456	0.37998261269651	1
AT4TE73655	192.913143888601	107.123808115058	0.839380601159318	0.165480370850237	1
AT4TE73660	408.126707148198	268.98219886382	0.610840058098414	0.252244850591152	1
AT4TE73720	0	67.2870852473487	-2.35098260338606	1	1
AT4TE73750	10.3454185837914	10.2960478135665	-0.0555552193153401	1	1
AT4TE73760	0	0	0	1	1
AT4TE73930	1258.6506555035	915.246171807454	0.438852424091606	0.41235608756858	1
AT4TE74000	3699.93204506645	3190.426722151	0.211118761609142	0.213121959681117	1
AT4TE74010	0	0	0	1	1
AT4TE74020	0	0	0	1	1
AT4TE74025	0	0	0	1	1
AT4TE74210	18.320012075464	20.0259182283776	-0.056634243828828	1	1
AT4TE74230	520.113531602296	565.458793152527	-0.119385210140736	0.387705588049209	1
AT4TE74235	0	0	0	1	1
AT4TE74240	0	0	0	1	1
AT4TE74245	0	0	0	1	1
AT4TE74250	0	0	0	1	1
AT4TE74255	0	0	0	1	1
AT4TE74260	0	0	0	1	1
AT4TE74265	0	0	0	1	1
AT4TE74275	0	0	0	1	1
AT4TE74360	0	0	0	1	1
AT4TE74390	0	0	0	1	1
AT4TE74400	0	0	0	1	1
AT4TE74405	0	0	0	1	1
AT4TE74470	20386.7876944713	21400.7864293696	-0.0700951271462213	0.650374439203987	1
AT4TE74475	24664.8310810301	24944.9141909375	-0.0175598119936432	0.945109578586606	1
AT4TE74500	0	0	0	1	1
AT4TE74540	24.7331913320853	37.8132092814729	-0.620949776786952	0.759337179432193	1
AT4TE74880	0	0	0	1	1
AT4TE74930	0	0	0	1	1
AT4TE74935	0	0	0	1	1
AT4TE74940	0	0	0	1	1
AT4TE74945	0	0	0	1	1
AT4TE75430	432.466507942014	311.707382528411	0.498973176529892	0.463210460757472	1
AT4TE75570	0	0	0	1	1
AT4TE75575	0	0	0	1	1
AT4TE75620	0	0	0	1	1
AT4TE75625	0	0	0	1	1
AT4TE75630	0	0	0	1	1
AT4TE75750	0	0	0	1	1
AT4TE75755	0	0	0	1	1
AT4TE75760	1914.3568022704	2219.57261319236	-0.203352235426181	0.645611706518991	1
AT4TE76150	0	0	0	1	1
AT4TE76155	0	0	0	1	1
AT4TE76160	0	0	0	1	1
AT4TE76440	0	0	0	1	1
AT4TE76690	0	0	0	1	1
AT4TE76695	0	0	0	1	1
AT4TE76700	0	0	0	1	1
AT4TE76705	37.6563506875419	0	2.29417294284244	1	1
AT4TE76870	97.4897223298932	57.565967120406	0.762450782273893	0.201384941415095	1
AT4TE76875	400.20589185132	317.171653199796	0.34106287333617	0.481498248008546	1
AT4TE77130	0	0	0	1	1
AT4TE77550	0	0	0	1	1
AT4TE77690	160.347174886859	106.312218275865	0.612824237158607	0.402109609749297	1
AT4TE77695	0	0	0	1	1
AT4TE77850	0	0	0	1	1
AT4TE78030	0	0	0	1	1
AT4TE78070	34.3494190407606	19.0614972372093	0.787943021715141	1	1
AT4TE78240	87.936057962227	0	2.29434778139564	0.999999999999999	1
AT4TE78245	0	0	0	1	1
AT4TE78250	0	0	0	1	1
AT4TE78255	0	0	0	1	1
AT4TE78270	11.3746200013025	11.4937119119551	-0.0557300327415074	1	1
AT4TE78590	0	0	0	1	1
AT4TE78595	0	0	0	1	1
AT4TE78690	0	0	0	1	1
AT4TE78830	0	0	0	1	1
AT4TE78835	0	0	0	1	1
AT4TE78940	0	0	0	1	1
AT4TE79070	4.80524906897415	0	2.29434778140211	0.999999999999996	1
AT4TE79310	649.57549296427	350.877690775344	0.893432761165051	0.244773160591073	1
AT4TE79340	0	0	0	1	1
AT4TE79345	0	0	0	1	1
AT4TE79350	0	0	0	1	1
AT4TE79490	0	0	0	1	1
AT4TE79530	0	0	0	1	1
AT4TE79610	0	0	0	1	1
AT4TE79615	0	0	0	1	1
AT4TE79690	0	0	0	1	1
AT4TE79710	0	0	0	1	1
AT4TE80260	0	36.7688990422671	-3.20276749414321	0.50219258219705	1
AT4TE80380	6.66960666743042	0	2.29417294283062	0.999999999999993	1
AT4TE80430	0	0	0	1	1
AT4TE80435	0	0	0	1	1
AT4TE80660	0	0	0	1	1
AT4TE80710	0	0	0	1	1
AT4TE80770	0	0	0	1	1
AT4TE80940	0	6.35983792508022	-2.35098260319471	0.999999999999994	1
AT4TE80945	0	0	0	1	1
AT4TE80950	0	46.0870446899649	-2.35098260300336	1	1
AT4TE80960	0	0	0	1	1
AT4TE81030	0	0	0	1	1
AT4TE81060	11.1918619224653	0	3.13933727402365	0.502159149288599	1
AT4TE81065	9.03527937510321	0	2.2941729428188	1	1
AT4TE81110	0	0	0	1	1
AT4TE81115	0	0	0	1	1
AT4TE81120	0	0	0	1	1
AT4TE81190	0	0	0	1	1
AT4TE81820	0	13.4345360725265	-3.20045145392325	0.502151020806384	1
AT4TE82020	0	0	0	1	1
AT4TE82025	0	0	0	1	1
AT4TE82030	59.7623694888921	0	2.2943477814086	1	1
AT4TE82600	0	0	0	1	1
AT4TE82605	0	0	0	1	1
AT4TE82610	0	0	0	1	1
AT4TE82615	0	0	0	1	1
AT4TE82630	50.7561341862045	33.8461240280225	0.46802687753323	1	1
AT4TE82635	0	0	0	1	1
AT4TE82880	6.57556666018899	6.64441263456841	-0.0557300325842396	1	1
AT4TE82980	0	0	0	1	1
AT4TE82985	0	0	0	1	1
AT4TE82990	0	0	0	1	1
AT4TE83060	0	0	0	1	1
AT4TE83080	1668.02246613715	1501.01110163312	0.155531183290554	0.816840946652971	1
AT4TE83085	857.76894789583	1080.95955715626	-0.332006143045935	0.228038363562554	1
AT4TE83230	0	0	0	1	1
AT4TE83235	0	0	0	1	1
AT4TE83240	0	0	0	1	1
AT4TE83245	0	0	0	1	1
AT4TE83650	76.7474655656416	96.1389218180639	-0.325291649147375	0.836501289022298	1
AT4TE83655	0	0	0	1	1
AT4TE83660	24.8206615215963	39.4829949567375	-0.624368771266156	0.761182690918237	1
AT4TE83770	8327.0064018953	5968.32645212466	0.482500388748283	0.00348158861746799	1
AT4TE83950	74.3310443417028	59.9527844154427	0.324630726287259	0.736299636405539	1
AT4TE83955	0	0	0	1	1
AT4TE84050	71.7087330175985	33.812605651934	1.08962548845686	0.353802070158952	1
AT4TE84055	517.210430902468	703.652234830291	-0.448229787558633	0.604897578149878	1
AT4TE84100	0	0	0	1	1
AT4TE84220	21.8081743190441	35.222240105291	-0.594891541923341	1	1
AT4TE84225	6.91857107477358	3.81014072748294	0.78820378282858	0.999999999999999	1
AT4TE84230	0	0	0	1	1
AT4TE84235	0	0	0	1	1
AT4TE84330	0	0	0	1	1
AT4TE84335	0	12.1616433053992	-3.20159067338937	0.501869990979828	1
AT4TE84480	0	0	0	1	1
AT4TE84485	0	0	0	1	1
AT4TE84490	0	0	0	1	1
AT4TE84495	0	0	0	1	1
AT4TE84530	0	0	0	1	1
AT4TE84570	0	0	0	1	1
AT4TE84640	0	0	0	1	1
AT4TE84645	0	0	0	1	1
AT4TE84920	0	0	0	1	1
AT4TE84925	0	0	0	1	1
AT4TE84980	10.2237309623849	54.7022301388681	-2.13256826622636	0.223796103664988	1
AT4TE84985	0	0	0	1	1
AT4TE85020	3051.64751711686	2824.55329792991	0.11993408188069	0.77441384529717	1
AT4TE85060	0	0	0	1	1
AT4TE85180	0	0	0	1	1
AT4TE85270	0	0	0	1	1
AT4TE85275	0	0	0	1	1
AT4TE85370	1204.76302076492	1061.6735202545	0.1799090745113	0.561996853239774	1
AT4TE85390	0	0	0	1	1
AT4TE85395	0	0	0	1	1
AT4TE85400	0	0	0	1	1
AT4TE85580	0	0	0	1	1
AT4TE85600	0	0	0	1	1
AT4TE85605	0	0	0	1	1
AT4TE85800	0	0	0	1	1
AT4TE85890	1544.32852435014	1590.99932226237	-0.0260024038748828	1	1
AT4TE85940	2943.65790698898	2695.3308434555	0.121360008233875	0.605849823525682	1
AT4TE86010	0	0	0	1	1
AT4TE86060	0	0	0	1	1
AT4TE86065	0	0	0	1	1
AT4TE86130	337.519240830114	355.106546237761	-0.0686352105040023	1	1
AT4TE86210	158.577615969601	80.7062075478635	0.905140594856893	0.36177616814103	1
AT4TE86215	275.576020940648	0	2.29417294280698	1	1
AT4TE86240	0	0	0	1	1
AT4TE86245	0	0	0	1	1
AT4TE86250	0	60.6189957183322	-2.35098260281201	0.999999999999998	1
AT4TE86310	0	0	0	1	1
AT4TE86315	0	0	0	1	1
AT4TE86440	0	36.889849368064	-4.45470081740035	0.106630571145638	1
AT4TE86445	0	0	0	1	1
AT4TE86680	0	0	0	1	1
AT4TE87430	0	0	0	1	1
AT4TE87510	0	0	0	1	1
AT4TE87560	0	0	0	1	1
AT4TE88170	6.93669617928404	0	2.29417294279516	0.999999999999998	1
AT4TE88330	0	16.6552191206309	-3.20276747769096	0.502192552279001	1
AT4TE88410	0	31.7391911544098	-3.73545602569232	0.253985660597492	1
AT4TE88415	0	0	0	1	1
AT4TE88420	0	0	0	1	1
AT4TE88425	0	0	0	1	1
AT4TE88430	410.197082575488	412.706518677027	-0.0149482086931767	1	1
AT4TE88435	0	0	0	1	1
AT4TE88445	0	0	0	1	1
AT4TE88500	922.45696225025	1904.01625218117	-1.04783214085552	0.111645784916142	1
AT4TE88690	0	0	0	1	1
AT4TE89010	0	0	0	1	1
AT4TE89030	629.93532991266	646.409603689884	-0.0644536904837392	1	1
AT4TE89080	0	0	0	1	1
AT4TE89085	0	0	0	1	1
AT4TE89150	0	0	0	1	1
AT4TE89210	0	0	0	1	1
AT4TE89240	363.036822786875	300.913009947577	0.281292294124641	0.62808734600045	1
AT4TE89320	30.7776202867795	0	2.29434778141508	0.999999999999996	1
AT4TE89325	0	0	0	1	1
AT4TE89330	0	0	0	1	1
AT4TE89335	0	0	0	1	1
AT4TE89340	0	0	0	1	1
AT4TE89380	0	0	0	1	1
AT4TE89385	0	0	0	1	1
AT4TE89390	77.3303577091781	290.479996973535	-1.75494003314988	0.187936986748022	1
AT4TE89430	0	0	0	1	1
AT4TE89590	0	0	0	1	1
AT4TE89595	0	0	0	1	1
AT4TE89600	256.480169056495	0	2.29434778142156	1	1
AT4TE89640	0	0	0	1	1
AT4TE89645	0	0	0	1	1
AT4TE89650	0	0	0	1	1
AT4TE89730	201.281111333039	195.084417119917	0.0449608638582724	1	1
AT4TE89735	0	0	0	1	1
AT4TE89790	1163.41361133823	1071.67907980165	0.10465886363241	0.932170207322175	1
AT4TE89810	0	0	0	1	1
AT4TE89815	0	0	0	1	1
AT4TE89900	78.8270743100009	43.411022740225	0.788203778105791	0.999999999999999	1
AT4TE89905	14.4578834515761	0	3.6681460027872	0.253792389012246	1
AT4TE89910	0	0	0	1	1
AT4TE90020	46.1651270738845	15.3923327866133	1.31861623583152	0.627807362450086	1
AT4TE90090	0	0	0	1	1
AT4TE90095	0	0	0	1	1
AT4TE90100	0	0	0	1	1
AT4TE90110	244.494577882245	342.217647238353	-0.479369666809271	0.384321081831416	1
AT4TE90115	7362.6438405768	7561.57822928609	-0.0348373926932744	0.91481212861031	1
AT4TE90140	0	28.7612603242821	-2.34990268081511	1	1
AT4TE90160	0	0	0	1	1
AT5TE00010	0	0	0	1	1
AT5TE00070	19.4941236678272	0	2.29417294278334	1	1
AT5TE00130	0	0	0	1	1
AT5TE00200	0	0	0	1	1
AT5TE00230	0	0	0	1	1
AT5TE00390	0	0	0	1	1
AT5TE00395	0	0	0	1	1
AT5TE00400	0	0	0	1	1
AT5TE00430	0	0	0	1	1
AT5TE00480	0	0	0	1	1
AT5TE00530	199.790917800485	137.197562141809	0.4903954478751	0.758333222195612	1
AT5TE00550	1412.25946742377	1937.37259306891	-0.464438526947456	0.279414960744875	1
AT5TE00680	16.5471076810642	54.2637784252812	-1.44106178420398	0.628919078985644	1
AT5TE00750	9.76275758565902	0	2.29417294277153	0.99999999999999	1
AT5TE00870	0	0	0	1	1
AT5TE00990	0	0	0	1	1
AT5TE01120	0	0	0	1	1
AT5TE01180	50.006261328991	72.6154271790125	-0.480103241866854	0.812658345129651	1
AT5TE01185	0	0	0	1	1
AT5TE01220	0	0	0	1	1
AT5TE01225	0	0	0	1	1
AT5TE01230	0	0	0	1	1
AT5TE01235	0	0	0	1	1
AT5TE01245	0	0	0	1	1
AT5TE01250	0	0	0	1	1
AT5TE01255	0	0	0	1	1
AT5TE01260	0	0	0	1	1
AT5TE01265	0	0	0	1	1
AT5TE01270	0	0	0	1	1
AT5TE01410	0	0	0	1	1
AT5TE01500	0	0	0	1	1
AT5TE01700	0	0	0	1	1
AT5TE01705	16.5558218401763	34.8370107691245	-0.981853286955964	0.690631734646217	1
AT5TE01760	0	0	0	1	1
AT5TE01820	0	0	0	1	1
AT5TE01870	10.9831022838664	35.4774737292424	-1.43965566210284	0.627824143062947	1
AT5TE01950	0	0	0	1	1
AT5TE02190	0	0	0	1	1
AT5TE02230	1282.21229228767	1568.12025248207	-0.284371571300715	0.506081383488985	1
AT5TE02440	0	0	0	1	1
AT5TE02445	0	0	0	1	1
AT5TE02450	0	0	0	1	1
AT5TE02560	0	0	0	1	1
AT5TE02565	0	25.4875322906624	-2.35098260262065	0.999999999999996	1
AT5TE02570	0	0	0	1	1
AT5TE02575	0	0	0	1	1
AT5TE02700	0	0	0	1	1
AT5TE02705	0	0	0	1	1
AT5TE02710	0	0	0	1	1
AT5TE02715	0	0	0	1	1
AT5TE02720	0	0	0	1	1
AT5TE02810	0	17.0644803595322	-2.34990268069541	1	1
AT5TE02870	0	0	0	1	1
AT5TE02875	0	0	0	1	1
AT5TE02940	0	0	0	1	1
AT5TE03020	0	0	0	1	1
AT5TE03030	17885.8156675346	17484.1928938992	0.0354801290689147	0.793669097766668	1
AT5TE03440	0	0	0	1	1
AT5TE03660	0	0	0	1	1
AT5TE03750	0	0	0	1	1
AT5TE03860	0	0	0	1	1
AT5TE03865	0	0	0	1	1
AT5TE03875	0	0	0	1	1
AT5TE03880	11.7153091027908	0	3.1389642919342	0.502157775441461	1
AT5TE03885	0	0	0	1	1
AT5TE03930	0	0	0	1	1
AT5TE03980	0	0	0	1	1
AT5TE03985	0	0	0	1	1
AT5TE03990	0	0	0	1	1
AT5TE04040	0	0	0	1	1
AT5TE04060	0	0	0	1	1
AT5TE04065	0	0	0	1	1
AT5TE04240	1069.86711071774	774.12063445983	0.46429696883355	0.232670075523457	1
AT5TE04245	456.382595885326	473.858632911091	-0.0560041946709286	0.75990887849754	1
AT5TE04250	297.008903819963	243.758775455836	0.239315419142976	1	1
AT5TE04290	12.0427331875787	0	3.66838837425058	0.252813286619613	1
AT5TE04360	697.233120708572	703.981525251033	-0.0255936766183345	1	1
AT5TE04420	0	0	0	1	1
AT5TE04425	0	0	0	1	1
AT5TE04430	0	0	0	1	1
AT5TE04520	3781.82273177743	3672.81627823056	0.0447130132799709	0.896281731829404	1
AT5TE04700	0	0	0	1	1
AT5TE04730	186.531032041088	203.900258325299	-0.0566342437028437	1	1
AT5TE04735	0	0	0	1	1
AT5TE04745	0	0	0	1	1
AT5TE04750	0	0	0	1	1
AT5TE04820	105.669762882916	113.199800569606	-0.0654110341268483	1	1
AT5TE04850	0	0	0	1	1
AT5TE04880	0	0	0	1	1
AT5TE04885	0	0	0	1	1
AT5TE04910	0	0	0	1	1
AT5TE05100	0	0	0	1	1
AT5TE05190	516.634406265469	207.153495598819	1.33676511651141	0.0347717122211815	1
AT5TE05195	939.861270619242	572.957940647345	0.688704215065824	0.371409691138948	1
AT5TE05270	0	0	0	1	1
AT5TE05380	0	0	0	1	1
AT5TE05390	0	0	0	1	1
AT5TE05395	0	0	0	1	1
AT5TE05400	0	0	0	1	1
AT5TE05405	0	0	0	1	1
AT5TE05440	0	0	0	1	1
AT5TE05450	4276.36878131755	4323.45022676828	-0.0174130715696391	1	1
AT5TE05460	0	0	0	1	1
AT5TE05465	0	0	0	1	1
AT5TE05475	0	0	0	1	1
AT5TE05480	0	0	0	1	1
AT5TE05485	0	0	0	1	1
AT5TE05630	0	0	0	1	1
AT5TE05820	0	0	0	1	1
AT5TE05950	0	103.833024560544	-2.34990268057571	1	1
AT5TE05980	0	0	0	1	1
AT5TE05985	0	0	0	1	1
AT5TE06050	0	0	0	1	1
AT5TE06055	0	0	0	1	1
AT5TE06060	434.424765086227	318.246904308589	0.460346735610756	0.459402142016855	1
AT5TE06100	0	0	0	1	1
AT5TE06105	0	0	0	1	1
AT5TE06110	0	0	0	1	1
AT5TE06170	2420.94307933826	2884.25040640767	-0.246459330482191	0.537725903848467	1
AT5TE06175	22.9683733483429	12.5535606804755	0.788314108565385	0.999999999999999	1
AT5TE06350	15.6629110874196	0	2.29434778142804	1	1
AT5TE06550	0	0	0	1	1
AT5TE06555	0	11.1384517255856	-2.34990268045601	1	1
AT5TE06565	0	0	0	1	1
AT5TE06770	0	0	0	1	1
AT5TE06860	0	0	0	1	1
AT5TE06865	0	0	0	1	1
AT5TE06870	0	0	0	1	1
AT5TE06875	0	0	0	1	1
AT5TE06880	0	0	0	1	1
AT5TE06885	0	0	0	1	1
AT5TE06890	0	0	0	1	1
AT5TE07030	130.287844080976	264.357662137096	-0.989020800624761	0.102450714234837	1
AT5TE07120	181.04482521635	287.993610272674	-0.594544609221031	1	1
AT5TE07190	0	0	0	1	1
AT5TE07195	7.20787360346123	0	2.29434778143452	1	1
AT5TE07200	0	0	0	1	1
AT5TE07210	0	0	0	1	1
AT5TE07460	0	0	0	1	1
AT5TE07520	0	5.59465611787404	-2.3499026803363	0.999999999999999	1
AT5TE07525	0	0	0	1	1
AT5TE07610	0	0	0	1	1
AT5TE07615	0	0	0	1	1
AT5TE07620	0	113.447193501335	-2.3499026802166	1	1
AT5TE07630	0	0	0	1	1
AT5TE07635	0	0	0	1	1
AT5TE07640	0	0	0	1	1
AT5TE07650	46.2814120287306	80.5705350518934	-0.793565152607106	0.236049735070925	1
AT5TE07750	0	0	0	1	1
AT5TE07755	116.363776362382	186.51014760516	-0.594652301864111	1	1
AT5TE07890	0	0	0	1	1
AT5TE07895	0	0	0	1	1
AT5TE07900	79.7720060617665	80.6072164351589	-0.0557300324269745	1	1
AT5TE07940	0	0	0	1	1
AT5TE07945	0	0	0	1	1
AT5TE07950	0	0	0	1	1
AT5TE07955	0	0	0	1	1
AT5TE08070	0	0	0	1	1
AT5TE08075	0	0	0	1	1
AT5TE08160	0	0	0	1	1
AT5TE08165	0	0	0	1	1
AT5TE08170	0	0	0	1	1
AT5TE08175	0	0	0	1	1
AT5TE08180	0	0	0	1	1
AT5TE08185	0	0	0	1	1
AT5TE08190	0	0	0	1	1
AT5TE08195	0	0	0	1	1
AT5TE08200	0	0	0	1	1
AT5TE08210	0	0	0	1	1
AT5TE08215	0	0	0	1	1
AT5TE08220	0	0	0	1	1
AT5TE08270	0	0	0	1	1
AT5TE08280	812.759248561021	699.926051950188	0.182971155228905	0.872743614144937	1
AT5TE08310	0	0	0	1	1
AT5TE08315	0	0	0	1	1
AT5TE08320	0	0	0	1	1
AT5TE08400	0	10.691358549864	-2.3499026800969	1	1
AT5TE08530	0	0	0	1	1
AT5TE08535	0	0	0	1	1
AT5TE08540	0	0	0	1	1
AT5TE08550	0	0	0	1	1
AT5TE08630	0	0	0	1	1
AT5TE08860	0	0	0	1	1
AT5TE08865	0	0	0	1	1
AT5TE08870	2.58201512472982	18.7461071184954	-2.59766991945965	0.0739834628343101	1
AT5TE08875	0	0	0	1	1
AT5TE08880	0	0	0	1	1
AT5TE09040	0	0	0	1	1
AT5TE09070	2360.82699418246	2469.53315023852	-0.0615923953527795	0.769446898653282	1
AT5TE09075	210.900975570486	182.481877914577	0.192939175436985	0.702957003935885	1
AT5TE09100	0	0	0	1	1
AT5TE09310	0	0	0	1	1
AT5TE09315	0	0	0	1	1
AT5TE09320	0	0	0	1	1
AT5TE09450	0	0	0	1	1
AT5TE09455	0	0	0	1	1
AT5TE09460	0	0	0	1	1
AT5TE09570	255.859936775147	413.106347264366	-0.700125046302007	0.347968853301302	1
AT5TE10000	0	0	0	1	1
AT5TE10005	0	0	0	1	1
AT5TE10320	0	0	0	1	1
AT5TE10350	0	0	0	1	1
AT5TE10380	1971.27383287244	2969.08094182397	-0.594300654817542	0.0274233237414762	1
AT5TE10390	0	0	0	1	1
AT5TE10430	1670.16730133649	1482.00759807374	0.165832868800828	0.526940974229159	1
AT5TE10520	0	0	0	1	1
AT5TE10525	0	0	0	1	1
AT5TE10530	0	0	0	1	1
AT5TE10535	0	0	0	1	1
AT5TE10540	0	0	0	1	1
AT5TE10545	0	0	0	1	1
AT5TE10550	0	0	0	1	1
AT5TE10555	0	0	0	1	1
AT5TE10600	0	0	0	1	1
AT5TE10660	757.679198985816	839.666083143561	-0.173009997283038	1	1
AT5TE10730	0	0	0	1	1
AT5TE10750	0	9.10274658108778	-2.3499026799772	1	1
AT5TE10810	38.7139877821125	96.323088821888	-1.25887603095692	0.542538012638407	1
AT5TE10940	0	0	0	1	1
AT5TE10980	0	0	0	1	1
AT5TE10985	0	0	0	1	1
AT5TE10990	0	0	0	1	1
AT5TE10995	0	0	0	1	1
AT5TE11030	0	0	0	1	1
AT5TE11100	0	0	0	1	1
AT5TE11220	4337.48589558041	4277.39202602052	0.0279368112615213	1	1
AT5TE11225	2103.38588042028	1623.86945675802	0.37971576725248	0.131707902483367	1
AT5TE11310	0	0	0	1	1
AT5TE11315	0	0	0	1	1
AT5TE11320	0	0	0	1	1
AT5TE11325	0	0	0	1	1
AT5TE11330	0	0	0	1	1
AT5TE11335	0	0	0	1	1
AT5TE11630	0	0	0	1	1
AT5TE11670	314.019069389139	165.19091905593	0.922064362414713	0.0255853859828068	1
AT5TE11760	0	0	0	1	1
AT5TE11790	293.260245161486	120.707470538226	1.20348436163038	0.189664436375341	1
AT5TE11820	0	258.796481720572	-2.3509826024293	0.999999999999998	1
AT5TE11825	78.2401971699646	31.3357976934633	1.15881641130773	0.459242400178915	1
AT5TE11830	155.453140017801	486.692446740488	-1.43865787356787	0.627776318544624	1
AT5TE11835	0	0	0	1	1
AT5TE11840	0	0	0	1	1
AT5TE11860	0	0	0	1	1
AT5TE11865	0	285.663488306821	-3.20159067383483	0.50187000900555	1
AT5TE11920	65505.0388862927	48026.4433780563	0.448423347915556	0.000115443882742373	0.360057925885188
AT5TE11930	0	0	0	1	1
AT5TE12180	40.5340775581916	14.9195310969731	1.31744121930492	0.627810576740206	1
AT5TE12240	0	86.2837809728462	-2.34990267985749	0.999999999999999	1
AT5TE12250	0	0	0	1	1
AT5TE12450	670.217042841586	413.30978464642	0.689482200351744	0.0533949792800368	1
AT5TE12455	367.43469458753	556.92258627928	-0.592304854517368	1	1
AT5TE12720	0	0	0	1	1
AT5TE12800	0	0	0	1	1
AT5TE12940	0	0	0	1	1
AT5TE12950	0	0	0	1	1
AT5TE12955	0	0	0	1	1
AT5TE12980	0	0	0	1	1
AT5TE13050	1998.46839835531	1542.84121637938	0.376633046370378	0.267244104442079	1
AT5TE13080	0	0	0	1	1
AT5TE13085	0	0	0	1	1
AT5TE13160	0	0	0	1	1
AT5TE13210	0	0	0	1	1
AT5TE13390	0	0	0	1	1
AT5TE13395	0	0	0	1	1
AT5TE13400	0	0	0	1	1
AT5TE13405	0	0	0	1	1
AT5TE13430	1467.26989211116	1445.05522141363	0.0369526501149688	1	1
AT5TE13510	0	0	0	1	1
AT5TE13540	0	0	0	1	1
AT5TE13600	0	0	0	1	1
AT5TE13605	0	0	0	1	1
AT5TE13610	0	0	0	1	1
AT5TE13650	0	32.3495602150715	-2.35098260223795	0.999999999999999	1
AT5TE13780	0	0	0	1	1
AT5TE13800	1817.21018459927	2651.04798950334	-0.534988442572587	0.151504075088013	1
AT5TE13805	527.373605121539	375.263864065738	0.505193088257593	0.432155478226347	1
AT5TE13960	0	0	0	1	1
AT5TE13965	0	0	0	1	1
AT5TE13975	0	23.8371534983349	-2.34990267973779	0.999999999999995	1
AT5TE14130	0	0	0	1	1
AT5TE14135	0	0	0	1	1
AT5TE14150	0	0	0	1	1
AT5TE14155	0	0	0	1	1
AT5TE14160	0	0	0	1	1
AT5TE14165	0	0	0	1	1
AT5TE14290	288.475751343266	223.99437899575	0.369671913733746	0.378779617572372	1
AT5TE14340	4287.25497781526	4360.31333526394	-0.0215829780518052	0.92039130122766	1
AT5TE14350	0	0	0	1	1
AT5TE14355	0	0	0	1	1
AT5TE14360	0	0	0	1	1
AT5TE14365	0	0	0	1	1
AT5TE14370	0	0	0	1	1
AT5TE14390	2679.37680186987	2560.16810201062	0.0618484743610077	0.88451706271025	1
AT5TE14470	0	0	0	1	1
AT5TE14540	0	0	0	1	1
AT5TE14570	7558.50853939441	6606.78295979808	0.196075868896233	0.28390194240112	1
AT5TE14760	343.17013928458	231.175413172531	0.467955355933546	1	1
AT5TE14765	1464.04960563504	1073.59579900489	0.430358182732359	0.324510360587522	1
AT5TE14820	0	0	0	1	1
AT5TE14840	0	0	0	1	1
AT5TE14845	0	0	0	1	1
AT5TE15090	0	0	0	1	1
AT5TE15095	0	0	0	1	1
AT5TE15190	0	0	0	1	1
AT5TE15220	0	0	0	1	1
AT5TE15240	1.23085863974323	1.22498469287584	-0.0555552191311225	1	1
AT5TE15245	48.8925198443085	0	2.29417294275971	0.999999999999997	1
AT5TE15250	10.6549603878634	0	2.29417294274789	0.999999999999995	1
AT5TE15340	0	0	0	1	1
AT5TE15345	0	0	0	1	1
AT5TE15350	0	0	0	1	1
AT5TE15450	0	0	0	1	1
AT5TE15460	22.8780092856387	46.2350826345062	-0.906288692012775	1	1
AT5TE15500	0	0	0	1	1
AT5TE15610	0	0	0	1	1
AT5TE15640	0	0	0	1	1
AT5TE15645	0	0	0	1	1
AT5TE15670	0	0	0	1	1
AT5TE15790	0	0	0	1	1
AT5TE15840	0	0	0	1	1
AT5TE15870	0	0	0	1	1
AT5TE15890	0	0	0	1	1
AT5TE15930	14.5155765220134	4.88918471593941	1.318372812498	0.628718932686358	1
AT5TE15935	0	0	0	1	1
AT5TE16160	0	0	0	1	1
AT5TE16165	0	0	0	1	1
AT5TE16170	0	0	0	1	1
AT5TE16175	0	0	0	1	1
AT5TE16185	0	0	0	1	1
AT5TE16270	35.334078029627	0	3.66854979096656	0.252821902954761	1
AT5TE16350	5789.19574708799	6427.42848690347	-0.14833905284	0.502071742118869	1
AT5TE16360	0	0	0	1	1
AT5TE16390	0	0	0	1	1
AT5TE16420	0	0	0	1	1
AT5TE16470	5668.68105178012	4211.62298714335	0.435444382686445	0.149128576412975	1
AT5TE16500	0	0	0	1	1
AT5TE16510	77.7909318244442	0	3.66838837352306	0.252813313149503	1
AT5TE16770	0	0	0	1	1
AT5TE16775	19.7714905482523	20.9674148806658	-0.0651901497081123	1	1
AT5TE16785	0	0	0	1	1
AT5TE16790	0	0	0	1	1
AT5TE16795	0	0	0	1	1
AT5TE16840	6442.6307635251	6925.51401852376	-0.104158109043078	0.606179050069754	1
AT5TE16890	469.037831495567	253.002634839199	0.8886759593745	0.398013908084915	1
AT5TE16930	0	0	0	1	1
AT5TE17140	0	0	0	1	1
AT5TE17145	0	0	0	1	1
AT5TE17150	0	0	0	1	1
AT5TE17230	0	0	0	1	1
AT5TE17235	0	0	0	1	1
AT5TE17300	0	2.83552824472603	-2.3509826020466	0.999999999999996	1
AT5TE17305	0	0	0	1	1
AT5TE17310	0	0	0	1	1
AT5TE17320	20767.1850002789	21132.9004767283	-0.0228495739008425	0.900468426971154	1
AT5TE17325	22.6487875382614	34.8874927035812	-0.600363247556203	0.458179592821144	1
AT5TE17330	0	0	0	1	1
AT5TE17335	0	0	0	1	1
AT5TE17340	0	0	0	1	1
AT5TE17345	0	0	0	1	1
AT5TE17350	417.088025929487	480.392293036005	-0.203932828098507	0.604553985758776	1
AT5TE17355	0	0	0	1	1
AT5TE17360	2111.85688694501	2309.85684236226	-0.119755587667522	0.811623214631538	1
AT5TE17365	4483.59363157686	4568.86407670083	-0.0222433723291925	0.931161759475482	1
AT5TE17710	0	0	0	1	1
AT5TE17730	0	0	0	1	1
AT5TE17735	0	0	0	1	1
AT5TE17760	0	0	0	1	1
AT5TE17790	0	0	0	1	1
AT5TE17795	16.5558218401763	42.321547860465	-1.28554583299364	0.459753281623347	1
AT5TE17800	0	0	0	1	1
AT5TE17830	262.100480544584	63.562414865699	1.95446969413708	0.0134337542084919	1
AT5TE17840	120.706661539464	170.651376330416	-0.481133966065966	0.3875627109396	1
AT5TE17845	0	0	0	1	1
AT5TE17910	0	9.68159499961852	-2.35098260185525	1	1
AT5TE17915	2266.06793284861	0	5.3238847730745	0.00226940994686666	1
AT5TE17950	0	0	0	1	1
AT5TE17955	0	0	0	1	1
AT5TE17960	0	0	0	1	1
AT5TE17965	0	0	0	1	1
AT5TE18090	0	0	0	1	1
AT5TE18210	181.354213588379	140.600040169474	0.333703347050797	0.795278765844404	1
AT5TE18215	192.360126792372	401.714280431467	-0.981699753824003	0.690982662750112	1
AT5TE18290	0	0	0	1	1
AT5TE18295	0	0	0	1	1
AT5TE18390	0	0	0	1	1
AT5TE18410	0	0	0	1	1
AT5TE18415	0	0	0	1	1
AT5TE18460	0	0	0	1	1
AT5TE18465	0	0	0	1	1
AT5TE18470	0	0	0	1	1
AT5TE18475	0	0	0	1	1
AT5TE18480	26.7631480754604	0	2.294347781441	0.999999999999999	1
AT5TE18530	194.852975117555	233.000724537616	-0.267041499247196	0.774670584872712	1
AT5TE18535	0	0	0	1	1
AT5TE18540	0	0	0	1	1
AT5TE18545	0	0	0	1	1
AT5TE18550	1827.81024609391	1542.94884201326	0.221731577594006	0.827323201975282	1
AT5TE18580	0	0	0	1	1
AT5TE18585	0	0	0	1	1
AT5TE18590	0	0	0	1	1
AT5TE18620	0	0	0	1	1
AT5TE18625	0	0	0	1	1
AT5TE18880	0	0	0	1	1
AT5TE18885	0	0	0	1	1
AT5TE18890	0	0	0	1	1
AT5TE18895	0	0	0	1	1
AT5TE18900	0	0	0	1	1
AT5TE18905	0	0	0	1	1
AT5TE18930	200.888670096092	712.932362029643	-1.72488540839061	0.0993966253781003	1
AT5TE18970	165.908349513853	152.164568920916	0.0998968592998868	1	1
AT5TE18975	141.856118589742	173.764887302769	-0.316589115215934	1	1
AT5TE18980	224.543424470158	476.105813844702	-0.907412107434962	1	1
AT5TE19060	3621.1647998917	4082.46963096319	-0.165232581349192	0.669277088551288	1
AT5TE19065	0	0	0	1	1
AT5TE19110	879.811056010595	195.680468277103	2.06571168357563	0.0155763535969992	1
AT5TE19380	0	0	0	1	1
AT5TE19450	0	0	0	1	1
AT5TE19455	0	0	0	1	1
AT5TE19460	1162.16392875618	1428.31744153411	-0.287354425577521	0.849956449573581	1
AT5TE19470	10.0209462160236	0	2.29417294273607	1	1
AT5TE19475	0	0	0	1	1
AT5TE19485	359.358721119122	98.9515959519834	1.70393930636154	0.379440821801747	1
AT5TE19490	31.6533588550522	0	3.13915052774058	0.501872714176222	1
AT5TE19520	2270.42251999608	1999.9946940254	0.182850566442696	0.114636486842506	1
AT5TE19530	175.801388748923	145.223924994278	0.319762786150362	0.999999999999999	1
AT5TE19590	0	0	0	1	1
AT5TE19640	0	0	0	1	1
AT5TE19645	0	2.91538497605497	-2.3509826016639	0.999999999999997	1
AT5TE19650	0	0	0	1	1
AT5TE19655	0	0	0	1	1
AT5TE19690	0	0	0	1	1
AT5TE19695	0	0	0	1	1
AT5TE19700	0	0	0	1	1
AT5TE19890	2315.3149465228	1819.92862415056	0.341663664241667	0.593425198430444	1
AT5TE19990	2762.07968940332	2320.64727139017	0.246140016774918	0.302580095625662	1
AT5TE20160	14.7614485787911	0	2.29434778144748	1	1
AT5TE20200	0	0	0	1	1
AT5TE20220	0	0	0	1	1
AT5TE20250	0	0	0	1	1
AT5TE20255	0	0	0	1	1
AT5TE20260	0	0	0	1	1
AT5TE20300	589.947441793521	302.495829782543	0.890862789931373	0.397750425582901	1
AT5TE20310	0	0	0	1	1
AT5TE20315	0	0	0	1	1
AT5TE20320	0	0	0	1	1
AT5TE20325	0	0	0	1	1
AT5TE20330	0	0	0	1	1
AT5TE20380	0	0	0	1	1
AT5TE20385	0	0	0	1	1
AT5TE20395	0	0	0	1	1
AT5TE20420	0	0	0	1	1
AT5TE20425	0	0	0	1	1
AT5TE20430	0	0	0	1	1
AT5TE20435	0	275.332514565037	-4.11755473404152	0.130169042243424	1
AT5TE20440	0	0	0	1	1
AT5TE20490	0	0	0	1	1
AT5TE20610	0	0	0	1	1
AT5TE20620	0	0	0	1	1
AT5TE20625	0	0	0	1	1
AT5TE20630	0	1.33057317079986	-2.35098260147255	1	1
AT5TE20635	0	0	0	1	1
AT5TE20645	0	0	0	1	1
AT5TE20650	0	0	0	1	1
AT5TE20655	0	0	0	1	1
AT5TE20660	0	0	0	1	1
AT5TE20680	0	0	0	1	1
AT5TE20840	0	0	0	1	1
AT5TE20920	0	0	0	1	1
AT5TE20925	0	0	0	1	1
AT5TE20930	0	0	0	1	1
AT5TE20935	0	0	0	1	1
AT5TE20970	382.488244049608	276.661424732211	0.450296003084946	0.536766397339133	1
AT5TE20980	7.2260696790158	16.0398296179616	-0.908597466011092	1	1
AT5TE21020	232.607380425006	171.877333605298	0.432219825976113	0.290400030803194	1
AT5TE21080	2424.21130603194	3394.65176104264	-0.483131211230013	0.132625744239009	1
AT5TE21130	0	0	0	1	1
AT5TE21135	0	0	0	1	1
AT5TE21140	0	0	0	1	1
AT5TE21145	10.1744199295139	0	3.13933727200694	0.502159125774377	1
AT5TE21155	0	0	0	1	1
AT5TE21165	0	0	0	1	1
AT5TE21170	0	0	0	1	1
AT5TE21175	0	0	0	1	1
AT5TE21240	0	0	0	1	1
AT5TE21245	0	0	0	1	1
AT5TE21300	387.548208929561	299.700085624406	0.356999228087246	0.652332742998393	1
AT5TE21305	71.1202562692543	100.428548206353	-0.469345469165026	0.797612117132183	1
AT5TE21310	0	0	0	1	1
AT5TE21400	0	0	0	1	1
AT5TE21405	0	0	0	1	1
AT5TE21420	0	0	0	1	1
AT5TE21425	0	0	0	1	1
AT5TE21430	1742.92824742411	1460.06052746705	0.254176013498008	0.261891451034048	1
AT5TE21590	0	0	0	1	1
AT5TE21595	0	0	0	1	1
AT5TE21600	0	0	0	1	1
AT5TE21620	0	0	0	1	1
AT5TE21625	0	0	0	1	1
AT5TE21630	4.41242537168432	4.89716777637181	-0.0568092722915267	1	1
AT5TE21635	0	0	0	1	1
AT5TE21810	0	0	0	1	1
AT5TE21815	0	0	0	1	1
AT5TE21820	0	0	0	1	1
AT5TE21890	0	0	0	1	1
AT5TE21895	0	0	0	1	1
AT5TE21905	0	0	0	1	1
AT5TE21970	26.7805736407466	20.8811940845754	0.321862317012162	0.999999999999999	1
AT5TE21975	0	0	0	1	1
AT5TE21980	0	0	0	1	1
AT5TE21985	0	0	0	1	1
AT5TE21990	0	0	0	1	1
AT5TE22120	0	0	0	1	1
AT5TE22125	0	0	0	1	1
AT5TE22130	0	0	0	1	1
AT5TE22160	0	0	0	1	1
AT5TE22165	0	0	0	1	1
AT5TE22170	0	0	0	1	1
AT5TE22175	0	0	0	1	1
AT5TE22260	0	8.11665684527729	-2.3509826012812	1	1
AT5TE22300	3025.45818542194	3614.47200728701	-0.251843907297648	0.479137723263142	1
AT5TE22360	0	0	0	1	1
AT5TE22365	29.411564307868	37.4500027830014	-0.369555229625191	0.999999999999998	1
AT5TE22430	0	0	0	1	1
AT5TE22435	0	0	0	1	1
AT5TE22440	0	0	0	1	1
AT5TE22445	6.92085897339527	0	2.29417294272425	0.999999999999999	1
AT5TE22490	0	0	0	1	1
AT5TE22495	0	0	0	1	1
AT5TE22500	0	0	0	1	1
AT5TE22505	0	0	0	1	1
AT5TE22520	0	0	0	1	1
AT5TE22580	0	0	0	1	1
AT5TE22810	471.121040395027	172.530987813715	1.31760185187085	0.627818551338591	1
AT5TE22815	0	0	0	1	1
AT5TE22820	0	0	0	1	1
AT5TE22880	0	0	0	1	1
AT5TE22890	0	0	0	1	1
AT5TE22900	40.496868798394	0	2.29434778145396	0.999999999999995	1
AT5TE22990	0	0	0	1	1
AT5TE22995	0	0	0	1	1
AT5TE23000	0	0	0	1	1
AT5TE23120	0	0	0	1	1
AT5TE23125	0	0	0	1	1
AT5TE23130	0	0	0	1	1
AT5TE23170	0	0	0	1	1
AT5TE23175	0	0	0	1	1
AT5TE23185	6.13082291510846	2.68879461527867	1.15668884460531	0.461290003574044	1
AT5TE23190	0	0	0	1	1
AT5TE23200	13.2376861448514	43.411022740225	-1.44106167999409	0.628918876559035	1
AT5TE23230	0	0	0	1	1
AT5TE23235	0	0	0	1	1
AT5TE23240	0	0	0	1	1
AT5TE23245	0	0	0	1	1
AT5TE23280	0	0	0	1	1
AT5TE23285	2.3743094671687	0	3.13915052775177	0.50187273141039	1
AT5TE23310	47.1745039306955	0	3.13915052776296	0.501872748644927	1
AT5TE23315	0	0	0	1	1
AT5TE23320	0	0	0	1	1
AT5TE23325	0	0	0	1	1
AT5TE23330	0	0	0	1	1
AT5TE23335	0	0	0	1	1
AT5TE23340	0	0	0	1	1
AT5TE23345	0	0	0	1	1
AT5TE23370	0	0	0	1	1
AT5TE23375	0	0	0	1	1
AT5TE23380	0	0	0	1	1
AT5TE23410	0	0	0	1	1
AT5TE23430	0	0	0	1	1
AT5TE23435	0	0	0	1	1
AT5TE23440	0	0	0	1	1
AT5TE23500	0	0	0	1	1
AT5TE23510	394.135371550005	1263.4558386156	-1.53991212114486	0.296227233911935	1
AT5TE23515	0	0	0	1	1
AT5TE23525	188.462566791179	129.418318927583	0.490395457459753	0.758333280815526	1
AT5TE23530	0	0	0	1	1
AT5TE23535	0	0	0	1	1
AT5TE23540	3808.08838225515	4018.00102271323	-0.0715493641650599	0.826725356929637	1
AT5TE23580	15.3874935550616	0	2.29417294271243	0.999999999999997	1
AT5TE23660	170.986779370997	170.170790252002	-0.055555218946905	1	1
AT5TE23665	0	0	0	1	1
AT5TE23670	0	0	0	1	1
AT5TE24010	0	0	0	1	1
AT5TE24015	0	0	0	1	1
AT5TE24020	0	0	0	1	1
AT5TE24025	0	0	0	1	1
AT5TE24030	0	0	0	1	1
AT5TE24035	0	0	0	1	1
AT5TE24040	0	0	0	1	1
AT5TE24045	0	0	0	1	1
AT5TE24050	0	0	0	1	1
AT5TE24055	0	0	0	1	1
AT5TE24150	0	0	0	1	1
AT5TE24155	0	0	0	1	1
AT5TE24160	0	0	0	1	1
AT5TE24260	100.529269854205	73.6634488703377	0.3997061350078	0.780368210628453	1
AT5TE24290	0	46.4102155232733	-2.34990267961809	1	1
AT5TE24295	0	0	0	1	1
AT5TE24300	0	0	0	1	1
AT5TE24400	4734.09224386981	4179.06639215759	0.182141633682211	0.227500821351503	1
AT5TE24500	0	0	0	1	1
AT5TE24520	22.2892369878465	0	2.29417294270061	1	1
AT5TE24750	84.2037841763091	0	3.13896429384623	0.502157752801363	1
AT5TE24780	249.469664147299	487.44566379635	-0.912826654279961	0.576057326307892	1
AT5TE24830	0	0	0	1	1
AT5TE24970	1911.54311752308	1601.78537280573	0.239822591386013	0.616533073123789	1
AT5TE24980	0	0	0	1	1
AT5TE24985	0	0	0	1	1
AT5TE24990	0	0	0	1	1
AT5TE25060	0	0	0	1	1
AT5TE25065	0	0	0	1	1
AT5TE25080	0	0	0	1	1
AT5TE25085	0	0	0	1	1
AT5TE25100	0	269.148340989395	-3.20276746123928	0.502192522361985	1
AT5TE25110	0	0	0	1	1
AT5TE25115	0	0	0	1	1
AT5TE25130	0	0	0	1	1
AT5TE25140	2561.37501307925	2044.40757225031	0.319075322019463	0.433853475067567	1
AT5TE25310	0	0	0	1	1
AT5TE25350	0	0	0	1	1
AT5TE25355	0	0	0	1	1
AT5TE25390	52254.7822686767	57451.1344506661	-0.135890568383319	0.436326893078392	1
AT5TE25395	0	0	0	1	1
AT5TE25400	0	0	0	1	1
AT5TE25405	0	0	0	1	1
AT5TE25430	2855.73232226616	3003.05233298086	-0.0772391405798651	0.739630157060001	1
AT5TE25450	0	0	0	1	1
AT5TE25460	1.8766010505657	3.7924980080925	-0.972107059890825	0.689830796733084	1
AT5TE25465	0	0	0	1	1
AT5TE25470	0	0	0	1	1
AT5TE25475	0	0	0	1	1
AT5TE25480	0	0	0	1	1
AT5TE25510	0	0	0	1	1
AT5TE25520	0	0	0	1	1
AT5TE25525	0	0	0	1	1
AT5TE25530	0	0	0	1	1
AT5TE25535	0	0	0	1	1
AT5TE25540	0	0	0	1	1
AT5TE25545	0	0	0	1	1
AT5TE25580	31.248584445141	10.4452658978211	1.40995865979208	0.296031918260276	1
AT5TE25585	0	0	0	1	1
AT5TE25590	0	0	0	1	1
AT5TE25595	0	0	0	1	1
AT5TE25600	0	0	0	1	1
AT5TE25605	553.496779170731	256.650847573561	1.07744494220006	0.115157656562256	1
AT5TE25615	997.107147926214	1185.98790475437	-0.24712078501591	0.359121756800971	1
AT5TE25660	108.676524283208	128.449947197098	-0.233270921476362	1	1
AT5TE25720	0	0	0	1	1
AT5TE25725	0	20.8966103252636	-2.35098260108985	1	1
AT5TE25790	708.200923220087	975.091283343914	-0.440006446766238	0.689213013775671	1
AT5TE25795	0	0	0	1	1
AT5TE25800	0	0	0	1	1
AT5TE25870	0	0	0	1	1
AT5TE25875	0	0	0	1	1
AT5TE25940	0	0	0	1	1
AT5TE25945	0	0	0	1	1
AT5TE25950	8.49037801014606	26.1806971350056	-1.43849523178291	0.627778046372035	1
AT5TE25960	0	0	0	1	1
AT5TE25965	0	0	0	1	1
AT5TE25970	0	0	0	1	1
AT5TE25975	0	0	0	1	1
AT5TE26050	2801.52941006734	1910.95879840734	0.54248965224432	0.165430168934014	1
AT5TE26080	0	0	0	1	1
AT5TE26085	0	0	0	1	1
AT5TE26090	0	0	0	1	1
AT5TE26160	0	0	0	1	1
AT5TE26165	0	0	0	1	1
AT5TE26210	0	0	0	1	1
AT5TE26350	7733.03764736035	8028.82041692237	-0.0544290172886199	0.780958238579682	1
AT5TE26390	0	0	0	1	1
AT5TE26395	0	0	0	1	1
AT5TE26405	0	0	0	1	1
AT5TE26410	0	0	0	1	1
AT5TE26450	0	0	0	1	1
AT5TE26455	0	0	0	1	1
AT5TE26460	0	0	0	1	1
AT5TE26465	0	0	0	1	1
AT5TE26470	0	0	0	1	1
AT5TE26475	0	0	0	1	1
AT5TE26485	0	0	0	1	1
AT5TE26490	0	0	0	1	1
AT5TE26550	0	0	0	1	1
AT5TE26555	0	11.2200521045276	-2.34990267949839	1	1
AT5TE26565	0	0	0	1	1
AT5TE26570	0	0	0	1	1
AT5TE26575	0	0	0	1	1
AT5TE26580	0	0	0	1	1
AT5TE26585	0	0	0	1	1
AT5TE26595	0	0	0	1	1
AT5TE26690	928.537620784008	424.031824492359	1.10824123496964	0.00926322528891633	1
AT5TE26695	0	0	0	1	1
AT5TE26790	0	0	0	1	1
AT5TE26795	0	0	0	1	1
AT5TE26800	0	0	0	1	1
AT5TE26805	0	0	0	1	1
AT5TE26810	0	0	0	1	1
AT5TE26815	0	0	0	1	1
AT5TE26820	0	10.1426298825697	-2.34990267937868	1	1
AT5TE26825	0	0	0	1	1
AT5TE26870	0	0	0	1	1
AT5TE26970	0	0	0	1	1
AT5TE27000	0	0	0	1	1
AT5TE27040	0	0	0	1	1
AT5TE27045	201.059382235754	50.2143315497711	1.70512723034582	0.37998261350818	1
AT5TE27060	0	0	0	1	1
AT5TE27065	0	0	0	1	1
AT5TE27070	0	0	0	1	1
AT5TE27075	0	0	0	1	1
AT5TE27080	0	0	0	1	1
AT5TE27085	1731.71289232207	1292.12866363131	0.4004855574238	0.365875209163386	1
AT5TE27090	0	0	0	1	1
AT5TE27100	0	0	0	1	1
AT5TE27105	0	0	0	1	1
AT5TE27110	0	0	0	1	1
AT5TE27115	0	210.735360226343	-3.2015906742803	0.501870027031684	1
AT5TE27150	0	0	0	1	1
AT5TE27155	0	0	0	1	1
AT5TE27160	0	0	0	1	1
AT5TE27170	0	0	0	1	1
AT5TE27200	6.45910184402507	0	2.29434778146044	1	1
AT5TE27210	0	0	0	1	1
AT5TE27220	3828.5621170825	4079.57109896318	-0.0854177910186795	0.748335664349602	1
AT5TE27225	7030.24506570618	7985.69303005305	-0.189322346424182	0.55595731759608	1
AT5TE27490	0	0	0	1	1
AT5TE27495	0	0	0	1	1
AT5TE27520	40.5347010437488	34.7586182606033	0.237358166746389	0.999999999999999	1
AT5TE27525	0	0	0	1	1
AT5TE27535	0	0	0	1	1
AT5TE27590	122.036042949064	211.183166810521	-0.791693928926042	0.252995872864524	1
AT5TE27595	0	0	0	1	1
AT5TE27600	0	0	0	1	1
AT5TE27605	0	0	0	1	1
AT5TE27610	0	9.11749122592801	-2.3509826008985	0.999999999999998	1
AT5TE27620	0	0	0	1	1
AT5TE27625	0	0	0	1	1
AT5TE27630	0	0	0	1	1
AT5TE27640	0	0	0	1	1
AT5TE27645	0	0	0	1	1
AT5TE27650	0	0	0	1	1
AT5TE27655	0	0	0	1	1
AT5TE27660	0	0	0	1	1
AT5TE27670	0	0	0	1	1
AT5TE27740	0	0	0	1	1
AT5TE27810	0	0	0	1	1
AT5TE27815	0	0	0	1	1
AT5TE27825	4.13122419956771	0	2.29434778146692	0.999999999999993	1
AT5TE27830	0	0	0	1	1
AT5TE27835	0	0	0	1	1
AT5TE27840	0	0	0	1	1
AT5TE27845	0	0	0	1	1
AT5TE27850	0	0	0	1	1
AT5TE27855	0	0	0	1	1
AT5TE27860	0	0	0	1	1
AT5TE27865	130.235554923307	156.76654846106	-0.254530068289051	1	1
AT5TE27875	0	0	0	1	1
AT5TE27880	0	0	0	1	1
AT5TE27885	0	0	0	1	1
AT5TE27890	0	0	0	1	1
AT5TE27895	0	0	0	1	1
AT5TE27900	0	0	0	1	1
AT5TE27905	0	0	0	1	1
AT5TE27910	0	0	0	1	1
AT5TE27915	0	0	0	1	1
AT5TE27920	0	0	0	1	1
AT5TE28010	0	0	0	1	1
AT5TE28070	0	0	0	1	1
AT5TE28075	46.6327580102719	50.9750645813248	-0.0566342435768593	1	1
AT5TE28140	0	120.155509370266	-2.35098260070715	1	1
AT5TE28145	0	0	0	1	1
AT5TE28210	0	0	0	1	1
AT5TE28220	133.311112134576	36.5690680692113	1.70404745455392	0.380000959487404	1
AT5TE28225	0	0	0	1	1
AT5TE28240	0	39.311489216535	-3.20159067472578	0.501870045058229	1
AT5TE28270	0	8.20100193985552	-2.34990267925898	0.999999999999995	1
AT5TE28275	0	0	0	1	1
AT5TE28280	0	0	0	1	1
AT5TE28285	0	0	0	1	1
AT5TE28290	0	0	0	1	1
AT5TE28295	0	0	0	1	1
AT5TE28300	0	0	0	1	1
AT5TE28305	0	0	0	1	1
AT5TE28310	0	0	0	1	1
AT5TE28330	0	0	0	1	1
AT5TE28335	0	0	0	1	1
AT5TE28340	0	0	0	1	1
AT5TE28350	0	0	0	1	1
AT5TE28355	0	0	0	1	1
AT5TE28360	0	0	0	1	1
AT5TE28390	0	0	0	1	1
AT5TE28400	0	0	0	1	1
AT5TE28470	0	0	0	1	1
AT5TE28480	761.70287411435	669.523800719112	0.188077750166508	0.837642089749357	1
AT5TE28500	0	67.9667527750997	-2.3509826005158	0.999999999999994	1
AT5TE28530	0	0	0	1	1
AT5TE28560	0	0	0	1	1
AT5TE28620	0	0	0	1	1
AT5TE28625	0	0	0	1	1
AT5TE28635	0	0	0	1	1
AT5TE28730	0	0	0	1	1
AT5TE28735	0	0	0	1	1
AT5TE28740	0	0	0	1	1
AT5TE28750	6999.04121766767	8055.21035458639	-0.207549267707201	0.551882262188485	1
AT5TE28780	0	0	0	1	1
AT5TE28785	0	0	0	1	1
AT5TE28790	0	0	0	1	1
AT5TE28850	0	0	0	1	1
AT5TE28855	0	0	0	1	1
AT5TE28860	0	0	0	1	1
AT5TE28865	0	0	0	1	1
AT5TE28890	0	0	0	1	1
AT5TE28930	0	0	0	1	1
AT5TE28935	0	0	0	1	1
AT5TE28945	0	61.8802873643644	-2.34990267913928	0.999999999999998	1
AT5TE28950	0	0	0	1	1
AT5TE28955	281.539017593823	351.500100423686	-0.318011370859929	1	1
AT5TE28960	81.7641487758731	40.8409896604805	0.854581016507349	0.691452899987846	1
AT5TE29000	23.951455476093	0	2.2943477814734	1	1
AT5TE29005	1535.63034264725	1773.37435321092	-0.209290938674021	0.60755861727773	1
AT5TE29050	0	0	0	1	1
AT5TE29060	496.975955455584	566.86356864577	-0.193244911390396	0.661645962533773	1
AT5TE29070	731.697860575754	538.919589909711	0.425353314423897	0.473729293703972	1
AT5TE29230	0	0	0	1	1
AT5TE29235	128.993031078601	71.5820055822859	0.787943030199436	1	1
AT5TE29240	0	0	0	1	1
AT5TE29245	0	0	0	1	1
AT5TE29250	0	0	0	1	1
AT5TE29260	0	0	0	1	1
AT5TE29265	0	0	0	1	1
AT5TE29300	0	0	0	1	1
AT5TE29370	0	0	0	1	1
AT5TE29375	0	0	0	1	1
AT5TE29380	0	0	0	1	1
AT5TE29385	0	0	0	1	1
AT5TE29390	0	0	0	1	1
AT5TE29440	0	0	0	1	1
AT5TE29480	0	0	0	1	1
AT5TE29485	0	0	0	1	1
AT5TE29490	0	0	0	1	1
AT5TE29520	0	7.30587244813776	-2.35098260032445	1	1
AT5TE29530	0	0	0	1	1
AT5TE29550	0	0	0	1	1
AT5TE29555	0	0	0	1	1
AT5TE29560	0	0	0	1	1
AT5TE29565	0	0	0	1	1
AT5TE29570	0	0	0	1	1
AT5TE29575	0	0	0	1	1
AT5TE29585	0	0	0	1	1
AT5TE29590	0	0	0	1	1
AT5TE29595	0	0	0	1	1
AT5TE29605	0	11.1587403443936	-2.34990267901957	0.999999999999995	1
AT5TE29610	0	0	0	1	1
AT5TE29630	0	0	0	1	1
AT5TE29635	0	0	0	1	1
AT5TE29645	16.9348392756823	17.1121465057879	-0.0557300322697067	1	1
AT5TE29650	7.14937790176209	0	2.29417294268879	1	1
AT5TE29655	0	0	0	1	1
AT5TE29660	0	0	0	1	1
AT5TE29665	0	0	0	1	1
AT5TE29670	0	0	0	1	1
AT5TE29675	0	0	0	1	1
AT5TE29680	3.43787183963144	0	3.13915052777415	0.501872765879841	1
AT5TE29690	0	0	0	1	1
AT5TE29695	0	0	0	1	1
AT5TE29700	0	0	0	1	1
AT5TE29705	0	0	0	1	1
AT5TE29715	0	0	0	1	1
AT5TE29720	0	0	0	1	1
AT5TE29725	0	0	0	1	1
AT5TE29730	0	0	0	1	1
AT5TE29735	0	94.2484376780319	-3.20045146488836	0.502150998884636	1
AT5TE29740	10.7083229781333	0	3.13915052778534	0.501872783115131	1
AT5TE29770	79.5974185867353	105.686521330914	-0.360984311282395	1	1
AT5TE29800	3.32930942377499	0	2.29417294267697	1	1
AT5TE29805	0	0	0	1	1
AT5TE29890	0	0	0	1	1
AT5TE29920	0	25.2011555233516	-2.3509826001331	1	1
AT5TE29925	0	0	0	1	1
AT5TE29930	0	0	0	1	1
AT5TE29935	0	0	0	1	1
AT5TE29940	19.7926818564498	21.635718729051	-0.0566342434508801	1	1
AT5TE29945	0	0	0	1	1
AT5TE29950	0	0	0	1	1
AT5TE29970	0	0	0	1	1
AT5TE29975	0	0	0	1	1
AT5TE29980	0	0	0	1	1
AT5TE29985	0	0	0	1	1
AT5TE29995	0	70.0907137993216	-2.35098259994175	1	1
AT5TE30040	0	0	0	1	1
AT5TE30045	6.16752030589446	6.23209404788614	-0.0557300321124415	1	1
AT5TE30050	16.7941065393193	12.4260545239795	0.46501727080942	1	1
AT5TE30055	9.60300164954117	0	2.29434778147988	0.999999999999997	1
AT5TE30060	0	0	0	1	1
AT5TE30070	0	0	0	1	1
AT5TE30075	0	0	0	1	1
AT5TE30110	0	0	0	1	1
AT5TE30150	0	0	0	1	1
AT5TE30155	0	0	0	1	1
AT5TE30160	0	0	0	1	1
AT5TE30190	0	0	0	1	1
AT5TE30195	0	0	0	1	1
AT5TE30200	218.182080679467	328.186524057433	-0.592392779014807	1	1
AT5TE30210	0	0	0	1	1
AT5TE30215	0	0	0	1	1
AT5TE30220	0	0	0	1	1
AT5TE30225	0	0	0	1	1
AT5TE30230	0	0	0	1	1
AT5TE30235	0	0	0	1	1
AT5TE30240	0	0	0	1	1
AT5TE30245	0	0	0	1	1
AT5TE30250	0	0	0	1	1
AT5TE30260	0	0	0	1	1
AT5TE30265	33.8923620472958	25.4902154607715	0.323196267242478	0.999999999999999	1
AT5TE30270	0	0	0	1	1
AT5TE30275	0	0	0	1	1
AT5TE30280	0	0	0	1	1
AT5TE30285	0	0	0	1	1
AT5TE30290	0	0	0	1	1
AT5TE30295	0	0	0	1	1
AT5TE30300	0	0	0	1	1
AT5TE30305	0	0	0	1	1
AT5TE30315	77.3793206080818	19.3253894292495	1.70512723045708	0.379982614319843	1
AT5TE30340	0	0	0	1	1
AT5TE30370	0	0	0	1	1
AT5TE30375	0	0	0	1	1
AT5TE30385	0	0	0	1	1
AT5TE30390	0	0	0	1	1
AT5TE30395	0	0	0	1	1
AT5TE30400	0	0	0	1	1
AT5TE30460	0	0	0	1	1
AT5TE30465	0	0	0	1	1
AT5TE30475	0	0	0	1	1
AT5TE30480	0	0	0	1	1
AT5TE30490	2606.65661850986	2266.0687015448	0.194161968795121	0.492777381906222	1
AT5TE30560	0	0	0	1	1
AT5TE30565	0	0	0	1	1
AT5TE30575	0	0	0	1	1
AT5TE30580	0	0	0	1	1
AT5TE30585	0	0	0	1	1
AT5TE30760	0	29.255254455369	-3.73545591264257	0.253985449497926	1
AT5TE30770	0	0	0	1	1
AT5TE30775	0	0	0	1	1
AT5TE30780	0	0	0	1	1
AT5TE30790	0	0	0	1	1
AT5TE30795	0	0	0	1	1
AT5TE30860	0	0	0	1	1
AT5TE30865	0	0	0	1	1
AT5TE30870	0	0	0	1	1
AT5TE30875	0	0	0	1	1
AT5TE30900	0	0	0	1	1
AT5TE30930	226.26289848241	510.20203837192	-1.15130593901636	0.178771662810387	1
AT5TE30935	0	0	0	1	1
AT5TE30940	0	0	0	1	1
AT5TE30945	878.931274932365	756.503445888919	0.217069690501416	0.71975975248945	1
AT5TE30950	0	0	0	1	1
AT5TE30955	0	0	0	1	1
AT5TE30960	0	0	0	1	1
AT5TE30965	0	0	0	1	1
AT5TE30970	0	0	0	1	1
AT5TE30975	0	0	0	1	1
AT5TE30980	0	0	0	1	1
AT5TE31020	0	0	0	1	1
AT5TE31025	0	0	0	1	1
AT5TE31030	4.07920746014307	0	2.29434778148636	0.999999999999998	1
AT5TE31060	0	0	0	1	1
AT5TE31065	0	0	0	1	1
AT5TE31070	0	0	0	1	1
AT5TE31090	0	0	0	1	1
AT5TE31095	0	0	0	1	1
AT5TE31100	0	0	0	1	1
AT5TE31105	0	0	0	1	1
AT5TE31110	262.638733812922	157.728306427079	0.703592818928837	0.555729313909195	1
AT5TE31115	31.2508889726508	34.684064560489	-0.0568092721606629	1	1
AT5TE31120	0	0	0	1	1
AT5TE31125	0	0	0	1	1
AT5TE31130	1035.27588378365	800.33827647524	0.382227830829952	0.550793645911727	1
AT5TE31160	13.8101878375723	0	2.29417294266515	1	1
AT5TE31165	4.07986033694095	0	2.29417294265333	1	1
AT5TE31170	0	0	0	1	1
AT5TE31175	0	0	0	1	1
AT5TE31180	9.79430122890833	0	2.29417294264152	0.999999999999999	1
AT5TE31190	33.1834180989536	87.4351010036355	-1.28746735393337	0.459309040976275	1
AT5TE31200	0	0	0	1	1
AT5TE31205	0	0	0	1	1
AT5TE31210	0	0	0	1	1
AT5TE31240	0	0	0	1	1
AT5TE31245	0	0	0	1	1
AT5TE31290	0	0	0	1	1
AT5TE31295	0	0	0	1	1
AT5TE31300	0	0	0	1	1
AT5TE31340	0	0	0	1	1
AT5TE31350	279.088257486436	273.576214492243	0.0250418273410807	0.909045290073827	1
AT5TE31355	0	0	0	1	1
AT5TE31365	0	0	0	1	1
AT5TE31390	0	0	0	1	1
AT5TE31395	0	0	0	1	1
AT5TE31400	0	0	0	1	1
AT5TE31405	0	0	0	1	1
AT5TE31410	0	0	0	1	1
AT5TE31430	0	0	0	1	1
AT5TE31435	0	0	0	1	1
AT5TE31450	0	0	0	1	1
AT5TE31455	0	0	0	1	1
AT5TE31460	0	0	0	1	1
AT5TE31465	0	0	0	1	1
AT5TE31470	0	0	0	1	1
AT5TE31475	0	0	0	1	1
AT5TE31480	0	0	0	1	1
AT5TE31540	0	0	0	1	1
AT5TE31545	0	0	0	1	1
AT5TE31550	0	0	0	1	1
AT5TE31555	0	0	0	1	1
AT5TE31560	0	0	0	1	1
AT5TE31570	0	0	0	1	1
AT5TE31575	0	0	0	1	1
AT5TE31580	0	0	0	1	1
AT5TE31585	0	0	0	1	1
AT5TE31590	0	0	0	1	1
AT5TE31600	0	0	0	1	1
AT5TE31605	0	0	0	1	1
AT5TE31610	0	0	0	1	1
AT5TE31640	0	0	0	1	1
AT5TE31645	385.406916403927	295.513953420849	0.378775610676302	0.657045134140498	1
AT5TE31650	0	0	0	1	1
AT5TE31655	0	0	0	1	1
AT5TE31660	132.806483891849	90.967948811417	0.490474475993438	0.757950805882115	1
AT5TE31710	0	156.481593598485	-2.3509825997504	1	1
AT5TE31715	0	0	0	1	1
AT5TE31720	0	0	0	1	1
AT5TE31725	0	0	0	1	1
AT5TE31730	0	0	0	1	1
AT5TE31735	0	0	0	1	1
AT5TE31740	0	0	0	1	1
AT5TE31745	0	0	0	1	1
AT5TE31750	0	0	0	1	1
AT5TE31800	0	0	0	1	1
AT5TE31805	0	0	0	1	1
AT5TE31840	0	0	0	1	1
AT5TE31850	0	0	0	1	1
AT5TE31855	0	0	0	1	1
AT5TE31860	0	0	0	1	1
AT5TE31865	0	0	0	1	1
AT5TE31870	0	0	0	1	1
AT5TE31875	0	0	0	1	1
AT5TE31880	0	0	0	1	1
AT5TE31885	24.5805667562255	20.5422045239177	0.266814088061049	0.578765485779167	1
AT5TE31890	0	0	0	1	1
AT5TE31895	0	0	0	1	1
AT5TE31900	0	0	0	1	1
AT5TE31910	0	0	0	1	1
AT5TE31915	0	0	0	1	1
AT5TE31920	0	0	0	1	1
AT5TE31925	0	0	0	1	1
AT5TE31930	0	0	0	1	1
AT5TE31940	0	0	0	1	1
AT5TE31945	0	0	0	1	1
AT5TE31950	0	0	0	1	1
AT5TE31955	0	0	0	1	1
AT5TE31960	0	0	0	1	1
AT5TE31965	0	0	0	1	1
AT5TE31970	0	0	0	1	1
AT5TE31975	0	0	0	1	1
AT5TE31980	0	0	0	1	1
AT5TE32000	0	0	0	1	1
AT5TE32005	0	0	0	1	1
AT5TE32010	0	0	0	1	1
AT5TE32020	0	0	0	1	1
AT5TE32025	0	0	0	1	1
AT5TE32030	0	0	0	1	1
AT5TE32035	0	0	0	1	1
AT5TE32040	0	0	0	1	1
AT5TE32045	0	0	0	1	1
AT5TE32050	0	0	0	1	1
AT5TE32090	0	0	0	1	1
AT5TE32095	0	0	0	1	1
AT5TE32100	17.6754299145605	0	2.2941729426297	1	1
AT5TE32230	0	24.2140254904035	-2.34990267889987	0.999999999999997	1
AT5TE32280	1702.14240020577	2036.51342792295	-0.262192578652434	0.388416659827486	1
AT5TE32285	277.68628450114	584.311680627589	-1.02414024824223	0.396232408326238	1
AT5TE32290	0	0	0	1	1
AT5TE32295	0	0	0	1	1
AT5TE32300	0	0	0	1	1
AT5TE32320	0	0	0	1	1
AT5TE32330	0	0	0	1	1
AT5TE32335	0	0	0	1	1
AT5TE32340	0	0	0	1	1
AT5TE32345	0	0	0	1	1
AT5TE32350	0	0	0	1	1
AT5TE32355	0	0	0	1	1
AT5TE32360	93.1670758456983	84.6750565561051	0.148453296545919	0.850160034374505	1
AT5TE32365	0	0	0	1	1
AT5TE32370	0	0	0	1	1
AT5TE32380	0	0	0	1	1
AT5TE32420	164.863221382985	183.541861002995	-0.146737845594713	1	1
AT5TE32425	155.524583207041	80.0370110630827	0.919999786923309	0.163516082309289	1
AT5TE32430	336.077663961941	263.572171485428	0.311789384525762	0.72225796024167	1
AT5TE32450	0	0	0	1	1
AT5TE32455	0	0	0	1	1
AT5TE32460	0	0	0	1	1
AT5TE32530	0	0	0	1	1
AT5TE32535	8182.05686623918	11710.4116591451	-0.51216007771439	0.0655861234188545	1
AT5TE32540	0	0	0	1	1
AT5TE32545	0	0	0	1	1
AT5TE32570	0	0	0	1	1
AT5TE32600	0	0	0	1	1
AT5TE32605	0	0	0	1	1
AT5TE32610	0	0	0	1	1
AT5TE32615	0	0	0	1	1
AT5TE32620	0	0	0	1	1
AT5TE32625	0	0	0	1	1
AT5TE32635	0	0	0	1	1
AT5TE32640	0	0	0	1	1
AT5TE32645	0	0	0	1	1
AT5TE32650	0	0	0	1	1
AT5TE32655	0	0	0	1	1
AT5TE32660	0	0	0	1	1
AT5TE32670	172.597814066035	148.313341093556	0.213825065578846	0.83090980781599	1
AT5TE32675	0	0	0	1	1
AT5TE32680	0	0	0	1	1
AT5TE32685	0	0	0	1	1
AT5TE32720	0	0	0	1	1
AT5TE32730	0	0	0	1	1
AT5TE32735	0	0	0	1	1
AT5TE32750	394.135371550005	0	3.13915052779653	0.501872800350793	1
AT5TE32755	8.06752825341532	0	2.29434778149284	1	1
AT5TE32760	0	0	0	1	1
AT5TE32765	0	0	0	1	1
AT5TE32770	0	0	0	1	1
AT5TE32775	0	0	0	1	1
AT5TE32780	0	0	0	1	1
AT5TE32785	0	0	0	1	1
AT5TE32795	0	0	0	1	1
AT5TE32800	10.7052592301842	0	2.29434778149932	1	1
AT5TE32805	0	0	0	1	1
AT5TE32810	0	0	0	1	1
AT5TE32815	0	0	0	1	1
AT5TE32830	0	0	0	1	1
AT5TE32835	0	0	0	1	1
AT5TE32845	0	0	0	1	1
AT5TE32850	0	0	0	1	1
AT5TE32860	0	0	0	1	1
AT5TE32865	0	0	0	1	1
AT5TE32870	0	0	0	1	1
AT5TE32875	0	0	0	1	1
AT5TE32880	17.2972110148196	6.11262813780644	1.40401740216434	0.385668960019288	1
AT5TE32885	0	0	0	1	1
AT5TE32940	0	0	0	1	1
AT5TE32945	0	0	0	1	1
AT5TE32950	0	0	0	1	1
AT5TE32955	0	0	0	1	1
AT5TE33000	0	0	0	1	1
AT5TE33005	0	0	0	1	1
AT5TE33010	0	0	0	1	1
AT5TE33015	0	0	0	1	1
AT5TE33025	0	0	0	1	1
AT5TE33030	0	0	0	1	1
AT5TE33035	0	0	0	1	1
AT5TE33040	0	0	0	1	1
AT5TE33045	0	0	0	1	1
AT5TE33060	0	0	0	1	1
AT5TE33065	0	0	0	1	1
AT5TE33070	0	0	0	1	1
AT5TE33075	0	0	0	1	1
AT5TE33120	0	0	0	1	1
AT5TE33140	0	0	0	1	1
AT5TE33150	0	0	0	1	1
AT5TE33155	0	0	0	1	1
AT5TE33160	0	0	0	1	1
AT5TE33165	0	0	0	1	1
AT5TE33170	0	0	0	1	1
AT5TE33175	0	0	0	1	1
AT5TE33180	0	0	0	1	1
AT5TE33185	0	0	0	1	1
AT5TE33195	0	0	0	1	1
AT5TE33200	0	0	0	1	1
AT5TE33205	0	0	0	1	1
AT5TE33210	0	0	0	1	1
AT5TE33215	0	0	0	1	1
AT5TE33220	0	0	0	1	1
AT5TE33225	0	0	0	1	1
AT5TE33230	0	0	0	1	1
AT5TE33235	0	0	0	1	1
AT5TE33245	1004.81360614337	1289.50276455178	-0.351477166332905	0.354023578852544	1
AT5TE33250	0	0	0	1	1
AT5TE33255	0	0	0	1	1
AT5TE33260	0	0	0	1	1
AT5TE33265	0	0	0	1	1
AT5TE33275	0	0	0	1	1
AT5TE33280	0	0	0	1	1
AT5TE33285	0	0	0	1	1
AT5TE33290	0	0	0	1	1
AT5TE33295	0	0	0	1	1
AT5TE33310	0	0	0	1	1
AT5TE33315	2.43102944898201	0.810551528059285	1.31861624104453	0.627807388402589	1
AT5TE33320	0	0	0	1	1
AT5TE33325	0	0	0	1	1
AT5TE33330	0	0	0	1	1
AT5TE33335	0	0	0	1	1
AT5TE33340	0	0	0	1	1
AT5TE33345	0	0	0	1	1
AT5TE33350	0	0	0	1	1
AT5TE33370	0	0	0	1	1
AT5TE33375	0	0	0	1	1
AT5TE33380	0	0	0	1	1
AT5TE33385	0	0	0	1	1
AT5TE33390	0	0	0	1	1
AT5TE33395	0	0	0	1	1
AT5TE33400	0	0	0	1	1
AT5TE33405	0	0	0	1	1
AT5TE33410	114.300115531465	25.5789079293197	1.97542815064481	0.0771332616093225	1
AT5TE33415	0	0	0	1	1
AT5TE33420	24.3301346140549	0	2.29434778150581	0.999999999999998	1
AT5TE33425	0	0	0	1	1
AT5TE33450	0	0	0	1	1
AT5TE33455	0	0	0	1	1
AT5TE33460	4.90089495012412	0	2.29434778151228	0.999999999999996	1
AT5TE33465	1556.73140405478	1869.79737800828	-0.258639899173937	0.860610327441215	1
AT5TE33475	0	0	0	1	1
AT5TE33480	0	0	0	1	1
AT5TE33485	0	0	0	1	1
AT5TE33490	0	0	0	1	1
AT5TE33495	0	0	0	1	1
AT5TE33500	0	0	0	1	1
AT5TE33540	0	0	0	1	1
AT5TE33545	219.888241939134	224.080329264354	-0.0369165374591909	1	1
AT5TE33550	5316.88234600931	4476.37810995496	0.249622699254067	0.118204350659253	1
AT5TE33555	0	0	0	1	1
AT5TE33565	0	0	0	1	1
AT5TE33590	0	0	0	1	1
AT5TE33595	0	0	0	1	1
AT5TE33600	0	0	0	1	1
AT5TE33605	0	0	0	1	1
AT5TE33610	0	0	0	1	1
AT5TE33615	0	9.67795963518495	-2.34990267878017	1	1
AT5TE33620	0	20.1458339063918	-2.35098259955905	0.999999999999999	1
AT5TE33625	164.051076566125	459.10203477882	-1.41046830172293	0.234520247781897	1
AT5TE33635	0	0	0	1	1
AT5TE33640	0	0	0	1	1
AT5TE33645	0	0	0	1	1
AT5TE33650	0	0	0	1	1
AT5TE33655	0	0	0	1	1
AT5TE33660	0	0	0	1	1
AT5TE33720	0	0	0	1	1
AT5TE33725	0	0	0	1	1
AT5TE33735	0	0	0	1	1
AT5TE33740	0	0	0	1	1
AT5TE33745	0	0	0	1	1
AT5TE33750	0	0	0	1	1
AT5TE33755	0	0	0	1	1
AT5TE33760	0	0	0	1	1
AT5TE33765	0	0	0	1	1
AT5TE33770	0	0	0	1	1
AT5TE33775	0	0	0	1	1
AT5TE33800	0	0	0	1	1
AT5TE33805	0	0	0	1	1
AT5TE33815	0	0	0	1	1
AT5TE33820	0	0	0	1	1
AT5TE33825	0	0	0	1	1
AT5TE33830	3.9307305602528	0	2.29434778151877	1	1
AT5TE33835	0	0	0	1	1
AT5TE33840	0	0	0	1	1
AT5TE33845	0	0	0	1	1
AT5TE33850	0	0	0	1	1
AT5TE33855	0	0	0	1	1
AT5TE33860	0	0	0	1	1
AT5TE33865	0	0	0	1	1
AT5TE33870	0	0	0	1	1
AT5TE33875	0	0	0	1	1
AT5TE33880	0	0	0	1	1
AT5TE33885	0	0	0	1	1
AT5TE33890	0	0	0	1	1
AT5TE33895	0	0	0	1	1
AT5TE33900	0	0	0	1	1
AT5TE33905	0	0	0	1	1
AT5TE33910	0	0	0	1	1
AT5TE33930	0	0	0	1	1
AT5TE33935	0	0	0	1	1
AT5TE33940	0	0	0	1	1
AT5TE33945	0	0	0	1	1
AT5TE33950	0	0	0	1	1
AT5TE33955	0	0	0	1	1
AT5TE33965	0	0	0	1	1
AT5TE33970	0	0	0	1	1
AT5TE33975	0	0	0	1	1
AT5TE33980	0	0	0	1	1
AT5TE33985	0	0	0	1	1
AT5TE33990	1.72568658742806	0	2.29434778152525	0.999999999999993	1
AT5TE33995	0	0	0	1	1
AT5TE34000	0	0	0	1	1
AT5TE34005	0	0	0	1	1
AT5TE34010	0	0	0	1	1
AT5TE34020	8.22614987882531	8.31227740715343	-0.0557300319551712	1	1
AT5TE34025	0	0	0	1	1
AT5TE34030	0	0	0	1	1
AT5TE34035	0	0	0	1	1
AT5TE34040	0	0	0	1	1
AT5TE34045	0	0	0	1	1
AT5TE34050	0	0	0	1	1
AT5TE34055	0	0	0	1	1
AT5TE34060	0	0	0	1	1
AT5TE34065	0	0	0	1	1
AT5TE34070	43.7728511984562	27.0770405461898	0.62680503028299	0.731081564725837	1
AT5TE34075	37.1943095748114	0	2.29417294261788	1	1
AT5TE34080	11.0543912637893	25.0798525432335	-1.16488684837111	0.226240495915475	1
AT5TE34085	0	0	0	1	1
AT5TE34090	0	0	0	1	1
AT5TE34095	0	0	0	1	1
AT5TE34100	0	0	0	1	1
AT5TE34105	0	0	0	1	1
AT5TE34110	77.0678702630626	0	3.66814601537154	0.253792236234475	1
AT5TE34160	0	0	0	1	1
AT5TE34165	0	0	0	1	1
AT5TE34170	0	0	0	1	1
AT5TE34175	0	0	0	1	1
AT5TE34180	0	0	0	1	1
AT5TE34230	0	0	0	1	1
AT5TE34235	0	0	0	1	1
AT5TE34270	0	0	0	1	1
AT5TE34275	0	0	0	1	1
AT5TE34330	0	0	0	1	1
AT5TE34335	0	0	0	1	1
AT5TE34340	0	0	0	1	1
AT5TE34345	0	0	0	1	1
AT5TE34350	0	0	0	1	1
AT5TE34355	0	0	0	1	1
AT5TE34380	0	0	0	1	1
AT5TE34385	0	0	0	1	1
AT5TE34390	0	0	0	1	1
AT5TE34430	64.5399094798654	218.230835160587	-1.69898003063249	0.031366355063322	1
AT5TE34435	0	0	0	1	1
AT5TE34440	0	0	0	1	1
AT5TE34445	0	0	0	1	1
AT5TE34470	0	0	0	1	1
AT5TE34475	0	0	0	1	1
AT5TE34480	0	0	0	1	1
AT5TE34550	0	0	0	1	1
AT5TE34555	0	0	0	1	1
AT5TE34560	0	0	0	1	1
AT5TE34565	0	0	0	1	1
AT5TE34570	0	0	0	1	1
AT5TE34600	0	0	0	1	1
AT5TE34605	0	0	0	1	1
AT5TE34610	0	0	0	1	1
AT5TE34615	0	0	0	1	1
AT5TE34620	0	0	0	1	1
AT5TE34625	0	0	0	1	1
AT5TE34670	9109.45907143267	8887.3430680951	0.0335929115301202	0.843589650072233	1
AT5TE34675	0	0	0	1	1
AT5TE34680	0	0	0	1	1
AT5TE34685	0	0	0	1	1
AT5TE34690	0	0	0	1	1
AT5TE34700	0	0	0	1	1
AT5TE34705	0	0	0	1	1
AT5TE34715	395.167895166682	450.852288381498	-0.188832848456702	0.276153783492981	1
AT5TE34720	24.7209801500237	49.2060116391332	-0.906101956266177	1	1
AT5TE34725	0	0	0	1	1
AT5TE34730	0	0.669304976409055	-2.34990267866046	0.999999999999998	1
AT5TE34735	2285.10862234305	1211.41950874922	0.91031350825906	0.144241095588199	1
AT5TE34745	0	0	0	1	1
AT5TE34750	0	0	0	1	1
AT5TE34780	0	0	0	1	1
AT5TE34790	0	0	0	1	1
AT5TE34795	0	0	0	1	1
AT5TE34800	0	0	0	1	1
AT5TE34805	0	0	0	1	1
AT5TE34810	0	0	0	1	1
AT5TE34815	0	0	0	1	1
AT5TE34820	0	0	0	1	1
AT5TE34825	0	0	0	1	1
AT5TE34835	0	0	0	1	1
AT5TE34840	0	0	0	1	1
AT5TE34860	62.8114699730193	64.0488619182426	-0.0640421414164883	1	1
AT5TE34865	0	0	0	1	1
AT5TE34870	0	0	0	1	1
AT5TE34875	0	0	0	1	1
AT5TE34880	0	0	0	1	1
AT5TE34885	0	0	0	1	1
AT5TE34890	0	0	0	1	1
AT5TE34910	152.437295236059	164.451712645479	-0.0709283974252492	1	1
AT5TE34915	0	22.8734109854216	-3.20159067517128	0.501870063085179	1
AT5TE34920	0	0	0	1	1
AT5TE34930	0	0	0	1	1
AT5TE34940	3665.45895541504	3856.45709214209	-0.0697324564388372	0.890445674778294	1
AT5TE34945	2755.46657576758	2137.33659363391	0.366720992551214	0.302303016964203	1
AT5TE34950	22.244213771678	39.2716979084126	-0.758180763550949	0.730258615261513	1
AT5TE34955	0	0	0	1	1
AT5TE34960	0	0	0	1	1
AT5TE34965	0	0	0	1	1
AT5TE34970	0	0	0	1	1
AT5TE34975	0	0	0	1	1
AT5TE34980	0	0	0	1	1
AT5TE34985	0	0	0	1	1
AT5TE34990	0	0	0	1	1
AT5TE34995	0	0	0	1	1
AT5TE35005	19.6627214941435	6.62286318818603	1.31837279975437	0.628718788148692	1
AT5TE35010	0	0	0	1	1
AT5TE35015	1080.10770872432	1190.68357082513	-0.134546682266425	0.574003690687401	1
AT5TE35050	0	0	0	1	1
AT5TE35055	0	0	0	1	1
AT5TE35080	1105.55722104479	1065.75466758899	0.0708347055875416	1	1
AT5TE35120	81.4450699492021	20.1171470638606	1.9537541222794	0.00985890632715906	1
AT5TE35160	1716.93208461974	1958.99834363574	-0.194048958755198	0.486589811658882	1
AT5TE35165	0	0	0	1	1
AT5TE35170	0	0	0	1	1
AT5TE35175	0	0	0	1	1
AT5TE35180	0	0	0	1	1
AT5TE35185	0	0	0	1	1
AT5TE35190	41.0006594565441	0	3.13915052780772	0.501872817586831	1
AT5TE35195	0	0	0	1	1
AT5TE35200	0	0	0	1	1
AT5TE35205	0	0	0	1	1
AT5TE35210	0	0	0	1	1
AT5TE35215	0	0	0	1	1
AT5TE35220	0	0	0	1	1
AT5TE35225	0	0	0	1	1
AT5TE35230	0	0	0	1	1
AT5TE35235	0	0	0	1	1
AT5TE35240	0	0	0	1	1
AT5TE35245	0	0	0	1	1
AT5TE35250	0	0	0	1	1
AT5TE35255	0	0	0	1	1
AT5TE35260	0	0	0	1	1
AT5TE35265	0	0	0	1	1
AT5TE35275	0	0	0	1	1
AT5TE35280	0	0	0	1	1
AT5TE35285	0	0	0	1	1
AT5TE35290	0	0	0	1	1
AT5TE35295	0	0	0	1	1
AT5TE35300	0	0	0	1	1
AT5TE35360	7.6573065496612	0	4.05427903779765	0.130252674494274	1
AT5TE35365	0	0	0	1	1
AT5TE35370	0	0	0	1	1
AT5TE35375	0	0	0	1	1
AT5TE35380	0	0	0	1	1
AT5TE35400	0	0	0	1	1
AT5TE35405	0	0	0	1	1
AT5TE35410	0	0	0	1	1
AT5TE35415	0	0	0	1	1
AT5TE35420	0	0	0	1	1
AT5TE35425	0	0	0	1	1
AT5TE35430	0	0	0	1	1
AT5TE35435	0	0	0	1	1
AT5TE35440	0	0	0	1	1
AT5TE35445	0	0	0	1	1
AT5TE35450	0	0	0	1	1
AT5TE35455	0	0	0	1	1
AT5TE35460	0	0	0	1	1
AT5TE35465	0	0	0	1	1
AT5TE35470	0	0	0	1	1
AT5TE35475	0	0	0	1	1
AT5TE35480	0	0	0	1	1
AT5TE35485	0	0	0	1	1
AT5TE35490	0	0	0	1	1
AT5TE35495	0	0	0	1	1
AT5TE35500	0	0	0	1	1
AT5TE35505	0	0	0	1	1
AT5TE35515	283.664251858212	436.487909267387	-0.598225911057764	0.221122256442841	1
AT5TE35520	0	0	0	1	1
AT5TE35525	0	0	0	1	1
AT5TE35530	0	0	0	1	1
AT5TE35535	0	0	0	1	1
AT5TE35540	0	0	0	1	1
AT5TE35550	0	0	0	1	1
AT5TE35555	0	0	0	1	1
AT5TE35590	1664.58296987193	1198.91785960393	0.478620524826764	0.144309173611003	1
AT5TE35640	0	0	0	1	1
AT5TE35645	0	0	0	1	1
AT5TE35650	0	0	0	1	1
AT5TE35655	0	0	0	1	1
AT5TE35660	0	0	0	1	1
AT5TE35665	0	0	0	1	1
AT5TE35675	0	0	0	1	1
AT5TE35680	0	0	0	1	1
AT5TE35685	0	0	0	1	1
AT5TE35690	0	0	0	1	1
AT5TE35695	0	0	0	1	1
AT5TE35700	0	0	0	1	1
AT5TE35705	0	0	0	1	1
AT5TE35715	262.039572045507	310.451823482236	-0.24476188423394	0.492291352382754	1
AT5TE35720	0	0	0	1	1
AT5TE35750	0	0	0	1	1
AT5TE35755	0	0	0	1	1
AT5TE35760	0	0	0	1	1
AT5TE35780	0	0	0	1	1
AT5TE35785	0	0	0	1	1
AT5TE35795	0	5.39159336917858	-2.3509825993677	1	1
AT5TE35800	0	0	0	1	1
AT5TE35810	0	0	0	1	1
AT5TE35815	0	0	0	1	1
AT5TE35825	0	0	0	1	1
AT5TE35830	0	0	0	1	1
AT5TE35835	0	0	0	1	1
AT5TE35840	0	0	0	1	1
AT5TE35850	0	0	0	1	1
AT5TE35855	0	0	0	1	1
AT5TE35860	0	0	0	1	1
AT5TE35865	0	0	0	1	1
AT5TE35870	0	0	0	1	1
AT5TE35875	0	0	0	1	1
AT5TE35880	0	0	0	1	1
AT5TE35885	0	0	0	1	1
AT5TE35890	0	0	0	1	1
AT5TE35895	0	0	0	1	1
AT5TE35900	0	0	0	1	1
AT5TE35910	106.902543034168	96.8970533952311	0.130659416039914	0.905769175149849	1
AT5TE35915	0	0	0	1	1
AT5TE35920	0	0	0	1	1
AT5TE35925	0	0	0	1	1
AT5TE35930	8.15633946465297	0	3.13915052781892	0.501872834823239	1
AT5TE35935	24.1540735485827	0	2.29417294260606	0.999999999999995	1
AT5TE35940	0	0	0	1	1
AT5TE35945	0	0	0	1	1
AT5TE35950	0	0	0	1	1
AT5TE35960	20.1953661455374	0	3.13915052783011	0.501872852060025	1
AT5TE35965	0	0	0	1	1
AT5TE35970	0	0	0	1	1
AT5TE35975	0	0	0	1	1
AT5TE35985	0	0	0	1	1
AT5TE35990	0	0	0	1	1
AT5TE35995	0	0	0	1	1
AT5TE36000	0	0	0	1	1
AT5TE36005	0	0	0	1	1
AT5TE36010	0	0	0	1	1
AT5TE36015	0	0	0	1	1
AT5TE36020	0	0	0	1	1
AT5TE36025	0	0	0	1	1
AT5TE36030	0	0	0	1	1
AT5TE36035	0	0	0	1	1
AT5TE36040	0	0	0	1	1
AT5TE36045	0	0	0	1	1
AT5TE36050	0	0	0	1	1
AT5TE36055	0	0	0	1	1
AT5TE36060	0	0	0	1	1
AT5TE36065	0	0	0	1	1
AT5TE36075	32.9172409484272	134.26285493022	-1.82564261873153	0.379864096161845	1
AT5TE36080	66.6007051713393	36.1656813644513	0.858343143903462	0.145159223820967	1
AT5TE36085	54.5455201698667	76.5170057964699	-0.468400995965197	0.79465658685311	1
AT5TE36090	0	0	0	1	1
AT5TE36095	59.2577950526896	62.0844819477359	-0.0686894632805253	1	1
AT5TE36100	0	0	0	1	1
AT5TE36105	139.898274030816	0	2.29434778153173	1	1
AT5TE36110	0	0	0	1	1
AT5TE36115	4.36364161358934	4.37582032076577	-0.0613787581991468	1	1
AT5TE36120	0	0	0	1	1
AT5TE36125	0	0	0	1	1
AT5TE36130	0	0	0	1	1
AT5TE36135	0	0	0	1	1
AT5TE36140	26.9884051435018	0	4.05468903130591	0.127995880525115	1
AT5TE36145	0	0	0	1	1
AT5TE36155	0	0	0	1	1
AT5TE36160	0	0	0	1	1
AT5TE36165	0	0	0	1	1
AT5TE36170	0	0	0	1	1
AT5TE36180	0	0	0	1	1
AT5TE36210	45.2612063040874	0	2.29434778153821	1	1
AT5TE36215	0	0	0	1	1
AT5TE36220	14.7152244191608	0	2.29417294259424	0.999999999999997	1
AT5TE36225	0	0	0	1	1
AT5TE36230	0	0	0	1	1
AT5TE36235	0	0	0	1	1
AT5TE36245	0	0	0	1	1
AT5TE36250	0	0	0	1	1
AT5TE36255	0	0	0	1	1
AT5TE36260	2.11537769040274	0	2.29417294258242	1	1
AT5TE36265	0	0	0	1	1
AT5TE36270	0	0	0	1	1
AT5TE36280	0	0	0	1	1
AT5TE36285	0	0	0	1	1
AT5TE36290	0	0	0	1	1
AT5TE36295	0	0	0	1	1
AT5TE36300	0	0	0	1	1
AT5TE36310	0	0	0	1	1
AT5TE36315	0	0	0	1	1
AT5TE36320	0	0	0	1	1
AT5TE36325	0	0	0	1	1
AT5TE36330	0	0	0	1	1
AT5TE36335	0	0	0	1	1
AT5TE36340	0	0	0	1	1
AT5TE36360	0	0	0	1	1
AT5TE36365	0	0	0	1	1
AT5TE36370	0	0	0	1	1
AT5TE36375	0	0	0	1	1
AT5TE36380	0	0	0	1	1
AT5TE36385	0	0	0	1	1
AT5TE36390	0	0	0	1	1
AT5TE36395	0	0	0	1	1
AT5TE36400	0	0	0	1	1
AT5TE36405	0	0	0	1	1
AT5TE36410	0	0	0	1	1
AT5TE36415	0	0	0	1	1
AT5TE36420	0	0	0	1	1
AT5TE36470	10.9334352706144	0	2.29434778154469	1	1
AT5TE36475	81.0864318016906	89.3609780755076	-0.166224174624527	1	1
AT5TE36480	293.50592147389	283.696653920351	0.022408382243146	1	1
AT5TE36490	0	0	0	1	1
AT5TE36495	0	0	0	1	1
AT5TE36505	0	0	0	1	1
AT5TE36510	0	0	0	1	1
AT5TE36520	0	0	0	1	1
AT5TE36525	0	0	0	1	1
AT5TE36530	0	4.39307884479891	-3.2004514758532	0.502150976963445	1
AT5TE36535	0	0	0	1	1
AT5TE36540	0	0	0	1	1
AT5TE36545	0	0	0	1	1
AT5TE36550	381.859473559822	545.071319251864	-0.514428173905974	0.549394317488641	1
AT5TE36555	0	0	0	1	1
AT5TE36560	0	0	0	1	1
AT5TE36565	0	0	0	1	1
AT5TE36570	0	0	0	1	1
AT5TE36575	0	0	0	1	1
AT5TE36580	0	0	0	1	1
AT5TE36585	0	0	0	1	1
AT5TE36590	0	0	0	1	1
AT5TE36595	0	0	0	1	1
AT5TE36600	0	0	0	1	1
AT5TE36605	0	0	0	1	1
AT5TE36610	0	0	0	1	1
AT5TE36615	0	0	0	1	1
AT5TE36620	0	0	0	1	1
AT5TE36625	0	0	0	1	1
AT5TE36630	0	0	0	1	1
AT5TE36635	26.5324312817064	29.0030539859262	-0.0566342433248957	1	1
AT5TE36640	0	0	0	1	1
AT5TE36645	0	0	0	1	1
AT5TE36650	0	0	0	1	1
AT5TE36655	0	0	0	1	1
AT5TE36660	0	0	0	1	1
AT5TE36665	0	0	0	1	1
AT5TE36670	0	0	0	1	1
AT5TE36675	0	0	0	1	1
AT5TE36680	0	0	0	1	1
AT5TE36685	0	0	0	1	1
AT5TE36690	0	0	0	1	1
AT5TE36695	0	0	0	1	1
AT5TE36700	0	0	0	1	1
AT5TE36705	0	0	0	1	1
AT5TE36710	0	0	0	1	1
AT5TE36715	0	0	0	1	1
AT5TE36720	0	0	0	1	1
AT5TE36725	0	0	0	1	1
AT5TE36730	0	0	0	1	1
AT5TE36735	0	0	0	1	1
AT5TE36745	0	0	0	1	1
AT5TE36750	0	0	0	1	1
AT5TE36755	0	0	0	1	1
AT5TE36760	0	0	0	1	1
AT5TE36765	0	0	0	1	1
AT5TE36770	0	0	0	1	1
AT5TE36775	0	0	0	1	1
AT5TE36780	0	0	0	1	1
AT5TE36785	0	0	0	1	1
AT5TE36790	0	0	0	1	1
AT5TE36800	15.8239692991154	0	2.29434778155117	0.999999999999998	1
AT5TE36805	0	0	0	1	1
AT5TE36820	0	0	0	1	1
AT5TE36825	0	0	0	1	1
AT5TE36830	0	0	0	1	1
AT5TE36835	0	0	0	1	1
AT5TE36840	0	0	0	1	1
AT5TE36845	0	0	0	1	1
AT5TE36850	0	0	0	1	1
AT5TE36855	0	0	0	1	1
AT5TE36860	0	0	0	1	1
AT5TE36865	0	0	0	1	1
AT5TE36870	0	0	0	1	1
AT5TE36875	0	0	0	1	1
AT5TE36880	0	0	0	1	1
AT5TE36885	0	0	0	1	1
AT5TE36890	0	0	0	1	1
AT5TE36895	0	0	0	1	1
AT5TE36900	0	0	0	1	1
AT5TE36905	0	0	0	1	1
AT5TE36910	0	0	0	1	1
AT5TE36920	0	0	0	1	1
AT5TE36925	0	0	0	1	1
AT5TE36930	33.4389305486795	42.0751953919786	-0.3639667458187	1	1
AT5TE36940	0	0	0	1	1
AT5TE36945	0	4.51288298104284	-2.35098259917635	1	1
AT5TE36950	0	0	0	1	1
AT5TE36955	0	0	0	1	1
AT5TE36960	0	0	0	1	1
AT5TE36965	0	0	0	1	1
AT5TE36970	0.656204400984333	0	2.2941729425706	1	1
AT5TE36975	0	0	0	1	1
AT5TE36980	0	0	0	1	1
AT5TE36985	0	0	0	1	1
AT5TE36990	0	0	0	1	1
AT5TE36995	0	0	0	1	1
AT5TE37000	0	0	0	1	1
AT5TE37005	0	0	0	1	1
AT5TE37010	0	0	0	1	1
AT5TE37015	0	0	0	1	1
AT5TE37020	0	0	0	1	1
AT5TE37025	0	0	0	1	1
AT5TE37030	0	0	0	1	1
AT5TE37060	14.6094369462549	11.3049466485283	0.334203257732879	0.796970535879092	1
AT5TE37065	0	0	0	1	1
AT5TE37070	0	0	0	1	1
AT5TE37075	0	0	0	1	1
AT5TE37080	0	0	0	1	1
AT5TE37085	0	0	0	1	1
AT5TE37090	0	0	0	1	1
AT5TE37095	0	0	0	1	1
AT5TE37100	0	0	0	1	1
AT5TE37105	0	0	0	1	1
AT5TE37110	0	0	0	1	1
AT5TE37115	0	0	0	1	1
AT5TE37120	0	0	0	1	1
AT5TE37130	0	0	0	1	1
AT5TE37135	0	0	0	1	1
AT5TE37140	0	0	0	1	1
AT5TE37145	0	0	0	1	1
AT5TE37150	0	0	0	1	1
AT5TE37155	0	0	0	1	1
AT5TE37160	0	0	0	1	1
AT5TE37165	0	0	0	1	1
AT5TE37170	0	0	0	1	1
AT5TE37175	0	0	0	1	1
AT5TE37180	0	0	0	1	1
AT5TE37185	0	0	0	1	1
AT5TE37190	0	6.65885700986095	-2.34990267854076	1	1
AT5TE37195	0	0	0	1	1
AT5TE37200	0	0	0	1	1
AT5TE37205	0	0	0	1	1
AT5TE37210	0	0	0	1	1
AT5TE37215	0	0	0	1	1
AT5TE37220	0	0	0	1	1
AT5TE37225	0	0	0	1	1
AT5TE37230	0	0	0	1	1
AT5TE37240	0	0	0	1	1
AT5TE37245	0	0	0	1	1
AT5TE37250	0	0	0	1	1
AT5TE37255	0	0	0	1	1
AT5TE37260	0	0	0	1	1
AT5TE37265	0	0	0	1	1
AT5TE37270	0	0	0	1	1
AT5TE37275	0	0	0	1	1
AT5TE37285	0	0	0	1	1
AT5TE37290	0	0	0	1	1
AT5TE37295	0	0	0	1	1
AT5TE37300	0	0	0	1	1
AT5TE37305	0	0	0	1	1
AT5TE37310	0	0	0	1	1
AT5TE37315	0	0	0	1	1
AT5TE37320	0	0	0	1	1
AT5TE37325	0	0	0	1	1
AT5TE37330	0	0	0	1	1
AT5TE37335	0	0	0	1	1
AT5TE37345	0	0	0	1	1
AT5TE37350	0.302482754661223	0.602078471653275	-0.906101967977046	1	1
AT5TE37355	0	0	0	1	1
AT5TE37360	0	0	0	1	1
AT5TE37365	0	0	0	1	1
AT5TE37370	0	0	0	1	1
AT5TE37375	0	0	0	1	1
AT5TE37380	0	0	0	1	1
AT5TE37385	0	0	0	1	1
AT5TE37390	0	0	0	1	1
AT5TE37395	0	0	0	1	1
AT5TE37400	0	0	0	1	1
AT5TE37405	0	0	0	1	1
AT5TE37410	0	0	0	1	1
AT5TE37415	0	0	0	1	1
AT5TE37420	0	0	0	1	1
AT5TE37450	0	0	0	1	1
AT5TE37455	0	0	0	1	1
AT5TE37460	0	0	0	1	1
AT5TE37465	0	0	0	1	1
AT5TE37470	0	0	0	1	1
AT5TE37475	0	0	0	1	1
AT5TE37480	0	0	0	1	1
AT5TE37485	0	0	0	1	1
AT5TE37490	0	0	0	1	1
AT5TE37495	0	0	0	1	1
AT5TE37500	0	0	0	1	1
AT5TE37505	0	0	0	1	1
AT5TE37510	0	0	0	1	1
AT5TE37515	0	0	0	1	1
AT5TE37520	0	0	0	1	1
AT5TE37525	0	0	0	1	1
AT5TE37530	0	0	0	1	1
AT5TE37535	0	0	0	1	1
AT5TE37540	0	0	0	1	1
AT5TE37560	0	0	0	1	1
AT5TE37565	0	0	0	1	1
AT5TE37570	19.8776146252271	0	2.29417294255878	0.999999999999996	1
AT5TE37575	0	0	0	1	1
AT5TE37580	0	0	0	1	1
AT5TE37585	0	0	0	1	1
AT5TE37590	0	0	0	1	1
AT5TE37595	0	0	0	1	1
AT5TE37600	0	0	0	1	1
AT5TE37605	1446.77350596176	1143.26768779156	0.326333541681191	0.391965325277047	1
AT5TE37610	0	0	0	1	1
AT5TE37615	0	0	0	1	1
AT5TE37620	0	0	0	1	1
AT5TE37660	0	0	0	1	1
AT5TE37665	0	0	0	1	1
AT5TE37670	0	0	0	1	1
AT5TE37680	0	0	0	1	1
AT5TE37685	0	0	0	1	1
AT5TE37690	0	0	0	1	1
AT5TE37695	0	0	0	1	1
AT5TE37730	0	0	0	1	1
AT5TE37740	0	0	0	1	1
AT5TE37745	0	0	0	1	1
AT5TE37750	0	0	0	1	1
AT5TE37755	0	0	0	1	1
AT5TE37760	0	0	0	1	1
AT5TE37800	0	0	0	1	1
AT5TE37805	0	0	0	1	1
AT5TE37810	0	0	0	1	1
AT5TE37815	0	0	0	1	1
AT5TE37820	0	0	0	1	1
AT5TE37825	0	2.04956455305188	-2.34990267842105	0.999999999999997	1
AT5TE37830	0	0	0	1	1
AT5TE37835	0	0	0	1	1
AT5TE37840	0	0	0	1	1
AT5TE37845	0	0	0	1	1
AT5TE37850	0	0	0	1	1
AT5TE37855	0	0	0	1	1
AT5TE37860	8.63327357272916	0	2.29434778155765	1	1
AT5TE37865	0	0	0	1	1
AT5TE37870	0	0	0	1	1
AT5TE37875	0	0	0	1	1
AT5TE37885	0	0	0	1	1
AT5TE37900	0	0	0	1	1
AT5TE37905	0	0	0	1	1
AT5TE37910	0	0	0	1	1
AT5TE37920	0	0	0	1	1
AT5TE37925	0	0	0	1	1
AT5TE37930	0	0	0	1	1
AT5TE37935	0	0	0	1	1
AT5TE37940	0	0	0	1	1
AT5TE37945	0	0	0	1	1
AT5TE37950	0	0	0	1	1
AT5TE37955	0	0	0	1	1
AT5TE37960	0	0	0	1	1
AT5TE37965	0	0	0	1	1
AT5TE37970	0	0	0	1	1
AT5TE37975	14.1972442298437	10.9526547809048	0.343503797332316	0.712187372051749	1
AT5TE37980	0	0	0	1	1
AT5TE37985	0	0	0	1	1
AT5TE38010	0	0	0	1	1
AT5TE38015	0	147.756976710425	-3.20159067561678	0.501870081112541	1
AT5TE38020	220.624331457409	260.549578091155	-0.217494175859702	1	1
AT5TE38025	0	0	0	1	1
AT5TE38030	0	0	0	1	1
AT5TE38040	0	0	0	1	1
AT5TE38045	0	0	0	1	1
AT5TE38050	0	0	0	1	1
AT5TE38055	0	0	0	1	1
AT5TE38065	0	0	0	1	1
AT5TE38070	0	0	0	1	1
AT5TE38075	0	0	0	1	1
AT5TE38080	0	0	0	1	1
AT5TE38085	0	0	0	1	1
AT5TE38090	0	0	0	1	1
AT5TE38095	0	0	0	1	1
AT5TE38100	0	0	0	1	1
AT5TE38105	0	0	0	1	1
AT5TE38115	0	0	0	1	1
AT5TE38125	0	0	0	1	1
AT5TE38130	0	0	0	1	1
AT5TE38135	0	0	0	1	1
AT5TE38150	0	0	0	1	1
AT5TE38155	0	0	0	1	1
AT5TE38160	0	0	0	1	1
AT5TE38165	0	0	0	1	1
AT5TE38170	0	0	0	1	1
AT5TE38175	0	0	0	1	1
AT5TE38180	0	0	0	1	1
AT5TE38185	0	0	0	1	1
AT5TE38190	0	0	0	1	1
AT5TE38195	0	0	0	1	1
AT5TE38205	0	0	0	1	1
AT5TE38210	0	0	0	1	1
AT5TE38215	0	0	0	1	1
AT5TE38240	0	0	0	1	1
AT5TE38245	0	0	0	1	1
AT5TE38250	0	0	0	1	1
AT5TE38255	0	0	0	1	1
AT5TE38260	0	0	0	1	1
AT5TE38265	0	0	0	1	1
AT5TE38270	58.0345046944267	106.804897218014	-0.770813836700236	0.748069462412835	1
AT5TE38280	0	0	0	1	1
AT5TE38285	0	0	0	1	1
AT5TE38290	0	0	0	1	1
AT5TE38295	0	0	0	1	1
AT5TE38300	0	0	0	1	1
AT5TE38305	0	0	0	1	1
AT5TE38310	0	0	0	1	1
AT5TE38315	0	0	0	1	1
AT5TE38320	0	0	0	1	1
AT5TE38325	0	0	0	1	1
AT5TE38330	0	0	0	1	1
AT5TE38335	0	0	0	1	1
AT5TE38340	0.697821415825766	0.705127583917136	-0.0557300317979061	1	1
AT5TE38345	0	0	0	1	1
AT5TE38350	0	0	0	1	1
AT5TE38355	0	0	0	1	1
AT5TE38360	0	0	0	1	1
AT5TE38365	0	0	0	1	1
AT5TE38370	0	0	0	1	1
AT5TE38390	0	0	0	1	1
AT5TE38395	0	0	0	1	1
AT5TE38400	0	0	0	1	1
AT5TE38405	0	0	0	1	1
AT5TE38410	0	0	0	1	1
AT5TE38415	2.4058224050374	0	2.29417294254697	1	1
AT5TE38420	0	0	0	1	1
AT5TE38425	0	0	0	1	1
AT5TE38430	0	0	0	1	1
AT5TE38435	0	0	0	1	1
AT5TE38440	0	0	0	1	1
AT5TE38445	0	0	0	1	1
AT5TE38450	0	0	0	1	1
AT5TE38470	0	0	0	1	1
AT5TE38475	0	0	0	1	1
AT5TE38480	0	0	0	1	1
AT5TE38485	0	0	0	1	1
AT5TE38490	0	0	0	1	1
AT5TE38495	0	0	0	1	1
AT5TE38500	0	0	0	1	1
AT5TE38505	0	0	0	1	1
AT5TE38510	0	0	0	1	1
AT5TE38515	0	0	0	1	1
AT5TE38520	0	0	0	1	1
AT5TE38525	0	0	0	1	1
AT5TE38540	0	0	0	1	1
AT5TE38545	0	0	0	1	1
AT5TE38550	0	0	0	1	1
AT5TE38555	0	0	0	1	1
AT5TE38560	0	0	0	1	1
AT5TE38565	0	0	0	1	1
AT5TE38570	0	0	0	1	1
AT5TE38575	0	0	0	1	1
AT5TE38580	0	0	0	1	1
AT5TE38585	0	0	0	1	1
AT5TE38595	0	0	0	1	1
AT5TE38600	0	0	0	1	1
AT5TE38605	0	0	0	1	1
AT5TE38610	0	0	0	1	1
AT5TE38615	0	0	0	1	1
AT5TE38625	0	0	0	1	1
AT5TE38630	0	0	0	1	1
AT5TE38635	0	0	0	1	1
AT5TE38640	0	0	0	1	1
AT5TE38645	0	0	0	1	1
AT5TE38650	0	0	0	1	1
AT5TE38655	0	0	0	1	1
AT5TE38665	0	0	0	1	1
AT5TE38670	0	0	0	1	1
AT5TE38675	0	0.545807951627947	-2.34990267830135	0.999999999999994	1
AT5TE38680	0	0	0	1	1
AT5TE38690	0	0	0	1	1
AT5TE38700	0	0	0	1	1
AT5TE38705	0	0	0	1	1
AT5TE38710	0	1.65135189579554	-3.73545579960851	0.253985238428292	1
AT5TE38715	0	0	0	1	1
AT5TE38720	2514.74877097567	2829.80924817463	-0.168677427958269	0.273853740413847	1
AT5TE38725	0	0	0	1	1
AT5TE38730	9.02183401889026	0	3.1389642957582	0.502157730161856	1
AT5TE38735	992.418547550911	841.522407910893	0.220656096070514	0.639110733092524	1
AT5TE38740	0	0	0	1	1
AT5TE38745	12.6144989476332	6.66771273840674	0.897167005962953	0.335788702389067	1
AT5TE38750	0	0	0	1	1
AT5TE38755	0	0	0	1	1
AT5TE38760	0	0	0	1	1
AT5TE38770	0	0	0	1	1
AT5TE38780	0	0	0	1	1
AT5TE38785	0	0	0	1	1
AT5TE38790	0	0	0	1	1
AT5TE38795	0	0	0	1	1
AT5TE38800	0	0	0	1	1
AT5TE38805	0	0	0	1	1
AT5TE38810	0	0	0	1	1
AT5TE38815	0	0	0	1	1
AT5TE38820	0	0	0	1	1
AT5TE38825	0	0	0	1	1
AT5TE38830	0	0	0	1	1
AT5TE38835	0	0	0	1	1
AT5TE38840	0	0	0	1	1
AT5TE38845	0	0	0	1	1
AT5TE38855	0	0	0	1	1
AT5TE38860	0	0	0	1	1
AT5TE38865	0	0	0	1	1
AT5TE38870	0	0	0	1	1
AT5TE38875	0	1.95349121462758	-2.34990267818165	1	1
AT5TE38880	0	0	0	1	1
AT5TE38885	40.4220430707449	87.3268058773379	-1.10695287436975	0.0827647632024192	1
AT5TE38890	0	0	0	1	1
AT5TE38895	0	0	0	1	1
AT5TE38900	34.8096766896016	0	3.1391505278413	0.501872869297186	1
AT5TE38905	0	0	0	1	1
AT5TE38910	0	0	0	1	1
AT5TE38915	0	0	0	1	1
AT5TE38920	13.8417179467905	0	2.29417294253515	1	1
AT5TE38925	0	0	0	1	1
AT5TE38930	0	0	0	1	1
AT5TE38935	1.46595000175182	0	2.29434778156413	1	1
AT5TE38940	0	0	0	1	1
AT5TE38945	0	0	0	1	1
AT5TE38950	0	0	0	1	1
AT5TE38955	0	0	0	1	1
AT5TE38960	0	0	0	1	1
AT5TE38965	0	0	0	1	1
AT5TE38970	0	0	0	1	1
AT5TE38975	0	0	0	1	1
AT5TE38980	0	0	0	1	1
AT5TE38985	0	0	0	1	1
AT5TE38990	0	0	0	1	1
AT5TE38995	0	0	0	1	1
AT5TE39000	0	0	0	1	1
AT5TE39005	0	0	0	1	1
AT5TE39010	0	0	0	1	1
AT5TE39015	0	0	0	1	1
AT5TE39020	0	0	0	1	1
AT5TE39025	0	0	0	1	1
AT5TE39035	0	0	0	1	1
AT5TE39040	0	0	0	1	1
AT5TE39045	0	0	0	1	1
AT5TE39050	0	0	0	1	1
AT5TE39055	0	0	0	1	1
AT5TE39060	0	0	0	1	1
AT5TE39065	0	0	0	1	1
AT5TE39070	0	0	0	1	1
AT5TE39075	0	0	0	1	1
AT5TE39080	0	0	0	1	1
AT5TE39085	0	0	0	1	1
AT5TE39090	0	0	0	1	1
AT5TE39095	0	0	0	1	1
AT5TE39100	0	0	0	1	1
AT5TE39105	0	0	0	1	1
AT5TE39110	0	0	0	1	1
AT5TE39120	0	0	0	1	1
AT5TE39125	0	0	0	1	1
AT5TE39135	0	0	0	1	1
AT5TE39140	2.6555523838405	1.46244479998585	0.788203773382905	0.999999999999996	1
AT5TE39145	0	0	0	1	1
AT5TE39150	0	0	0	1	1
AT5TE39155	8.00881434702015	0	2.29417294252333	1	1
AT5TE39160	13.8417179467905	0	2.29417294251151	0.999999999999993	1
AT5TE39165	0	0	0	1	1
AT5TE39170	0	0	0	1	1
AT5TE39175	0	0	0	1	1
AT5TE39180	0	0	0	1	1
AT5TE39185	0	0	0	1	1
AT5TE39190	0	0	0	1	1
AT5TE39195	0	0	0	1	1
AT5TE39200	0	0	0	1	1
AT5TE39205	0	0	0	1	1
AT5TE39210	0	0	0	1	1
AT5TE39215	0	0	0	1	1
AT5TE39230	0	0	0	1	1
AT5TE39235	0	0	0	1	1
AT5TE39240	0	0	0	1	1
AT5TE39245	0	0	0	1	1
AT5TE39250	0	0	0	1	1
AT5TE39260	0	0	0	1	1
AT5TE39265	0	0	0	1	1
AT5TE39270	0	0	0	1	1
AT5TE39275	7.63712662202964	16.6965472077788	-0.908407391667476	1	1
AT5TE39280	0	0	0	1	1
AT5TE39285	0	0	0	1	1
AT5TE39290	0	0	0	1	1
AT5TE39295	0	0	0	1	1
AT5TE39300	0	0	0	1	1
AT5TE39305	0	0	0	1	1
AT5TE39315	0	0	0	1	1
AT5TE39320	0	0	0	1	1
AT5TE39325	0	0	0	1	1
AT5TE39330	0	0	0	1	1
AT5TE39335	0	0	0	1	1
AT5TE39340	0	0	0	1	1
AT5TE39345	0	0	0	1	1
AT5TE39350	0	0	0	1	1
AT5TE39355	0	0	0	1	1
AT5TE39360	0	0	0	1	1
AT5TE39365	0	0	0	1	1
AT5TE39380	0	0	0	1	1
AT5TE39385	0	0	0	1	1
AT5TE39390	0	0	0	1	1
AT5TE39395	0	0	0	1	1
AT5TE39400	0	0	0	1	1
AT5TE39405	0	0	0	1	1
AT5TE39410	0	0	0	1	1
AT5TE39415	0	0	0	1	1
AT5TE39420	0	0	0	1	1
AT5TE39425	0	0	0	1	1
AT5TE39430	0	0	0	1	1
AT5TE39435	0	0	0	1	1
AT5TE39440	0	2.60244199195925	-2.34990267806195	0.999999999999997	1
AT5TE39445	0	0	0	1	1
AT5TE39450	1816.98108390829	1859.78917570008	-0.0647482866113761	1	1
AT5TE39455	0	0	0	1	1
AT5TE39460	0	0	0	1	1
AT5TE39465	0	0	0	1	1
AT5TE39475	2140.50568057532	1693.8955939855	0.319083413428267	0.532032595226877	1
AT5TE39480	0	0	0	1	1
AT5TE39485	0	0	0	1	1
AT5TE39490	0	0	0	1	1
AT5TE39495	0	0	0	1	1
AT5TE39500	0	0	0	1	1
AT5TE39505	0	0	0	1	1
AT5TE39510	0	0	0	1	1
AT5TE39515	0	0	0	1	1
AT5TE39525	0	0	0	1	1
AT5TE39530	0	0	0	1	1
AT5TE39535	0	0	0	1	1
AT5TE39540	0	0	0	1	1
AT5TE39545	0	0	0	1	1
AT5TE39550	0	0	0	1	1
AT5TE39555	0	0	0	1	1
AT5TE39560	0	0	0	1	1
AT5TE39565	0	0	0	1	1
AT5TE39570	0	0	0	1	1
AT5TE39580	0	0	0	1	1
AT5TE39585	0	0	0	1	1
AT5TE39590	0	0	0	1	1
AT5TE39600	0	0	0	1	1
AT5TE39605	0	0	0	1	1
AT5TE39610	0	0	0	1	1
AT5TE39615	0	0	0	1	1
AT5TE39620	0	0	0	1	1
AT5TE39625	0	0	0	1	1
AT5TE39630	41.5963805193431	16.2787353540987	1.27830938465656	0.431074834159758	1
AT5TE39635	0	0	0	1	1
AT5TE39640	0	0	0	1	1
AT5TE39645	0	0	0	1	1
AT5TE39650	0	0	0	1	1
AT5TE39655	0	0	0	1	1
AT5TE39660	0	0	0	1	1
AT5TE39665	0	0	0	1	1
AT5TE39670	0	0	0	1	1
AT5TE39675	0	0	0	1	1
AT5TE39680	0	0	0	1	1
AT5TE39685	0	0	0	1	1
AT5TE39690	0	0	0	1	1
AT5TE39695	0	0	0	1	1
AT5TE39700	0	0	0	1	1
AT5TE39705	0	0	0	1	1
AT5TE39710	0	0	0	1	1
AT5TE39715	0	0	0	1	1
AT5TE39720	0	0	0	1	1
AT5TE39725	0	0	0	1	1
AT5TE39730	0	0	0	1	1
AT5TE39735	0	0	0	1	1
AT5TE39740	0	0	0	1	1
AT5TE39745	0	0	0	1	1
AT5TE39750	0	0	0	1	1
AT5TE39755	0	0	0	1	1
AT5TE39760	0	0	0	1	1
AT5TE39790	0	0	0	1	1
AT5TE39795	0	0	0	1	1
AT5TE39800	0	0	0	1	1
AT5TE39805	0	0	0	1	1
AT5TE39810	0	0	0	1	1
AT5TE39820	0	0	0	1	1
AT5TE39825	0	0	0	1	1
AT5TE39830	0	0	0	1	1
AT5TE39835	0	0	0	1	1
AT5TE39840	0	0	0	1	1
AT5TE39845	0	0	0	1	1
AT5TE39850	0	0	0	1	1
AT5TE39855	0	0	0	1	1
AT5TE39860	0	0	0	1	1
AT5TE39865	0	0	0	1	1
AT5TE39870	0	0	0	1	1
AT5TE39875	0	0	0	1	1
AT5TE39880	0	0	0	1	1
AT5TE39885	0	0	0	1	1
AT5TE39890	0	0	0	1	1
AT5TE39895	0	0	0	1	1
AT5TE39900	0	0	0	1	1
AT5TE39905	0	0	0	1	1
AT5TE39910	0	0	0	1	1
AT5TE39915	0	0	0	1	1
AT5TE39920	0	0	0	1	1
AT5TE39925	0	0	0	1	1
AT5TE39930	0	0	0	1	1
AT5TE39935	0	0	0	1	1
AT5TE39940	0	0	0	1	1
AT5TE39945	0	0	0	1	1
AT5TE39950	0	0	0	1	1
AT5TE39955	0	0	0	1	1
AT5TE39960	0	0	0	1	1
AT5TE39965	0	0	0	1	1
AT5TE39980	0	0	0	1	1
AT5TE39985	24.1393100288466	0	2.29434778157061	1	1
AT5TE39990	0	0	0	1	1
AT5TE39995	0	0	0	1	1
AT5TE40000	0	0	0	1	1
AT5TE40005	0	0	0	1	1
AT5TE40010	0	0	0	1	1
AT5TE40015	0	0	0	1	1
AT5TE40020	86.3325105695747	98.8835151831304	-0.191575348086131	1	1
AT5TE40030	0	0	0	1	1
AT5TE40035	0	0	0	1	1
AT5TE40040	0	0	0	1	1
AT5TE40045	0	0	0	1	1
AT5TE40050	0	0	0	1	1
AT5TE40055	0	0	0	1	1
AT5TE40060	0	0	0	1	1
AT5TE40065	0	0	0	1	1
AT5TE40070	0	0	0	1	1
AT5TE40075	0	0	0	1	1
AT5TE40080	0	0	0	1	1
AT5TE40085	0	0	0	1	1
AT5TE40100	0	0	0	1	1
AT5TE40105	0	0	0	1	1
AT5TE40110	0	0	0	1	1
AT5TE40115	0	0	0	1	1
AT5TE40120	0	0	0	1	1
AT5TE40125	0	0	0	1	1
AT5TE40130	0	0	0	1	1
AT5TE40135	0	0	0	1	1
AT5TE40140	0	0	0	1	1
AT5TE40145	0	0	0	1	1
AT5TE40150	0	0	0	1	1
AT5TE40155	0	0	0	1	1
AT5TE40165	0	0	0	1	1
AT5TE40170	0	0	0	1	1
AT5TE40175	0	0	0	1	1
AT5TE40180	0	0	0	1	1
AT5TE40185	0	0	0	1	1
AT5TE40190	0	0	0	1	1
AT5TE40195	0	0	0	1	1
AT5TE40200	0	0	0	1	1
AT5TE40205	0	0	0	1	1
AT5TE40210	0	0	0	1	1
AT5TE40215	0	0	0	1	1
AT5TE40220	0	0	0	1	1
AT5TE40230	0	0	0	1	1
AT5TE40235	0	0	0	1	1
AT5TE40245	0	0	0	1	1
AT5TE40250	0	0	0	1	1
AT5TE40255	0	0	0	1	1
AT5TE40260	0	0	0	1	1
AT5TE40265	0	0	0	1	1
AT5TE40270	0	0	0	1	1
AT5TE40275	0	0	0	1	1
AT5TE40280	0	0	0	1	1
AT5TE40285	0	0	0	1	1
AT5TE40295	0	0	0	1	1
AT5TE40300	0	0	0	1	1
AT5TE40305	0	0	0	1	1
AT5TE40310	0	0	0	1	1
AT5TE40315	0	0	0	1	1
AT5TE40320	0	0	0	1	1
AT5TE40325	0	0	0	1	1
AT5TE40330	0	0	0	1	1
AT5TE40335	0	0	0	1	1
AT5TE40340	0	0	0	1	1
AT5TE40345	0	0	0	1	1
AT5TE40350	0	0	0	1	1
AT5TE40355	0	0	0	1	1
AT5TE40360	0	0	0	1	1
AT5TE40365	0	0	0	1	1
AT5TE40370	0	0	0	1	1
AT5TE40375	0	0	0	1	1
AT5TE40380	0	0	0	1	1
AT5TE40385	0	0	0	1	1
AT5TE40390	0	0	0	1	1
AT5TE40395	0	0	0	1	1
AT5TE40400	0	0	0	1	1
AT5TE40405	0	0	0	1	1
AT5TE40410	0	0	0	1	1
AT5TE40415	0	0	0	1	1
AT5TE40420	0	0	0	1	1
AT5TE40425	0	0	0	1	1
AT5TE40430	0	0	0	1	1
AT5TE40435	0	0	0	1	1
AT5TE40440	0	0	0	1	1
AT5TE40445	0	0	0	1	1
AT5TE40450	0	0	0	1	1
AT5TE40455	0	0	0	1	1
AT5TE40460	0	0	0	1	1
AT5TE40465	0	0	0	1	1
AT5TE40470	0	0	0	1	1
AT5TE40475	0	0	0	1	1
AT5TE40480	0	0	0	1	1
AT5TE40485	0	0	0	1	1
AT5TE40490	0	0	0	1	1
AT5TE40495	0	0	0	1	1
AT5TE40500	0	0	0	1	1
AT5TE40505	0	0	0	1	1
AT5TE40510	0	0	0	1	1
AT5TE40515	0	0	0	1	1
AT5TE40520	0	0	0	1	1
AT5TE40525	0	0	0	1	1
AT5TE40530	0	0	0	1	1
AT5TE40535	0	0	0	1	1
AT5TE40540	0	0	0	1	1
AT5TE40545	0	0	0	1	1
AT5TE40550	0	0	0	1	1
AT5TE40555	0	0	0	1	1
AT5TE40560	0	0	0	1	1
AT5TE40565	0	0	0	1	1
AT5TE40570	0	0	0	1	1
AT5TE40575	0	0	0	1	1
AT5TE40580	0	0	0	1	1
AT5TE40585	0	0	0	1	1
AT5TE40590	0	0	0	1	1
AT5TE40595	0	0	0	1	1
AT5TE40600	0	0	0	1	1
AT5TE40660	0	0	0	1	1
AT5TE40670	0	0	0	1	1
AT5TE40675	0	0	0	1	1
AT5TE40820	0	0	0	1	1
AT5TE40825	0	0	0	1	1
AT5TE40830	0	0	0	1	1
AT5TE40835	0	0	0	1	1
AT5TE40840	0	0	0	1	1
AT5TE40845	0	0	0	1	1
AT5TE40850	0	0	0	1	1
AT5TE40855	0	0	0	1	1
AT5TE40860	0	0	0	1	1
AT5TE40865	0	0	0	1	1
AT5TE40875	0	0	0	1	1
AT5TE40880	0	0	0	1	1
AT5TE40885	0	0	0	1	1
AT5TE40890	0	0	0	1	1
AT5TE40895	0	0	0	1	1
AT5TE40900	0	0	0	1	1
AT5TE40905	0	0	0	1	1
AT5TE40910	0	0	0	1	1
AT5TE40915	0	0	0	1	1
AT5TE40920	0	0	0	1	1
AT5TE40925	0	0	0	1	1
AT5TE40930	0	0	0	1	1
AT5TE40935	0	0	0	1	1
AT5TE40940	0	0	0	1	1
AT5TE40945	0	0	0	1	1
AT5TE40950	0	0	0	1	1
AT5TE40955	0	0	0	1	1
AT5TE40960	0	0	0	1	1
AT5TE40965	0	0	0	1	1
AT5TE40970	0	0	0	1	1
AT5TE40975	0	0	0	1	1
AT5TE40980	0	0	0	1	1
AT5TE40985	0	0	0	1	1
AT5TE40990	0	0	0	1	1
AT5TE40995	0	0	0	1	1
AT5TE41000	0	0	0	1	1
AT5TE41005	0	0	0	1	1
AT5TE41010	0	0	0	1	1
AT5TE41015	0	0	0	1	1
AT5TE41020	0	0	0	1	1
AT5TE41025	0	0	0	1	1
AT5TE41030	0	0	0	1	1
AT5TE41035	0	0	0	1	1
AT5TE41040	0	0	0	1	1
AT5TE41045	0	0	0	1	1
AT5TE41050	0	0	0	1	1
AT5TE41055	0	0	0	1	1
AT5TE41060	0	0	0	1	1
AT5TE41065	0	0	0	1	1
AT5TE41070	0	0	0	1	1
AT5TE41075	0	0	0	1	1
AT5TE41080	0	0	0	1	1
AT5TE41085	0	0	0	1	1
AT5TE41090	0	0	0	1	1
AT5TE41095	0	0	0	1	1
AT5TE41100	0	0	0	1	1
AT5TE41105	0	0	0	1	1
AT5TE41110	0	0	0	1	1
AT5TE41115	0	0	0	1	1
AT5TE41120	0	0	0	1	1
AT5TE41125	0	0	0	1	1
AT5TE41130	0	0	0	1	1
AT5TE41135	0	0	0	1	1
AT5TE41140	0	0	0	1	1
AT5TE41145	0	0	0	1	1
AT5TE41150	0	0	0	1	1
AT5TE41155	0	0	0	1	1
AT5TE41160	0	0	0	1	1
AT5TE41165	0	0	0	1	1
AT5TE41170	0	0	0	1	1
AT5TE41175	0	0	0	1	1
AT5TE41180	0	0	0	1	1
AT5TE41185	0	0	0	1	1
AT5TE41190	0	0	0	1	1
AT5TE41195	0	0	0	1	1
AT5TE41200	4.16965093582824	0	2.29417294249969	1	1
AT5TE41205	0	0	0	1	1
AT5TE41210	0	0	0	1	1
AT5TE41215	0	0	0	1	1
AT5TE41220	0	0	0	1	1
AT5TE41225	0	0	0	1	1
AT5TE41230	0	0	0	1	1
AT5TE41235	0	0	0	1	1
AT5TE41240	0	0	0	1	1
AT5TE41245	0	0	0	1	1
AT5TE41250	0.318334075121778	0.321667022791918	-0.0557300316406383	1	1
AT5TE41255	0	0	0	1	1
AT5TE41260	0	0	0	1	1
AT5TE41265	0	0	0	1	1
AT5TE41270	0	0	0	1	1
AT5TE41275	0	0	0	1	1
AT5TE41280	0	0	0	1	1
AT5TE41285	0	0	0	1	1
AT5TE41290	0	0	0	1	1
AT5TE41295	0	0	0	1	1
AT5TE41300	0	0	0	1	1
AT5TE41305	0	0	0	1	1
AT5TE41310	0	0	0	1	1
AT5TE41315	0	0	0	1	1
AT5TE41320	0	0	0	1	1
AT5TE41325	0	0	0	1	1
AT5TE41330	0	0	0	1	1
AT5TE41335	0	0	0	1	1
AT5TE41340	0	0	0	1	1
AT5TE41345	1.56390346985668	0	2.29434778157709	1	1
AT5TE41350	0	0	0	1	1
AT5TE41355	0	0	0	1	1
AT5TE41360	0	0	0	1	1
AT5TE41365	0	0	0	1	1
AT5TE41370	0	0	0	1	1
AT5TE41375	0	0	0	1	1
AT5TE41380	0	0	0	1	1
AT5TE41385	0	0	0	1	1
AT5TE41390	0	0	0	1	1
AT5TE41395	0	0	0	1	1
AT5TE41400	0	0	0	1	1
AT5TE41405	0	0	0	1	1
AT5TE41410	0	0	0	1	1
AT5TE41415	0	0	0	1	1
AT5TE41420	0	0	0	1	1
AT5TE41425	0	0	0	1	1
AT5TE41430	0	0	0	1	1
AT5TE41435	0	0	0	1	1
AT5TE41440	0	0	0	1	1
AT5TE41445	0	0	0	1	1
AT5TE41450	0	0	0	1	1
AT5TE41455	0	0	0	1	1
AT5TE41460	0	0	0	1	1
AT5TE41465	0	0	0	1	1
AT5TE41470	0	0	0	1	1
AT5TE41475	0	0	0	1	1
AT5TE41480	0	0	0	1	1
AT5TE41485	0	0	0	1	1
AT5TE41490	0	0	0	1	1
AT5TE41495	0	0	0	1	1
AT5TE41500	0	0	0	1	1
AT5TE41505	0	0	0	1	1
AT5TE41510	0	0	0	1	1
AT5TE41515	0	0	0	1	1
AT5TE41520	0	0	0	1	1
AT5TE41525	0	0	0	1	1
AT5TE41530	0	0	0	1	1
AT5TE41535	0	0	0	1	1
AT5TE41540	0	0	0	1	1
AT5TE41545	0	0	0	1	1
AT5TE41550	0	0	0	1	1
AT5TE41555	0	0	0	1	1
AT5TE41560	0	0	0	1	1
AT5TE41565	0	0	0	1	1
AT5TE41570	0	0	0	1	1
AT5TE41575	0	0	0	1	1
AT5TE41580	0	0	0	1	1
AT5TE41585	0	0	0	1	1
AT5TE41590	0	0	0	1	1
AT5TE41595	0	0	0	1	1
AT5TE41600	0	0	0	1	1
AT5TE41605	0	0	0	1	1
AT5TE41610	0	0	0	1	1
AT5TE41615	0	0	0	1	1
AT5TE41620	0	0	0	1	1
AT5TE41625	0	0	0	1	1
AT5TE41630	0	0	0	1	1
AT5TE41635	0	0	0	1	1
AT5TE41640	0	0	0	1	1
AT5TE41645	0	0	0	1	1
AT5TE41650	0	0	0	1	1
AT5TE41655	0	0	0	1	1
AT5TE41660	0	0	0	1	1
AT5TE41665	0	0	0	1	1
AT5TE41670	0	0	0	1	1
AT5TE41675	0	0	0	1	1
AT5TE41680	0	0	0	1	1
AT5TE41685	0	0	0	1	1
AT5TE41710	0	0	0	1	1
AT5TE41715	0	0	0	1	1
AT5TE41720	0	0	0	1	1
AT5TE41725	0	0	0	1	1
AT5TE41735	0	0	0	1	1
AT5TE41740	0	0	0	1	1
AT5TE41745	0	0	0	1	1
AT5TE41750	0	0	0	1	1
AT5TE41755	0	0	0	1	1
AT5TE41760	0	0	0	1	1
AT5TE41765	0	0	0	1	1
AT5TE41770	0	0	0	1	1
AT5TE41775	0	0	0	1	1
AT5TE41780	0	0	0	1	1
AT5TE41785	0	0	0	1	1
AT5TE41790	0	0	0	1	1
AT5TE41795	0	0	0	1	1
AT5TE41800	0	0	0	1	1
AT5TE41805	0	0	0	1	1
AT5TE41810	0	0	0	1	1
AT5TE41815	0	0	0	1	1
AT5TE41820	0	0	0	1	1
AT5TE41825	0	0	0	1	1
AT5TE41830	0	0	0	1	1
AT5TE41835	0	0	0	1	1
AT5TE41840	0	0	0	1	1
AT5TE41845	0	0	0	1	1
AT5TE41850	0	0	0	1	1
AT5TE41855	0	0	0	1	1
AT5TE41860	0	0	0	1	1
AT5TE41865	0	0	0	1	1
AT5TE41870	0	0	0	1	1
AT5TE41875	0	0	0	1	1
AT5TE41880	0	0	0	1	1
AT5TE41885	0	0	0	1	1
AT5TE41890	0	0	0	1	1
AT5TE41895	0	0	0	1	1
AT5TE41900	0	0	0	1	1
AT5TE41905	0	0	0	1	1
AT5TE41910	0	0	0	1	1
AT5TE41915	0	0	0	1	1
AT5TE41920	0	0	0	1	1
AT5TE41925	0	0	0	1	1
AT5TE41930	0	0	0	1	1
AT5TE41935	0	0	0	1	1
AT5TE41940	0	0	0	1	1
AT5TE41945	0	0	0	1	1
AT5TE41955	0	0	0	1	1
AT5TE41960	0	0	0	1	1
AT5TE41965	0	0	0	1	1
AT5TE41975	0	0	0	1	1
AT5TE41980	0	0	0	1	1
AT5TE41990	0	0	0	1	1
AT5TE41995	0	0	0	1	1
AT5TE42000	0	0	0	1	1
AT5TE42005	0	0	0	1	1
AT5TE42010	0	0	0	1	1
AT5TE42015	0	0	0	1	1
AT5TE42020	0	0	0	1	1
AT5TE42025	0	0	0	1	1
AT5TE42030	0	0	0	1	1
AT5TE42035	0	0	0	1	1
AT5TE42040	0	0	0	1	1
AT5TE42045	0	0	0	1	1
AT5TE42050	0	0	0	1	1
AT5TE42055	0	0	0	1	1
AT5TE42060	0	0	0	1	1
AT5TE42065	0	0	0	1	1
AT5TE42120	0	0	0	1	1
AT5TE42125	0	0	0	1	1
AT5TE42130	0	0	0	1	1
AT5TE42135	0	0	0	1	1
AT5TE42140	0	0	0	1	1
AT5TE42145	0	0	0	1	1
AT5TE42150	0	0	0	1	1
AT5TE42155	0	0	0	1	1
AT5TE42190	0	0	0	1	1
AT5TE42250	0	0	0	1	1
AT5TE42255	0	0	0	1	1
AT5TE42260	0	0	0	1	1
AT5TE42265	0	0	0	1	1
AT5TE42270	0	0	0	1	1
AT5TE42280	0	0	0	1	1
AT5TE42285	0	0	0	1	1
AT5TE42320	0	0	0	1	1
AT5TE42325	0	0	0	1	1
AT5TE42330	0	0	0	1	1
AT5TE42335	0	0	0	1	1
AT5TE42340	0	0	0	1	1
AT5TE42345	0	0	0	1	1
AT5TE42350	0	0	0	1	1
AT5TE42355	0	0	0	1	1
AT5TE42360	0	0	0	1	1
AT5TE42365	0	0	0	1	1
AT5TE42370	0	0	0	1	1
AT5TE42375	0	0	0	1	1
AT5TE42380	0	0	0	1	1
AT5TE42420	0	0	0	1	1
AT5TE42425	0	0	0	1	1
AT5TE42430	0	0	0	1	1
AT5TE42435	0	0	0	1	1
AT5TE42440	0	0	0	1	1
AT5TE42445	0	0	0	1	1
AT5TE42470	1.16081863265879	2.70500291048582	-1.18806090284922	0.27726531010905	1
AT5TE42660	0	0	0	1	1
AT5TE42665	0	0	0	1	1
AT5TE42670	0	0	0	1	1
AT5TE42675	0	0	0	1	1
AT5TE42680	1.06334691935355	0	3.13896429767013	0.502157707522944	1
AT5TE42710	0	0	0	1	1
AT5TE42715	0	0	0	1	1
AT5TE42750	0	0	0	1	1
AT5TE42760	0	0	0	1	1
AT5TE42800	0	0	0	1	1
AT5TE42805	0	0	0	1	1
AT5TE42810	0	0	0	1	1
AT5TE42815	0	0	0	1	1
AT5TE42820	0	0	0	1	1
AT5TE42825	0	0	0	1	1
AT5TE42830	0	0	0	1	1
AT5TE42835	0	0	0	1	1
AT5TE42840	0	0	0	1	1
AT5TE42845	0	0	0	1	1
AT5TE42850	0	0	0	1	1
AT5TE42855	0	0	0	1	1
AT5TE42860	0	0	0	1	1
AT5TE42865	0	0	0	1	1
AT5TE42870	0	0	0	1	1
AT5TE42875	0	0	0	1	1
AT5TE42880	0	0	0	1	1
AT5TE42885	0	0	0	1	1
AT5TE42890	0	0	0	1	1
AT5TE42895	0	0	0	1	1
AT5TE42900	0	0	0	1	1
AT5TE42905	0	0	0	1	1
AT5TE42910	0	0	0	1	1
AT5TE42915	0	0	0	1	1
AT5TE42920	0	0	0	1	1
AT5TE42925	4.85402118550381	0	2.29417294248787	1	1
AT5TE42930	0	0	0	1	1
AT5TE42935	0	0	0	1	1
AT5TE42940	0	0	0	1	1
AT5TE42945	0	0	0	1	1
AT5TE42950	0	0	0	1	1
AT5TE42960	0	0	0	1	1
AT5TE42965	0	0	0	1	1
AT5TE42970	0	0	0	1	1
AT5TE42975	0	0	0	1	1
AT5TE42985	0	0	0	1	1
AT5TE43030	0	0	0	1	1
AT5TE43035	0	0	0	1	1
AT5TE43040	0	0	0	1	1
AT5TE43045	2.32553604169323	0	2.29417294247605	1	1
AT5TE43050	0	0	0	1	1
AT5TE43055	0	0	0	1	1
AT5TE43060	0	0	0	1	1
AT5TE43065	0	0	0	1	1
AT5TE43070	0	0	0	1	1
AT5TE43075	0	0	0	1	1
AT5TE43080	0	0	0	1	1
AT5TE43085	0	0	0	1	1
AT5TE43090	0	0	0	1	1
AT5TE43095	0	0	0	1	1
AT5TE43120	0	0	0	1	1
AT5TE43130	29.1256174446964	7.30172639937077	1.70489865865452	0.379424336387002	1
AT5TE43135	0	0	0	1	1
AT5TE43140	0	0	0	1	1
AT5TE43145	0	0	0	1	1
AT5TE43150	0	0	0	1	1
AT5TE43155	0	0	0	1	1
AT5TE43160	0	0	0	1	1
AT5TE43165	0	0	0	1	1
AT5TE43170	0	0	0	1	1
AT5TE43175	0	0	0	1	1
AT5TE43180	0	0	0	1	1
AT5TE43190	0	0	0	1	1
AT5TE43195	0	0	0	1	1
AT5TE43200	0	0	0	1	1
AT5TE43205	0	0	0	1	1
AT5TE43210	0	0	0	1	1
AT5TE43215	1.87235097612546	0	3.13896429958201	0.502157684884632	1
AT5TE43220	0	0	0	1	1
AT5TE43225	0	0	0	1	1
AT5TE43230	0	0	0	1	1
AT5TE43235	0	0	0	1	1
AT5TE43240	0	0	0	1	1
AT5TE43245	0	0	0	1	1
AT5TE43250	0	0	0	1	1
AT5TE43255	0.667548167880891	0	2.29417294246423	0.999999999999999	1
AT5TE43260	0	0	0	1	1
AT5TE43265	0	0	0	1	1
AT5TE43270	0	0	0	1	1
AT5TE43275	0	0	0	1	1
AT5TE43280	0	0	0	1	1
AT5TE43290	0	0	0	1	1
AT5TE43300	0	0	0	1	1
AT5TE43305	0	0	0	1	1
AT5TE43310	0	0	0	1	1
AT5TE43315	0	0	0	1	1
AT5TE43320	0	0	0	1	1
AT5TE43325	0	0	0	1	1
AT5TE43330	0	0	0	1	1
AT5TE43335	0	0	0	1	1
AT5TE43340	0	0	0	1	1
AT5TE43345	0	0	0	1	1
AT5TE43350	0	0	0	1	1
AT5TE43355	0	0	0	1	1
AT5TE43360	0	0	0	1	1
AT5TE43365	0	0	0	1	1
AT5TE43370	0	0	0	1	1
AT5TE43375	0	0	0	1	1
AT5TE43380	0	0	0	1	1
AT5TE43385	0	0	0	1	1
AT5TE43390	0	0	0	1	1
AT5TE43395	0	0	0	1	1
AT5TE43400	0	0	0	1	1
AT5TE43405	0	0	0	1	1
AT5TE43410	0	0	0	1	1
AT5TE43415	0	0	0	1	1
AT5TE43420	0	0	0	1	1
AT5TE43430	0	0	0	1	1
AT5TE43435	0	0	0	1	1
AT5TE43440	0	0	0	1	1
AT5TE43445	0	0	0	1	1
AT5TE43450	0	0	0	1	1
AT5TE43455	0	0	0	1	1
AT5TE43460	0	0	0	1	1
AT5TE43465	0	0	0	1	1
AT5TE43470	0	0	0	1	1
AT5TE43475	0	0	0	1	1
AT5TE43480	0	0	0	1	1
AT5TE43485	0	0	0	1	1
AT5TE43490	0	0	0	1	1
AT5TE43495	0	0	0	1	1
AT5TE43500	0	0	0	1	1
AT5TE43505	0	0	0	1	1
AT5TE43510	0	0	0	1	1
AT5TE43515	0	0	0	1	1
AT5TE43520	0	0	0	1	1
AT5TE43525	0	0	0	1	1
AT5TE43530	0	0	0	1	1
AT5TE43535	0	0	0	1	1
AT5TE43540	0	0	0	1	1
AT5TE43545	0	0	0	1	1
AT5TE43550	0	0	0	1	1
AT5TE43555	0	0	0	1	1
AT5TE43560	0	0	0	1	1
AT5TE43565	0	0	0	1	1
AT5TE43575	0	0	0	1	1
AT5TE43580	0	0	0	1	1
AT5TE43585	0	0	0	1	1
AT5TE43590	0	0	0	1	1
AT5TE43595	0	0	0	1	1
AT5TE43600	0	0	0	1	1
AT5TE43605	0	0	0	1	1
AT5TE43610	0	0	0	1	1
AT5TE43615	0	0	0	1	1
AT5TE43620	0	0	0	1	1
AT5TE43625	0	0	0	1	1
AT5TE43630	0	0	0	1	1
AT5TE43635	0	0	0	1	1
AT5TE43640	0	0	0	1	1
AT5TE43645	0	0	0	1	1
AT5TE43650	0	0	0	1	1
AT5TE43655	0	0	0	1	1
AT5TE43660	0	0	0	1	1
AT5TE43665	0	0	0	1	1
AT5TE43670	0	0	0	1	1
AT5TE43675	0	0	0	1	1
AT5TE43680	0	0	0	1	1
AT5TE43685	0	0	0	1	1
AT5TE43690	0	0	0	1	1
AT5TE43695	0	0	0	1	1
AT5TE43700	0	0	0	1	1
AT5TE43705	0	0	0	1	1
AT5TE43710	0	0	0	1	1
AT5TE43715	0	0	0	1	1
AT5TE43720	0	0	0	1	1
AT5TE43725	0	0	0	1	1
AT5TE43730	0	0	0	1	1
AT5TE43735	0	0	0	1	1
AT5TE43740	0	0	0	1	1
AT5TE43745	0	0	0	1	1
AT5TE43750	0	0	0	1	1
AT5TE43755	0	0	0	1	1
AT5TE43765	0	0	0	1	1
AT5TE43775	0	0	0	1	1
AT5TE43780	0	0	0	1	1
AT5TE43785	0	0	0	1	1
AT5TE43790	0	0	0	1	1
AT5TE43795	0	0	0	1	1
AT5TE43800	0	0	0	1	1
AT5TE43805	0	0	0	1	1
AT5TE43810	0	0	0	1	1
AT5TE43815	0	0	0	1	1
AT5TE43820	0	0	0	1	1
AT5TE43825	0	0	0	1	1
AT5TE43830	0	0	0	1	1
AT5TE43835	0	0	0	1	1
AT5TE43840	0	0	0	1	1
AT5TE43845	0	0	0	1	1
AT5TE43850	0	0	0	1	1
AT5TE43855	0	0	0	1	1
AT5TE43860	0	0	0	1	1
AT5TE43880	0	0	0	1	1
AT5TE43885	0	0	0	1	1
AT5TE43890	0	0	0	1	1
AT5TE43895	0	0	0	1	1
AT5TE43900	0	0	0	1	1
AT5TE43905	0	0	0	1	1
AT5TE43910	0	0	0	1	1
AT5TE43915	0	0	0	1	1
AT5TE43920	0	0	0	1	1
AT5TE43925	0	0	0	1	1
AT5TE43930	0	0	0	1	1
AT5TE43935	0	0	0	1	1
AT5TE43940	0	0	0	1	1
AT5TE43945	0	0	0	1	1
AT5TE43950	0	0	0	1	1
AT5TE43955	0	0	0	1	1
AT5TE43960	0	0	0	1	1
AT5TE43965	0	0	0	1	1
AT5TE43970	0	0	0	1	1
AT5TE43975	0	0	0	1	1
AT5TE43980	0	0	0	1	1
AT5TE43985	0	0	0	1	1
AT5TE43990	0	0	0	1	1
AT5TE43995	0	0	0	1	1
AT5TE44000	0	0	0	1	1
AT5TE44005	0	0	0	1	1
AT5TE44010	0	0	0	1	1
AT5TE44015	0	0	0	1	1
AT5TE44020	0	0	0	1	1
AT5TE44025	0	0	0	1	1
AT5TE44030	0	0	0	1	1
AT5TE44035	0	0	0	1	1
AT5TE44040	0	0	0	1	1
AT5TE44045	0	0	0	1	1
AT5TE44050	0	0	0	1	1
AT5TE44055	0	0	0	1	1
AT5TE44060	0	0	0	1	1
AT5TE44065	0	0	0	1	1
AT5TE44070	0	0	0	1	1
AT5TE44075	0	0	0	1	1
AT5TE44080	0	0	0	1	1
AT5TE44085	0	0	0	1	1
AT5TE44090	0	0	0	1	1
AT5TE44095	7.61732950003126	0	3.1391505278525	0.501872886534719	1
AT5TE44100	32.4207083459586	0	2.29417294245241	1	1
AT5TE44110	0	0	0	1	1
AT5TE44115	0	0	0	1	1
AT5TE44120	0	0	0	1	1
AT5TE44125	0	0	0	1	1
AT5TE44130	0	0	0	1	1
AT5TE44135	0	0	0	1	1
AT5TE44140	0	0	0	1	1
AT5TE44145	0	0	0	1	1
AT5TE44150	0	0	0	1	1
AT5TE44155	0	0	0	1	1
AT5TE44160	0	0	0	1	1
AT5TE44165	0	0	0	1	1
AT5TE44170	0	0	0	1	1
AT5TE44175	0	0	0	1	1
AT5TE44180	0	0	0	1	1
AT5TE44185	0	0	0	1	1
AT5TE44190	23.9981444731224	11.9418098422458	0.789470761228987	0.999999999999999	1
AT5TE44200	0	0	0	1	1
AT5TE44205	0	0	0	1	1
AT5TE44210	0	0	0	1	1
AT5TE44215	0	0	0	1	1
AT5TE44220	0	0	0	1	1
AT5TE44225	0	0	0	1	1
AT5TE44230	0	0	0	1	1
AT5TE44235	0	3.49269939335506	-3.73383314550627	0.252838868182254	1
AT5TE44240	0	0	0	1	1
AT5TE44245	0	0	0	1	1
AT5TE44250	0	0	0	1	1
AT5TE44255	0	0	0	1	1
AT5TE44260	0	0	0	1	1
AT5TE44265	0	0	0	1	1
AT5TE44270	0	0	0	1	1
AT5TE44275	0	0	0	1	1
AT5TE44280	0	0	0	1	1
AT5TE44285	0	0	0	1	1
AT5TE44290	0	0	0	1	1
AT5TE44295	0	0	0	1	1
AT5TE44300	0	0	0	1	1
AT5TE44305	0	0	0	1	1
AT5TE44310	0	0	0	1	1
AT5TE44315	0	0	0	1	1
AT5TE44320	0	0	0	1	1
AT5TE44325	0	0	0	1	1
AT5TE44330	0	0	0	1	1
AT5TE44335	0	0	0	1	1
AT5TE44340	0	0	0	1	1
AT5TE44345	0	0	0	1	1
AT5TE44350	0	0	0	1	1
AT5TE44355	0	0	0	1	1
AT5TE44360	0	0	0	1	1
AT5TE44365	0	0	0	1	1
AT5TE44370	0	0	0	1	1
AT5TE44375	0	0	0	1	1
AT5TE44380	0	0	0	1	1
AT5TE44385	0	0	0	1	1
AT5TE44390	0	0	0	1	1
AT5TE44395	0	0	0	1	1
AT5TE44400	0	0	0	1	1
AT5TE44405	0	0	0	1	1
AT5TE44410	0	0	0	1	1
AT5TE44415	0	1.75409502730315	-2.35098259898501	1	1
AT5TE44420	0	0	0	1	1
AT5TE44425	0	0	0	1	1
AT5TE44430	0	0	0	1	1
AT5TE44435	0	0	0	1	1
AT5TE44440	0	0	0	1	1
AT5TE44445	0	0	0	1	1
AT5TE44450	0	0	0	1	1
AT5TE44460	0	0	0	1	1
AT5TE44465	0	0	0	1	1
AT5TE44470	0	0	0	1	1
AT5TE44475	0	0	0	1	1
AT5TE44480	108.925233917123	21.8791016038288	2.00928555153187	0.223734433308308	1
AT5TE44485	0	20.2183117131092	-2.34990267794224	1	1
AT5TE44490	195.46511250432	65.1717920114051	1.31861624625765	0.627807414355659	1
AT5TE44520	0	0	0	1	1
AT5TE44525	0	0	0	1	1
AT5TE44530	0	0	0	1	1
AT5TE44535	0	0	0	1	1
AT5TE44540	9.14535667518723	14.6583574090882	-0.594652310601129	0.999999999999998	1
AT5TE44545	0	0	0	1	1
AT5TE44550	0	0	0	1	1
AT5TE44555	0	0	0	1	1
AT5TE44565	0	0	0	1	1
AT5TE44570	0	0	0	1	1
AT5TE44575	0	0	0	1	1
AT5TE44580	0	0	0	1	1
AT5TE44585	0	0	0	1	1
AT5TE44590	0	0	0	1	1
AT5TE44595	12618.4827730196	10862.1373370948	0.215966922589932	0.0708231035614633	1
AT5TE44600	0	0	0	1	1
AT5TE44605	131.283093667192	154.620308519917	-0.256833756324248	0.880827927628082	1
AT5TE44610	0	0	0	1	1
AT5TE44615	0	0	0	1	1
AT5TE44620	0	0	0	1	1
AT5TE44625	0	0	0	1	1
AT5TE44635	0	0	0	1	1
AT5TE44640	0	0	0	1	1
AT5TE44645	0	0	0	1	1
AT5TE44650	0	0	0	1	1
AT5TE44655	0	0	0	1	1
AT5TE44660	0	0	0	1	1
AT5TE44665	0	0	0	1	1
AT5TE44670	0	0	0	1	1
AT5TE44675	0	0	0	1	1
AT5TE44680	0	0	0	1	1
AT5TE44685	0	0	0	1	1
AT5TE44690	0	0	0	1	1
AT5TE44695	0	0	0	1	1
AT5TE44700	0	0	0	1	1
AT5TE44705	0	0	0	1	1
AT5TE44710	0	0	0	1	1
AT5TE44715	0	0	0	1	1
AT5TE44720	0	0	0	1	1
AT5TE44725	0	0	0	1	1
AT5TE44730	0	0	0	1	1
AT5TE44735	0	0	0	1	1
AT5TE44740	0	0	0	1	1
AT5TE44745	0	0	0	1	1
AT5TE44750	0	0	0	1	1
AT5TE44755	0	0	0	1	1
AT5TE44760	0	0	0	1	1
AT5TE44765	0	0	0	1	1
AT5TE44770	0	0	0	1	1
AT5TE44775	0	0	0	1	1
AT5TE44780	0	0	0	1	1
AT5TE44785	0	0	0	1	1
AT5TE44790	0	0	0	1	1
AT5TE44795	0	0	0	1	1
AT5TE44800	0	0	0	1	1
AT5TE44810	0	0	0	1	1
AT5TE44815	0	0	0	1	1
AT5TE44820	0	0	0	1	1
AT5TE44825	0	0	0	1	1
AT5TE44830	0	0	0	1	1
AT5TE44835	0	0	0	1	1
AT5TE44840	0	0	0	1	1
AT5TE44850	0	0	0	1	1
AT5TE44860	0	0	0	1	1
AT5TE44865	0	0	0	1	1
AT5TE44870	0	0	0	1	1
AT5TE44875	0	0	0	1	1
AT5TE44880	0	0	0	1	1
AT5TE44885	0	0	0	1	1
AT5TE44890	0	0	0	1	1
AT5TE44895	0	0	0	1	1
AT5TE44905	0	0	0	1	1
AT5TE44915	0	0	0	1	1
AT5TE44920	0	0	0	1	1
AT5TE44925	0	0	0	1	1
AT5TE44930	0	0	0	1	1
AT5TE44935	0	0	0	1	1
AT5TE44940	0	0	0	1	1
AT5TE44945	0	0	0	1	1
AT5TE44950	0	0	0	1	1
AT5TE44955	0	0	0	1	1
AT5TE44960	0	0	0	1	1
AT5TE44965	0	0	0	1	1
AT5TE44970	0	0	0	1	1
AT5TE44975	0	0	0	1	1
AT5TE44980	0	0	0	1	1
AT5TE44985	0	0	0	1	1
AT5TE44990	0	0	0	1	1
AT5TE44995	0	0	0	1	1
AT5TE45000	0	0	0	1	1
AT5TE45005	0	0	0	1	1
AT5TE45010	0	0	0	1	1
AT5TE45015	13.1654125096509	33.9123803702749	-1.28553916465486	0.46072348482319	1
AT5TE45020	0	0	0	1	1
AT5TE45025	0	0	0	1	1
AT5TE45030	0	0	0	1	1
AT5TE45035	0	0	0	1	1
AT5TE45040	0	0	0	1	1
AT5TE45045	0	0	0	1	1
AT5TE45050	0	0	0	1	1
AT5TE45055	0	0	0	1	1
AT5TE45060	0	0	0	1	1
AT5TE45065	0	0	0	1	1
AT5TE45075	0	0	0	1	1
AT5TE45080	0	0	0	1	1
AT5TE45085	0	0	0	1	1
AT5TE45090	0	0	0	1	1
AT5TE45095	0	0	0	1	1
AT5TE45100	0	0	0	1	1
AT5TE45105	0	0	0	1	1
AT5TE45110	0	0	0	1	1
AT5TE45115	0	0	0	1	1
AT5TE45120	0	0	0	1	1
AT5TE45125	0	0	0	1	1
AT5TE45130	0	0	0	1	1
AT5TE45135	0	0	0	1	1
AT5TE45140	0	0	0	1	1
AT5TE45145	0	0	0	1	1
AT5TE45150	0	0	0	1	1
AT5TE45155	0	0	0	1	1
AT5TE45160	0	0	0	1	1
AT5TE45165	0	0	0	1	1
AT5TE45170	0	0	0	1	1
AT5TE45175	0	0	0	1	1
AT5TE45185	0	0	0	1	1
AT5TE45190	0	0	0	1	1
AT5TE45195	0	0	0	1	1
AT5TE45200	0	0	0	1	1
AT5TE45205	0	0	0	1	1
AT5TE45210	0	0	0	1	1
AT5TE45215	0	0	0	1	1
AT5TE45220	0	0	0	1	1
AT5TE45225	0	0	0	1	1
AT5TE45230	0	0	0	1	1
AT5TE45235	0	0	0	1	1
AT5TE45240	0	0	0	1	1
AT5TE45250	0	0	0	1	1
AT5TE45255	0	0	0	1	1
AT5TE45260	0	0	0	1	1
AT5TE45265	0	0	0	1	1
AT5TE45270	0	0	0	1	1
AT5TE45275	0	0	0	1	1
AT5TE45280	0	0	0	1	1
AT5TE45285	0	0	0	1	1
AT5TE45290	0	0	0	1	1
AT5TE45295	0	0	0	1	1
AT5TE45300	0	0	0	1	1
AT5TE45305	0	0	0	1	1
AT5TE45310	0	0	0	1	1
AT5TE45315	0	0	0	1	1
AT5TE45320	0	0	0	1	1
AT5TE45325	0	0	0	1	1
AT5TE45330	0	0	0	1	1
AT5TE45335	0	0	0	1	1
AT5TE45340	0	0	0	1	1
AT5TE45345	0	0	0	1	1
AT5TE45350	0	0	0	1	1
AT5TE45355	0	0	0	1	1
AT5TE45360	0	0	0	1	1
AT5TE45365	0	0	0	1	1
AT5TE45370	0	0	0	1	1
AT5TE45375	0	0	0	1	1
AT5TE45380	0	0	0	1	1
AT5TE45385	0	0	0	1	1
AT5TE45390	0	0	0	1	1
AT5TE45395	0	0	0	1	1
AT5TE45400	0	0	0	1	1
AT5TE45405	0	0	0	1	1
AT5TE45410	0	0	0	1	1
AT5TE45415	0	0	0	1	1
AT5TE45420	0	0	0	1	1
AT5TE45425	0	0	0	1	1
AT5TE45430	0	0	0	1	1
AT5TE45435	0	0	0	1	1
AT5TE45440	0	0	0	1	1
AT5TE45445	0	0	0	1	1
AT5TE45450	0	0	0	1	1
AT5TE45455	0	0	0	1	1
AT5TE45460	0	0	0	1	1
AT5TE45465	0	0	0	1	1
AT5TE45470	0	0	0	1	1
AT5TE45475	0	0	0	1	1
AT5TE45480	0	0	0	1	1
AT5TE45485	0	0	0	1	1
AT5TE45490	0	0	0	1	1
AT5TE45495	0	0	0	1	1
AT5TE45500	0	0	0	1	1
AT5TE45505	0	0	0	1	1
AT5TE45510	0	0	0	1	1
AT5TE45520	0	0	0	1	1
AT5TE45525	0	0	0	1	1
AT5TE45535	0	0	0	1	1
AT5TE45540	0	0	0	1	1
AT5TE45545	0	0	0	1	1
AT5TE45550	0	0	0	1	1
AT5TE45555	0	0	0	1	1
AT5TE45560	0	0	0	1	1
AT5TE45565	0	0	0	1	1
AT5TE45575	0	0	0	1	1
AT5TE45580	0	0	0	1	1
AT5TE45585	0	0	0	1	1
AT5TE45590	0	0	0	1	1
AT5TE45595	0	0	0	1	1
AT5TE45600	0	0	0	1	1
AT5TE45605	0	0	0	1	1
AT5TE45610	0	0	0	1	1
AT5TE45615	0	0	0	1	1
AT5TE45620	0	0	0	1	1
AT5TE45625	0	0	0	1	1
AT5TE45630	0	0	0	1	1
AT5TE45635	0	0	0	1	1
AT5TE45640	0	0	0	1	1
AT5TE45645	0	0	0	1	1
AT5TE45650	0	0	0	1	1
AT5TE45655	0	0	0	1	1
AT5TE45660	0	0	0	1	1
AT5TE45665	0	0	0	1	1
AT5TE45670	0	0	0	1	1
AT5TE45675	0	0	0	1	1
AT5TE45680	0	0	0	1	1
AT5TE45685	0	0	0	1	1
AT5TE45690	0	0	0	1	1
AT5TE45695	0	0	0	1	1
AT5TE45700	0	0	0	1	1
AT5TE45705	0	0	0	1	1
AT5TE45710	0	0	0	1	1
AT5TE45715	0	0	0	1	1
AT5TE45720	0	0	0	1	1
AT5TE45725	0	0	0	1	1
AT5TE45730	0	0	0	1	1
AT5TE45735	0	0	0	1	1
AT5TE45740	0	0	0	1	1
AT5TE45745	0	0	0	1	1
AT5TE45750	0	0	0	1	1
AT5TE45755	0	0	0	1	1
AT5TE45760	0	0	0	1	1
AT5TE45765	0	0	0	1	1
AT5TE45770	0	0	0	1	1
AT5TE45775	0	0	0	1	1
AT5TE45780	0	0	0	1	1
AT5TE45785	0	0	0	1	1
AT5TE45790	0	0	0	1	1
AT5TE45795	0	0	0	1	1
AT5TE45800	0	0	0	1	1
AT5TE45805	0	0	0	1	1
AT5TE45810	0	0	0	1	1
AT5TE45815	0	0	0	1	1
AT5TE45820	0	0	0	1	1
AT5TE45825	0	0	0	1	1
AT5TE45830	0	0	0	1	1
AT5TE45835	0	0	0	1	1
AT5TE45890	0	0	0	1	1
AT5TE45895	0	0	0	1	1
AT5TE45900	0	0	0	1	1
AT5TE45905	0	0	0	1	1
AT5TE45910	0	0	0	1	1
AT5TE45915	0	0	0	1	1
AT5TE45920	0	0	0	1	1
AT5TE45925	0	0	0	1	1
AT5TE45960	0	0	0	1	1
AT5TE45965	0	0	0	1	1
AT5TE45970	0	0	0	1	1
AT5TE45975	0	0	0	1	1
AT5TE45980	0	0	0	1	1
AT5TE45985	0	0	0	1	1
AT5TE45990	0	0	0	1	1
AT5TE45995	0	0	0	1	1
AT5TE46000	0	0	0	1	1
AT5TE46005	0	0	0	1	1
AT5TE46010	0	0	0	1	1
AT5TE46015	0	0	0	1	1
AT5TE46020	0	0	0	1	1
AT5TE46025	0	0	0	1	1
AT5TE46030	0	0	0	1	1
AT5TE46035	0	0	0	1	1
AT5TE46040	0	0	0	1	1
AT5TE46045	0	0	0	1	1
AT5TE46050	0	0	0	1	1
AT5TE46055	0	0	0	1	1
AT5TE46060	0	0	0	1	1
AT5TE46065	0	0	0	1	1
AT5TE46070	0	0	0	1	1
AT5TE46075	0	0	0	1	1
AT5TE46080	0	0	0	1	1
AT5TE46085	0	0	0	1	1
AT5TE46090	0	0	0	1	1
AT5TE46095	0	0	0	1	1
AT5TE46100	0	0	0	1	1
AT5TE46105	0	0	0	1	1
AT5TE46110	0	0	0	1	1
AT5TE46115	0	0	0	1	1
AT5TE46120	0	0	0	1	1
AT5TE46125	0	0	0	1	1
AT5TE46130	0	0	0	1	1
AT5TE46135	0	0	0	1	1
AT5TE46140	0	0	0	1	1
AT5TE46145	0	0	0	1	1
AT5TE46150	0	0	0	1	1
AT5TE46155	0	0	0	1	1
AT5TE46160	0	0	0	1	1
AT5TE46165	0	0	0	1	1
AT5TE46170	0	0	0	1	1
AT5TE46175	0	0	0	1	1
AT5TE46180	0	0	0	1	1
AT5TE46190	0	0	0	1	1
AT5TE46195	0	0	0	1	1
AT5TE46200	0	0	0	1	1
AT5TE46205	0	0	0	1	1
AT5TE46210	0	0	0	1	1
AT5TE46215	0.371943095748114	0	2.29417294244059	0.999999999999998	1
AT5TE46220	0	0	0	1	1
AT5TE46230	0	0	0	1	1
AT5TE46235	0	0	0	1	1
AT5TE46240	0	0	0	1	1
AT5TE46245	0	0	0	1	1
AT5TE46250	0	0	0	1	1
AT5TE46255	0	0	0	1	1
AT5TE46260	0	0	0	1	1
AT5TE46265	0	0	0	1	1
AT5TE46270	0	0	0	1	1
AT5TE46275	0	0	0	1	1
AT5TE46280	0	0	0	1	1
AT5TE46285	0	0	0	1	1
AT5TE46290	0	0	0	1	1
AT5TE46295	0	0	0	1	1
AT5TE46300	0	0	0	1	1
AT5TE46305	0	0	0	1	1
AT5TE46310	0	0	0	1	1
AT5TE46315	0	0	0	1	1
AT5TE46320	0	0	0	1	1
AT5TE46325	0	0	0	1	1
AT5TE46330	0	0	0	1	1
AT5TE46335	0	0	0	1	1
AT5TE46340	0	0	0	1	1
AT5TE46345	0	0	0	1	1
AT5TE46350	0	0	0	1	1
AT5TE46355	0	0	0	1	1
AT5TE46360	0	0	0	1	1
AT5TE46365	0	0	0	1	1
AT5TE46370	0	0	0	1	1
AT5TE46375	0	0	0	1	1
AT5TE46380	0	0	0	1	1
AT5TE46385	0	0	0	1	1
AT5TE46390	0	0	0	1	1
AT5TE46395	0	0	0	1	1
AT5TE46400	0	0	0	1	1
AT5TE46405	0	0	0	1	1
AT5TE46410	0	0	0	1	1
AT5TE46415	64.1200422641239	0	2.29434778158357	1	1
AT5TE46420	12.1011426361163	39.0889530909018	-1.43965566760667	0.627824167123533	1
AT5TE46425	18.9552924156585	0	4.35924558926752	0.0647336554476866	1
AT5TE46430	0	0	0	1	1
AT5TE46435	0	0	0	1	1
AT5TE46440	0	0	0	1	1
AT5TE46445	0	0	0	1	1
AT5TE46450	0	0	0	1	1
AT5TE46455	0	0	0	1	1
AT5TE46460	0	11.6911229944124	-2.34990267782254	0.999999999999994	1
AT5TE46470	0	0	0	1	1
AT5TE46475	0	0	0	1	1
AT5TE46480	0	0	0	1	1
AT5TE46485	0	0	0	1	1
AT5TE46490	0	0	0	1	1
AT5TE46495	0	0	0	1	1
AT5TE46500	0	0	0	1	1
AT5TE46505	0	0	0	1	1
AT5TE46510	0	0	0	1	1
AT5TE46515	0	0.837424831952069	-2.35098259879366	0.999999999999995	1
AT5TE46520	0	0	0	1	1
AT5TE46525	0	0	0	1	1
AT5TE46530	0	0	0	1	1
AT5TE46535	0	0	0	1	1
AT5TE46540	0	0	0	1	1
AT5TE46545	0	0	0	1	1
AT5TE46550	0	0	0	1	1
AT5TE46555	0	0	0	1	1
AT5TE46560	0	0	0	1	1
AT5TE46565	0	0	0	1	1
AT5TE46570	0	0	0	1	1
AT5TE46575	0	0	0	1	1
AT5TE46580	331.516695574066	320.695564693936	0.0500073172335922	0.811481673190363	1
AT5TE46585	69.2457158285773	69.61532328491	-0.0631775101754782	1	1
AT5TE46590	58.4823710034816	78.7929060973901	-0.446568528263648	1	1
AT5TE46595	71.1621278307039	38.8942689291033	0.788314113267471	1	1
AT5TE46600	0	0	0	1	1
AT5TE46605	17.7332315211178	53.3481722705841	-1.51352477565313	0.380448167140731	1
AT5TE46610	18.064099781368	52.5959566425061	-1.42843391063766	0.296315979340281	1
AT5TE46620	0	0	0	1	1
AT5TE46625	0	0	0	1	1
AT5TE46630	0	0	0	1	1
AT5TE46635	1289.30476438395	1358.2875788673	-0.073430412706505	0.470195101753638	1
AT5TE46645	0	0	0	1	1
AT5TE46650	0	0	0	1	1
AT5TE46655	0	0	0	1	1
AT5TE46660	0	0	0	1	1
AT5TE46665	0	0	0	1	1
AT5TE46670	0	0	0	1	1
AT5TE46675	0	0	0	1	1
AT5TE46680	0	0	0	1	1
AT5TE46685	0	0	0	1	1
AT5TE46690	0	0	0	1	1
AT5TE46720	0	0	0	1	1
AT5TE46725	0	0	0	1	1
AT5TE46730	0	0	0	1	1
AT5TE46735	0	0	0	1	1
AT5TE46740	0	0	0	1	1
AT5TE46745	0	0	0	1	1
AT5TE46750	0	0	0	1	1
AT5TE46755	0	0	0	1	1
AT5TE46760	0	0	0	1	1
AT5TE46765	0	0	0	1	1
AT5TE46770	0	0	0	1	1
AT5TE46775	0	0	0	1	1
AT5TE46780	0	0	0	1	1
AT5TE46785	0	0	0	1	1
AT5TE46790	0	0	0	1	1
AT5TE46795	0	0	0	1	1
AT5TE46800	1.46246710794866	0	2.29434778159005	1	1
AT5TE46805	0	0	0	1	1
AT5TE46810	0	0	0	1	1
AT5TE46815	0	0	0	1	1
AT5TE46820	0	0	0	1	1
AT5TE46825	0	0	0	1	1
AT5TE46830	0	0	0	1	1
AT5TE46835	0	0	0	1	1
AT5TE46840	0	0	0	1	1
AT5TE46845	0	0	0	1	1
AT5TE46850	0	0	0	1	1
AT5TE46855	0	0	0	1	1
AT5TE46860	0	0	0	1	1
AT5TE46865	0	0	0	1	1
AT5TE46870	0	0	0	1	1
AT5TE46875	0	0	0	1	1
AT5TE46880	0	0	0	1	1
AT5TE46885	0	0	0	1	1
AT5TE46890	0	0	0	1	1
AT5TE46895	0	0	0	1	1
AT5TE46900	0	0	0	1	1
AT5TE46905	17.487284253852	0	2.29434778159653	1	1
AT5TE46910	0	0	0	1	1
AT5TE46915	0	0	0	1	1
AT5TE46920	0	0	0	1	1
AT5TE46925	0	0	0	1	1
AT5TE46930	0	0	0	1	1
AT5TE46935	0	0	0	1	1
AT5TE46940	0	0	0	1	1
AT5TE46945	0	0	0	1	1
AT5TE46950	0	0	0	1	1
AT5TE46955	0	0	0	1	1
AT5TE46960	0	0	0	1	1
AT5TE46965	0	0	0	1	1
AT5TE46970	0.411363309858478	0.415670270665767	-0.0557300314833706	1	1
AT5TE46975	0	0	0	1	1
AT5TE46980	0	0	0	1	1
AT5TE46985	0	0	0	1	1
AT5TE46990	0	0	0	1	1
AT5TE46995	0	0	0	1	1
AT5TE47000	0	0	0	1	1
AT5TE47005	0	0	0	1	1
AT5TE47010	9.77067310691411	0	2.29434778160301	1	1
AT5TE47015	0	0	0	1	1
AT5TE47020	0	0	0	1	1
AT5TE47025	0	0	0	1	1
AT5TE47030	0	0	0	1	1
AT5TE47035	0	0	0	1	1
AT5TE47040	2519.88504885238	2097.10743871032	0.256937380234804	0.349461528950183	1
AT5TE47050	0	0	0	1	1
AT5TE47055	0	0	0	1	1
AT5TE47060	0	0	0	1	1
AT5TE47065	0	0	0	1	1
AT5TE47070	0	0	0	1	1
AT5TE47075	0	0	0	1	1
AT5TE47080	0	0	0	1	1
AT5TE47085	0	0	0	1	1
AT5TE47090	0	0	0	1	1
AT5TE47095	0	0	0	1	1
AT5TE47100	0	0	0	1	1
AT5TE47105	0	0	0	1	1
AT5TE47110	0	0	0	1	1
AT5TE47115	0	0	0	1	1
AT5TE47120	0	0	0	1	1
AT5TE47125	0	0	0	1	1
AT5TE47130	0.416363742922482	0	2.29417294242878	0.999999999999996	1
AT5TE47135	0	0	0	1	1
AT5TE47140	0	0	0	1	1
AT5TE47145	0	0	0	1	1
AT5TE47150	0	0	0	1	1
AT5TE47155	0	0	0	1	1
AT5TE47160	0	0	0	1	1
AT5TE47165	0	0	0	1	1
AT5TE47170	0	0	0	1	1
AT5TE47175	0	0	0	1	1
AT5TE47180	0	0	0	1	1
AT5TE47185	0	0	0	1	1
AT5TE47190	0	0	0	1	1
AT5TE47195	0	0	0	1	1
AT5TE47200	0	0	0	1	1
AT5TE47205	0	0	0	1	1
AT5TE47215	0	0	0	1	1
AT5TE47220	0	0	0	1	1
AT5TE47225	0	0	0	1	1
AT5TE47230	0	0	0	1	1
AT5TE47235	0	0	0	1	1
AT5TE47240	0	0	0	1	1
AT5TE47245	0	0	0	1	1
AT5TE47250	0	0	0	1	1
AT5TE47255	0	0	0	1	1
AT5TE47260	0	0	0	1	1
AT5TE47265	0	0	0	1	1
AT5TE47270	0	0	0	1	1
AT5TE47275	0	0	0	1	1
AT5TE47280	0	0	0	1	1
AT5TE47285	0	0	0	1	1
AT5TE47290	0	0	0	1	1
AT5TE47330	0	0	0	1	1
AT5TE47335	0	0	0	1	1
AT5TE47340	0	0	0	1	1
AT5TE47345	0	0	0	1	1
AT5TE47355	0	0	0	1	1
AT5TE47360	0	0	0	1	1
AT5TE47365	0	0	0	1	1
AT5TE47370	0	0	0	1	1
AT5TE47375	0	0	0	1	1
AT5TE47380	0	0	0	1	1
AT5TE47385	0	0	0	1	1
AT5TE47390	0	0	0	1	1
AT5TE47395	0	0	0	1	1
AT5TE47400	0	0	0	1	1
AT5TE47405	0	0	0	1	1
AT5TE47410	0	0	0	1	1
AT5TE47415	0	0	0	1	1
AT5TE47420	0	0	0	1	1
AT5TE47425	0	0	0	1	1
AT5TE47430	0	0	0	1	1
AT5TE47435	0	0	0	1	1
AT5TE47440	0	0	0	1	1
AT5TE47445	0	0	0	1	1
AT5TE47450	0	0	0	1	1
AT5TE47455	0	0	0	1	1
AT5TE47460	0	0	0	1	1
AT5TE47465	0	0	0	1	1
AT5TE47470	0	0	0	1	1
AT5TE47475	0	0	0	1	1
AT5TE47480	0	0	0	1	1
AT5TE47485	0	0	0	1	1
AT5TE47490	0	0	0	1	1
AT5TE47495	0	0	0	1	1
AT5TE47500	0	0	0	1	1
AT5TE47505	0	0	0	1	1
AT5TE47510	0	0	0	1	1
AT5TE47515	0	0	0	1	1
AT5TE47520	0	0	0	1	1
AT5TE47525	0	0	0	1	1
AT5TE47530	0	0	0	1	1
AT5TE47535	0	0	0	1	1
AT5TE47540	0	0	0	1	1
AT5TE47545	0	0	0	1	1
AT5TE47555	6.47949900774304	28.3314043146732	-1.83079716071584	0.384958389730367	1
AT5TE47570	0	0	0	1	1
AT5TE47600	0	0	0	1	1
AT5TE47605	17613.5053378968	18122.454698524	-0.0404959932026685	0.910314910682858	1
AT5TE47610	4813.51539793875	6144.16754467736	-0.346886408838886	0.270154623246504	1
AT5TE47615	22.302623396217	0	2.29434778160949	0.999999999999996	1
AT5TE47620	0	0	0	1	1
AT5TE47625	0	0	0	1	1
AT5TE47730	0	0	0	1	1
AT5TE47735	0	0	0	1	1
AT5TE47740	0	0	0	1	1
AT5TE47745	0	0	0	1	1
AT5TE47750	0	0	0	1	1
AT5TE47755	0	0	0	1	1
AT5TE47760	0	0	0	1	1
AT5TE47765	0	0	0	1	1
AT5TE47770	0	0	0	1	1
AT5TE47775	0	0	0	1	1
AT5TE47780	0	0	0	1	1
AT5TE47785	260.09256580377	172.567561945692	0.468662056858843	1	1
AT5TE47820	0	0	0	1	1
AT5TE47825	0	0	0	1	1
AT5TE47835	0	0	0	1	1
AT5TE47840	0	0	0	1	1
AT5TE47845	0	0	0	1	1
AT5TE47850	0	0	0	1	1
AT5TE47855	0	0	0	1	1
AT5TE47860	0	0	0	1	1
AT5TE47865	0	0	0	1	1
AT5TE47870	0	0	0	1	1
AT5TE47875	0	0	0	1	1
AT5TE47880	0	0	0	1	1
AT5TE47885	0	0	0	1	1
AT5TE47890	0	0	0	1	1
AT5TE47895	0.546432849093669	0	2.29417294241696	0.999999999999995	1
AT5TE47900	0	0	0	1	1
AT5TE47905	0	0	0	1	1
AT5TE47910	0	0	0	1	1
AT5TE47915	0	0	0	1	1
AT5TE47920	0	0	0	1	1
AT5TE47925	0	0	0	1	1
AT5TE47930	0	0	0	1	1
AT5TE47935	0	0	0	1	1
AT5TE47940	0	0	0	1	1
AT5TE47945	0	0	0	1	1
AT5TE47950	0	0	0	1	1
AT5TE47955	0	0	0	1	1
AT5TE47960	0	0	0	1	1
AT5TE47965	0	0	0	1	1
AT5TE47970	0	0	0	1	1
AT5TE47975	0	0	0	1	1
AT5TE47985	0	0	0	1	1
AT5TE47990	0	0	0	1	1
AT5TE47995	0	0	0	1	1
AT5TE48000	0	0	0	1	1
AT5TE48005	0	0	0	1	1
AT5TE48010	0	0	0	1	1
AT5TE48015	0	0	0	1	1
AT5TE48020	0	0	0	1	1
AT5TE48025	0	0	0	1	1
AT5TE48030	0	0	0	1	1
AT5TE48035	0	0	0	1	1
AT5TE48040	0	0	0	1	1
AT5TE48045	0	0	0	1	1
AT5TE48050	0	0	0	1	1
AT5TE48055	0	0	0	1	1
AT5TE48060	0	0	0	1	1
AT5TE48065	0	0	0	1	1
AT5TE48070	0	0	0	1	1
AT5TE48075	0	0	0	1	1
AT5TE48080	0	0	0	1	1
AT5TE48085	0	0	0	1	1
AT5TE48090	0	0	0	1	1
AT5TE48095	0	0	0	1	1
AT5TE48100	0	0	0	1	1
AT5TE48105	0	0	0	1	1
AT5TE48110	0	0	0	1	1
AT5TE48115	0	0	0	1	1
AT5TE48120	0	0	0	1	1
AT5TE48125	0	0	0	1	1
AT5TE48130	0	0	0	1	1
AT5TE48135	0	0	0	1	1
AT5TE48140	0	0	0	1	1
AT5TE48145	0	0	0	1	1
AT5TE48150	0	0	0	1	1
AT5TE48160	0	0	0	1	1
AT5TE48165	0	0	0	1	1
AT5TE48170	0	0	0	1	1
AT5TE48175	0	0	0	1	1
AT5TE48180	0	0	0	1	1
AT5TE48185	0	0	0	1	1
AT5TE48190	0	0	0	1	1
AT5TE48195	0	0	0	1	1
AT5TE48200	0	0	0	1	1
AT5TE48205	0	0	0	1	1
AT5TE48210	0	0	0	1	1
AT5TE48215	0	0	0	1	1
AT5TE48220	0	0	0	1	1
AT5TE48225	0	0	0	1	1
AT5TE48230	0	0	0	1	1
AT5TE48235	0	0	0	1	1
AT5TE48240	0	0	0	1	1
AT5TE48245	0	0	0	1	1
AT5TE48250	0	0	0	1	1
AT5TE48255	0	0	0	1	1
AT5TE48260	0	0	0	1	1
AT5TE48290	0	0	0	1	1
AT5TE48295	0	0	0	1	1
AT5TE48330	0	0	0	1	1
AT5TE48335	0	0	0	1	1
AT5TE48340	0	0	0	1	1
AT5TE48345	0	0	0	1	1
AT5TE48350	0	0	0	1	1
AT5TE48355	0	0	0	1	1
AT5TE48360	2.9736831194956	0	2.29434778161598	1	1
AT5TE48365	0	0	0	1	1
AT5TE48370	0	0	0	1	1
AT5TE48375	0	0	0	1	1
AT5TE48385	53.9389352085999	8.96947064285809	2.26141414427997	0.132719525366445	1
AT5TE48390	20.8661832452742	0	2.29434778162245	0.999999999999996	1
AT5TE48395	0	0	0	1	1
AT5TE48400	0	0	0	1	1
AT5TE48405	0	0	0	1	1
AT5TE48410	0	0	0	1	1
AT5TE48415	0	0	0	1	1
AT5TE48420	0	0	0	1	1
AT5TE48425	0	0	0	1	1
AT5TE48430	0	0	0	1	1
AT5TE48435	0	0	0	1	1
AT5TE48440	0	0	0	1	1
AT5TE48445	0	0	0	1	1
AT5TE48450	0	0	0	1	1
AT5TE48455	0	0	0	1	1
AT5TE48460	15.9506481958879	4.39210739212459	1.7039392980088	0.379440895844207	1
AT5TE48465	0	0	0	1	1
AT5TE48470	0	0	0	1	1
AT5TE48475	0	0	0	1	1
AT5TE48480	0	0	0	1	1
AT5TE48485	0	0	0	1	1
AT5TE48490	0	0	0	1	1
AT5TE48495	0	0	0	1	1
AT5TE48500	0	0	0	1	1
AT5TE48505	0	0	0	1	1
AT5TE48510	0	0	0	1	1
AT5TE48520	0	0	0	1	1
AT5TE48525	0	0	0	1	1
AT5TE48530	0	0	0	1	1
AT5TE48535	0	0	0	1	1
AT5TE48540	0	0	0	1	1
AT5TE48545	0	0	0	1	1
AT5TE48550	0	0	0	1	1
AT5TE48555	0	0	0	1	1
AT5TE48560	0	0	0	1	1
AT5TE48565	0	0	0	1	1
AT5TE48570	0	0	0	1	1
AT5TE48575	0	0	0	1	1
AT5TE48580	0	0	0	1	1
AT5TE48585	0	0	0	1	1
AT5TE48590	39.8851591831241	24.7470735630757	0.626516474795772	0.730196937266475	1
AT5TE48595	0	0	0	1	1
AT5TE48600	0	0	0	1	1
AT5TE48605	12.7989176863505	6.44179647641649	0.854211282253429	0.691423119736574	1
AT5TE48610	0	0	0	1	1
AT5TE48620	0	0	0	1	1
AT5TE48660	0	0	0	1	1
AT5TE48665	0	0	0	1	1
AT5TE48670	0	0	0	1	1
AT5TE48675	0	0	0	1	1
AT5TE48680	0	0	0	1	1
AT5TE48685	0	0	0	1	1
AT5TE48690	0	0	0	1	1
AT5TE48695	0	0	0	1	1
AT5TE48705	0	0	0	1	1
AT5TE48710	0	0	0	1	1
AT5TE48715	0	0	0	1	1
AT5TE48720	0	0	0	1	1
AT5TE48725	6.98464569204407	15.5039366929375	-0.908597448650235	0.999999999999999	1
AT5TE48730	0	0	0	1	1
AT5TE48740	0	0	0	1	1
AT5TE48745	0	0	0	1	1
AT5TE48750	0	0	0	1	1
AT5TE48755	0	0	0	1	1
AT5TE48760	42.6948764837624	0	2.29417294240514	0.999999999999995	1
AT5TE48765	0	0	0	1	1
AT5TE48770	0	0	0	1	1
AT5TE48775	0	0	0	1	1
AT5TE48780	0	0	0	1	1
AT5TE48785	0	0	0	1	1
AT5TE48790	0	0	0	1	1
AT5TE48795	0	0	0	1	1
AT5TE48805	0	0	0	1	1
AT5TE48810	0	0	0	1	1
AT5TE48815	0	0	0	1	1
AT5TE48820	0	0	0	1	1
AT5TE48825	0	0	0	1	1
AT5TE48830	0	0	0	1	1
AT5TE48835	0	0	0	1	1
AT5TE48840	0	0	0	1	1
AT5TE48845	0	0	0	1	1
AT5TE48850	0	0	0	1	1
AT5TE48855	0	0	0	1	1
AT5TE48860	0	0	0	1	1
AT5TE48865	0	0	0	1	1
AT5TE48870	0	0	0	1	1
AT5TE48875	0	0	0	1	1
AT5TE48880	0	0	0	1	1
AT5TE48885	0	0	0	1	1
AT5TE48890	34.6438426325386	0	2.29417294239332	1	1
AT5TE48895	0	0	0	1	1
AT5TE48900	0	0	0	1	1
AT5TE48905	0	0	0	1	1
AT5TE48910	0	0	0	1	1
AT5TE48915	0	0	0	1	1
AT5TE48920	0	4.49779981599925	-2.35098259860231	1	1
AT5TE48925	0	0	0	1	1
AT5TE48930	1.20720220775758	0	2.29434778162894	0.999999999999999	1
AT5TE48960	0	0	0	1	1
AT5TE48970	0	0	0	1	1
AT5TE48975	0	0	0	1	1
AT5TE48980	33.7097715079079	21.0432432626153	0.626269680262932	0.731023202715236	1
AT5TE48985	69.9491370154079	0	2.29434778163542	0.999999999999996	1
AT5TE48990	0	32.1947776303104	-2.35098259841096	1	1
AT5TE48995	0	0	0	1	1
AT5TE49000	0	0	0	1	1
AT5TE49005	0	0	0	1	1
AT5TE49015	0	0	0	1	1
AT5TE49020	0	0	0	1	1
AT5TE49030	0	0	0	1	1
AT5TE49040	0	0	0	1	1
AT5TE49045	0	0	0	1	1
AT5TE49050	0	0	0	1	1
AT5TE49055	0	0	0	1	1
AT5TE49060	0	0	0	1	1
AT5TE49065	0	0	0	1	1
AT5TE49070	0	0	0	1	1
AT5TE49075	0	0	0	1	1
AT5TE49080	0	0	0	1	1
AT5TE49085	0	0	0	1	1
AT5TE49090	0	0	0	1	1
AT5TE49100	0	0	0	1	1
AT5TE49105	0	0	0	1	1
AT5TE49110	0	0	0	1	1
AT5TE49115	0	0	0	1	1
AT5TE49120	0	0	0	1	1
AT5TE49125	0	0	0	1	1
AT5TE49130	0	0	0	1	1
AT5TE49135	0	0	0	1	1
AT5TE49140	0	0	0	1	1
AT5TE49145	0	0	0	1	1
AT5TE49150	0	5.20930990567354	-2.34990267770283	0.999999999999995	1
AT5TE49155	0	0	0	1	1
AT5TE49160	0	0	0	1	1
AT5TE49165	0	0	0	1	1
AT5TE49170	0	0	0	1	1
AT5TE49175	0	0	0	1	1
AT5TE49180	0	0	0	1	1
AT5TE49185	0	14.8692923521167	-2.34990267758313	1	1
AT5TE49190	0	0	0	1	1
AT5TE49195	0	0	0	1	1
AT5TE49200	0	0	0	1	1
AT5TE49205	0	0	0	1	1
AT5TE49210	0	0	0	1	1
AT5TE49215	0	0	0	1	1
AT5TE49220	0	0	0	1	1
AT5TE49225	0	0	0	1	1
AT5TE49230	0	0	0	1	1
AT5TE49235	0	0	0	1	1
AT5TE49240	0	0	0	1	1
AT5TE49245	0	0	0	1	1
AT5TE49250	0	0	0	1	1
AT5TE49255	0	0	0	1	1
AT5TE49260	0	0	0	1	1
AT5TE49265	0	0	0	1	1
AT5TE49270	0	0	0	1	1
AT5TE49275	0	0	0	1	1
AT5TE49285	0	0	0	1	1
AT5TE49290	0	0	0	1	1
AT5TE49295	0	0	0	1	1
AT5TE49300	4.18458467529292	0	2.2943477816419	1	1
AT5TE49305	0	0	0	1	1
AT5TE49310	0	0	0	1	1
AT5TE49320	0	0	0	1	1
AT5TE49325	0	0	0	1	1
AT5TE49330	0	0	0	1	1
AT5TE49335	0	0	0	1	1
AT5TE49340	0	0	0	1	1
AT5TE49345	0	0	0	1	1
AT5TE49350	0	0	0	1	1
AT5TE49360	0	0	0	1	1
AT5TE49365	0	0	0	1	1
AT5TE49370	0	0	0	1	1
AT5TE49375	0	0	0	1	1
AT5TE49380	0	0	0	1	1
AT5TE49385	0	0	0	1	1
AT5TE49390	0	0	0	1	1
AT5TE49395	0	0	0	1	1
AT5TE49400	0	0	0	1	1
AT5TE49410	0	0	0	1	1
AT5TE49415	0	0	0	1	1
AT5TE49420	0	0	0	1	1
AT5TE49425	0	0	0	1	1
AT5TE49430	70.5273700354305	83.7180688954942	-0.253625715641111	1	1
AT5TE49440	0	0	0	1	1
AT5TE49445	0	0	0	1	1
AT5TE49450	0	0	0	1	1
AT5TE49455	0	0	0	1	1
AT5TE49460	0	0	0	1	1
AT5TE49470	0	0	0	1	1
AT5TE49475	0	0	0	1	1
AT5TE49480	0	0	0	1	1
AT5TE49485	0	0	0	1	1
AT5TE49490	0	0	0	1	1
AT5TE49495	0	0	0	1	1
AT5TE49500	0	0	0	1	1
AT5TE49505	0	0	0	1	1
AT5TE49510	0	0	0	1	1
AT5TE49515	0	0	0	1	1
AT5TE49525	0	0	0	1	1
AT5TE49530	0	0	0	1	1
AT5TE49535	0	0	0	1	1
AT5TE49540	2643.73339270782	1238.78526479814	1.09239713311492	0.0537460315917584	1
AT5TE49545	0	0	0	1	1
AT5TE49550	0	0	0	1	1
AT5TE49555	0	0	0	1	1
AT5TE49560	0	0	0	1	1
AT5TE49565	0	0	0	1	1
AT5TE49570	0	0	0	1	1
AT5TE49575	0	0	0	1	1
AT5TE49600	0	0	0	1	1
AT5TE49605	0	0	0	1	1
AT5TE49610	0	19.0253057424599	-2.34990267746343	1	1
AT5TE49615	0	0	0	1	1
AT5TE49620	0	3.63569640894485	-2.34990267734372	1	1
AT5TE49625	0	0	0	1	1
AT5TE49630	0	0	0	1	1
AT5TE49635	4.58682865674806	0	2.29434778164838	0.999999999999996	1
AT5TE49645	0	0	0	1	1
AT5TE49650	0	0	0	1	1
AT5TE49655	0	0	0	1	1
AT5TE49660	0	0	0	1	1
AT5TE49665	0	0	0	1	1
AT5TE49670	0	0	0	1	1
AT5TE49700	0	0	0	1	1
AT5TE49705	0	0	0	1	1
AT5TE49710	0	0	0	1	1
AT5TE49715	0	0	0	1	1
AT5TE49720	0	0	0	1	1
AT5TE49725	2.39394766463741	0	3.13896430149384	0.50215766224691	1
AT5TE49730	0	0	0	1	1
AT5TE49735	0	0	0	1	1
AT5TE49740	0	0	0	1	1
AT5TE49750	0	0	0	1	1
AT5TE49755	0	0	0	1	1
AT5TE49760	0	0	0	1	1
AT5TE49765	0	0	0	1	1
AT5TE49770	79.9800668622235	75.409170166283	0.106916942285561	1	1
AT5TE49775	0	0	0	1	1
AT5TE49780	0	0	0	1	1
AT5TE49785	0	0	0	1	1
AT5TE49790	0	0	0	1	1
AT5TE49795	0	0	0	1	1
AT5TE49800	0	0	0	1	1
AT5TE49805	0	0	0	1	1
AT5TE49810	0	0	0	1	1
AT5TE49815	0	0	0	1	1
AT5TE49820	0	0	0	1	1
AT5TE49825	0	0	0	1	1
AT5TE49830	0	0	0	1	1
AT5TE49835	0	0	0	1	1
AT5TE49840	0	0	0	1	1
AT5TE49845	0	0	0	1	1
AT5TE49850	0	0	0	1	1
AT5TE49855	2.32464434842571	2.34898330102457	-0.0557300313261028	1	1
AT5TE49860	0	0	0	1	1
AT5TE49865	0	0	0	1	1
AT5TE49870	0	0	0	1	1
AT5TE49875	0	0	0	1	1
AT5TE49880	0	0	0	1	1
AT5TE49885	0	0	0	1	1
AT5TE49890	0	0	0	1	1
AT5TE49895	0	0	0	1	1
AT5TE49900	0	0	0	1	1
AT5TE49905	0	0	0	1	1
AT5TE49910	0	0	0	1	1
AT5TE49915	0	0	0	1	1
AT5TE49920	0	0	0	1	1
AT5TE49925	0	0	0	1	1
AT5TE49930	2.50627220367683	2.5325127941596	-0.0557300311688351	1	1
AT5TE49935	0	0	0	1	1
AT5TE49950	15.8266794275261	2.64514181738863	2.26061243170143	0.129455787642496	1
AT5TE49955	0	0	0	1	1
AT5TE49960	0	0	0	1	1
AT5TE49965	0	0	0	1	1
AT5TE49970	0	0	0	1	1
AT5TE49975	0	0	0	1	1
AT5TE49980	0	0	0	1	1
AT5TE49985	0	0	0	1	1
AT5TE49990	0	0	0	1	1
AT5TE49995	0	0	0	1	1
AT5TE50000	0	0	0	1	1
AT5TE50005	0	0	0	1	1
AT5TE50040	0	0	0	1	1
AT5TE50045	0	0	0	1	1
AT5TE50050	0	0	0	1	1
AT5TE50055	0	0	0	1	1
AT5TE50060	0	0	0	1	1
AT5TE50065	0	0	0	1	1
AT5TE50070	0	0	0	1	1
AT5TE50100	0	0	0	1	1
AT5TE50105	0	0	0	1	1
AT5TE50110	0	0	0	1	1
AT5TE50115	0	0	0	1	1
AT5TE50120	0	0	0	1	1
AT5TE50125	0	0	0	1	1
AT5TE50130	0	15.708820312404	-4.12209883367996	0.128084437323931	1
AT5TE50135	0	0	0	1	1
AT5TE50140	0	0	0	1	1
AT5TE50145	0	20.7997172325653	-3.20276744478816	0.502192492445999	1
AT5TE50150	0	0	0	1	1
AT5TE50155	2.94946049705601	9.38359630979484	-1.43949079130057	0.627825647706964	1
AT5TE50160	0	0	0	1	1
AT5TE50165	0	0	0	1	1
AT5TE50170	0	0	0	1	1
AT5TE50175	90.5016780320313	157.943941015478	-0.734350649837389	0.629602472481559	1
AT5TE50180	0	0	0	1	1
AT5TE50210	17.6376047488707	17.5534339514959	-0.0555552187626875	1	1
AT5TE50215	8.29366957687312	9.20479962344032	-0.0568092720297965	1	1
AT5TE50220	0	42.5867628147777	-2.35098259821961	1	1
AT5TE50225	0	0	0	1	1
AT5TE50230	0	0	0	1	1
AT5TE50235	15.3362994788124	0	3.66838837279552	0.252813339679983	1
AT5TE50240	0	0	0	1	1
AT5TE50245	5.90251039519331	0	3.13915052786369	0.501872903772625	1
AT5TE50250	0	0	0	1	1
AT5TE50255	0	0	0	1	1
AT5TE50260	26.764707393448	29.2399093453893	-0.129837824309399	0.781514906143331	1
AT5TE50270	58.8901300493783	39.2701823658467	0.468026878274365	0.999999999999997	1
AT5TE50275	0	0	0	1	1
AT5TE50280	0	0	0	1	1
AT5TE50285	0	0	0	1	1
AT5TE50290	1.71068636024104	0	2.2941729423815	0.999999999999997	1
AT5TE50295	0	0	0	1	1
AT5TE50300	0	0	0	1	1
AT5TE50305	0	0	0	1	1
AT5TE50310	0	0	0	1	1
AT5TE50315	0	0	0	1	1
AT5TE50320	0	0	0	1	1
AT5TE50325	0	0	0	1	1
AT5TE50330	0	0	0	1	1
AT5TE50335	0	0	0	1	1
AT5TE50340	0	0	0	1	1
AT5TE50345	0	0	0	1	1
AT5TE50350	0	0	0	1	1
AT5TE50355	0	0	0	1	1
AT5TE50370	28.5749931188274	9.52744704365797	1.31861625147089	0.627807440309296	1
AT5TE50375	0	0	0	1	1
AT5TE50380	0	0	0	1	1
AT5TE50400	0	0	0	1	1
AT5TE50405	0	0	0	1	1
AT5TE50410	0	0	0	1	1
AT5TE50415	0	0	0	1	1
AT5TE50420	0	0	0	1	1
AT5TE50425	0	0	0	1	1
AT5TE50470	0	0	0	1	1
AT5TE50480	0	0	0	1	1
AT5TE50485	0	0	0	1	1
AT5TE50490	0	0	0	1	1
AT5TE50495	0	0	0	1	1
AT5TE50500	0	0	0	1	1
AT5TE50505	0	0	0	1	1
AT5TE50510	0	0	0	1	1
AT5TE50515	0	0	0	1	1
AT5TE50520	0	0	0	1	1
AT5TE50525	0	0	0	1	1
AT5TE50530	0	0	0	1	1
AT5TE50535	0	0	0	1	1
AT5TE50540	0	0	0	1	1
AT5TE50545	0	0	0	1	1
AT5TE50550	0	0	0	1	1
AT5TE50555	0	0	0	1	1
AT5TE50560	0	0	0	1	1
AT5TE50565	0	0	0	1	1
AT5TE50570	0	0	0	1	1
AT5TE50575	0	0	0	1	1
AT5TE50585	0	0	0	1	1
AT5TE50590	0	0	0	1	1
AT5TE50595	0	0	0	1	1
AT5TE50600	0	0	0	1	1
AT5TE50605	0	0	0	1	1
AT5TE50610	0	0	0	1	1
AT5TE50615	0	0	0	1	1
AT5TE50620	0	0	0	1	1
AT5TE50625	0	0	0	1	1
AT5TE50630	0	0	0	1	1
AT5TE50635	0	0	0	1	1
AT5TE50640	0	0	0	1	1
AT5TE50645	0	0	0	1	1
AT5TE50650	0	0	0	1	1
AT5TE50655	0	0	0	1	1
AT5TE50660	0	0	0	1	1
AT5TE50665	0	0	0	1	1
AT5TE50670	0	0	0	1	1
AT5TE50675	0	0	0	1	1
AT5TE50680	0	0	0	1	1
AT5TE50685	0	0	0	1	1
AT5TE50690	0	0	0	1	1
AT5TE50695	0	0	0	1	1
AT5TE50700	0	0	0	1	1
AT5TE50705	0	0	0	1	1
AT5TE50730	0	0	0	1	1
AT5TE50735	0	0	0	1	1
AT5TE50740	0	0	0	1	1
AT5TE50745	0	0	0	1	1
AT5TE50750	0	0	0	1	1
AT5TE50755	0	0	0	1	1
AT5TE50760	0	0	0	1	1
AT5TE50765	0	0	0	1	1
AT5TE50770	0	0	0	1	1
AT5TE50775	1.16589855013351	0	2.29417294236968	1	1
AT5TE50780	966.013549184073	155.4251230043	2.5663632079587	0.00463567039219885	1
AT5TE50785	0	0	0	1	1
AT5TE50790	0	0	0	1	1
AT5TE50795	0	0	0	1	1
AT5TE50800	0	0	0	1	1
AT5TE50805	0	0	0	1	1
AT5TE50810	0	0	0	1	1
AT5TE50815	0	0	0	1	1
AT5TE50820	0	0	0	1	1
AT5TE50825	0	0	0	1	1
AT5TE50830	0	0	0	1	1
AT5TE50835	0	0	0	1	1
AT5TE50840	230.532009774531	0	3.13915052787488	0.501872921010907	1
AT5TE50845	0	0	0	1	1
AT5TE50850	0	0	0	1	1
AT5TE50855	0	0	0	1	1
AT5TE50860	0	0	0	1	1
AT5TE50865	0	0	0	1	1
AT5TE50870	0	0	0	1	1
AT5TE50875	0	0	0	1	1
AT5TE50880	0	0	0	1	1
AT5TE50885	0	0	0	1	1
AT5TE50890	0	92.1408030236846	-3.73283738900797	0.252789166788062	1
AT5TE50895	0	0	0	1	1
AT5TE50900	0	0	0	1	1
AT5TE50905	0	0	0	1	1
AT5TE50910	0	0	0	1	1
AT5TE50915	1467.04794082117	1972.60993148573	-0.418367520941336	0.174203855377331	1
AT5TE50920	0	0	0	1	1
AT5TE50930	0	0	0	1	1
AT5TE50935	0	0	0	1	1
AT5TE50940	315.987840984055	110.817732532819	1.40900851006053	0.295383063090291	1
AT5TE50950	4486.35645878489	4634.2695286484	-0.0501675197203628	0.836194511966476	1
AT5TE50960	0	0	0	1	1
AT5TE50965	0	0	0	1	1
AT5TE50970	0	0	0	1	1
AT5TE50975	0	0	0	1	1
AT5TE50980	0	0	0	1	1
AT5TE50985	0	0	0	1	1
AT5TE50990	0	0	0	1	1
AT5TE50995	0	0	0	1	1
AT5TE51000	0	0	0	1	1
AT5TE51030	0	0	0	1	1
AT5TE51035	0	0	0	1	1
AT5TE51060	0	0	0	1	1
AT5TE51065	0	0	0	1	1
AT5TE51070	0	0	0	1	1
AT5TE51075	0	0	0	1	1
AT5TE51080	0	0	0	1	1
AT5TE51085	0	0	0	1	1
AT5TE51090	16.5558218401763	18.234982451856	-0.0635286053418204	1	1
AT5TE51095	0	0	0	1	1
AT5TE51100	0	0	0	1	1
AT5TE51105	0	0	0	1	1
AT5TE51110	0	0	0	1	1
AT5TE51115	0	0	0	1	1
AT5TE51120	0	0	0	1	1
AT5TE51125	0	0	0	1	1
AT5TE51130	0	0	0	1	1
AT5TE51135	0	0	0	1	1
AT5TE51140	0	0	0	1	1
AT5TE51145	0	0	0	1	1
AT5TE51150	143.15172226409	0	2.29434778165486	0.999999999999993	1
AT5TE51155	0	0	0	1	1
AT5TE51160	0	0	0	1	1
AT5TE51170	0	0	0	1	1
AT5TE51175	0	0	0	1	1
AT5TE51180	0	0	0	1	1
AT5TE51185	0	0	0	1	1
AT5TE51190	0	0	0	1	1
AT5TE51195	0	0	0	1	1
AT5TE51200	0	0	0	1	1
AT5TE51205	0	0	0	1	1
AT5TE51210	0	0	0	1	1
AT5TE51215	0	0	0	1	1
AT5TE51220	0	0	0	1	1
AT5TE51225	0	0	0	1	1
AT5TE51230	0	0	0	1	1
AT5TE51235	0	0	0	1	1
AT5TE51245	0	0	0	1	1
AT5TE51250	0	0	0	1	1
AT5TE51255	0	0	0	1	1
AT5TE51260	0	0	0	1	1
AT5TE51265	0	0	0	1	1
AT5TE51270	0	0	0	1	1
AT5TE51275	0	0	0	1	1
AT5TE51280	0	0	0	1	1
AT5TE51285	0	0	0	1	1
AT5TE51290	0	0	0	1	1
AT5TE51295	0	0	0	1	1
AT5TE51300	0	0	0	1	1
AT5TE51305	0	0	0	1	1
AT5TE51310	0	0	0	1	1
AT5TE51315	0	0	0	1	1
AT5TE51320	0	0	0	1	1
AT5TE51325	0	0	0	1	1
AT5TE51330	0	0	0	1	1
AT5TE51335	0	0	0	1	1
AT5TE51340	0	0	0	1	1
AT5TE51345	0	0	0	1	1
AT5TE51350	0	0	0	1	1
AT5TE51355	0	0	0	1	1
AT5TE51360	0	0	0	1	1
AT5TE51365	0	0	0	1	1
AT5TE51370	0	0	0	1	1
AT5TE51375	0	0	0	1	1
AT5TE51380	0	0	0	1	1
AT5TE51385	0	0	0	1	1
AT5TE51390	0	0	0	1	1
AT5TE51395	0	0	0	1	1
AT5TE51400	0	0	0	1	1
AT5TE51405	0	0	0	1	1
AT5TE51410	0	0	0	1	1
AT5TE51415	0	0	0	1	1
AT5TE51450	0	0	0	1	1
AT5TE51455	0	0	0	1	1
AT5TE51460	0	0	0	1	1
AT5TE51465	0	0	0	1	1
AT5TE51470	0	0	0	1	1
AT5TE51475	0	0	0	1	1
AT5TE51480	0	0	0	1	1
AT5TE51485	0	0	0	1	1
AT5TE51490	0	0	0	1	1
AT5TE51495	0	0	0	1	1
AT5TE51500	0	0	0	1	1
AT5TE51505	0	0	0	1	1
AT5TE51510	0	0	0	1	1
AT5TE51515	0	0	0	1	1
AT5TE51520	0	0	0	1	1
AT5TE51525	0	0	0	1	1
AT5TE51530	0	0	0	1	1
AT5TE51535	0	0	0	1	1
AT5TE51540	0	0	0	1	1
AT5TE51545	0	0	0	1	1
AT5TE51550	0	0	0	1	1
AT5TE51555	0	0	0	1	1
AT5TE51560	0	0	0	1	1
AT5TE51565	0	0	0	1	1
AT5TE51570	0	0	0	1	1
AT5TE51575	0	0	0	1	1
AT5TE51580	0	0	0	1	1
AT5TE51585	0	0	0	1	1
AT5TE51590	0	0	0	1	1
AT5TE51595	0	0	0	1	1
AT5TE51600	0	0	0	1	1
AT5TE51605	0	0	0	1	1
AT5TE51610	0	0	0	1	1
AT5TE51615	0	0	0	1	1
AT5TE51620	0	0	0	1	1
AT5TE51625	0	0	0	1	1
AT5TE51630	0	0	0	1	1
AT5TE51635	0	0	0	1	1
AT5TE51640	0	0	0	1	1
AT5TE51645	0	0	0	1	1
AT5TE51650	0	0	0	1	1
AT5TE51655	0	0	0	1	1
AT5TE51660	0	0	0	1	1
AT5TE51665	0	0	0	1	1
AT5TE51670	0	0	0	1	1
AT5TE51675	0	0	0	1	1
AT5TE51680	0	0	0	1	1
AT5TE51685	0	0	0	1	1
AT5TE51690	0	0	0	1	1
AT5TE51695	0	0	0	1	1
AT5TE51700	0	0	0	1	1
AT5TE51705	0	0	0	1	1
AT5TE51710	0	0	0	1	1
AT5TE51715	0	0	0	1	1
AT5TE51720	0	0	0	1	1
AT5TE51725	0	0	0	1	1
AT5TE51730	0	0	0	1	1
AT5TE51735	0	0	0	1	1
AT5TE51740	0	0	0	1	1
AT5TE51745	0	0	0	1	1
AT5TE51750	0	0	0	1	1
AT5TE51755	0	0	0	1	1
AT5TE51760	0	0	0	1	1
AT5TE51765	0	0	0	1	1
AT5TE51770	0	0	0	1	1
AT5TE51775	0	0	0	1	1
AT5TE51780	0	0	0	1	1
AT5TE51785	0	0	0	1	1
AT5TE51790	0	0	0	1	1
AT5TE51795	0	0	0	1	1
AT5TE51800	0	0	0	1	1
AT5TE51805	0	0	0	1	1
AT5TE51810	0	0	0	1	1
AT5TE51815	0	0	0	1	1
AT5TE51840	0	0	0	1	1
AT5TE51845	0	0	0	1	1
AT5TE51850	0	0	0	1	1
AT5TE51880	0	0	0	1	1
AT5TE51885	0	0	0	1	1
AT5TE51890	0	0	0	1	1
AT5TE51900	0	0	0	1	1
AT5TE51905	0	0	0	1	1
AT5TE51910	0	0	0	1	1
AT5TE51915	0	0	0	1	1
AT5TE51925	0	0	0	1	1
AT5TE51930	0	0	0	1	1
AT5TE51935	0	0	0	1	1
AT5TE51940	0	0	0	1	1
AT5TE51950	0	0	0	1	1
AT5TE51955	0	0	0	1	1
AT5TE51960	0	0	0	1	1
AT5TE51965	0	0	0	1	1
AT5TE51970	0	0	0	1	1
AT5TE51975	0	0	0	1	1
AT5TE51980	0	0	0	1	1
AT5TE51985	0	0	0	1	1
AT5TE51990	0	0	0	1	1
AT5TE51995	0	0	0	1	1
AT5TE52000	0	0	0	1	1
AT5TE52005	0	0	0	1	1
AT5TE52010	0	0	0	1	1
AT5TE52015	0	0	0	1	1
AT5TE52020	0	0	0	1	1
AT5TE52025	0	0	0	1	1
AT5TE52030	0	0	0	1	1
AT5TE52035	0	0	0	1	1
AT5TE52040	0	0	0	1	1
AT5TE52045	0	0	0	1	1
AT5TE52070	0	0	0	1	1
AT5TE52075	0	0	0	1	1
AT5TE52080	0	0	0	1	1
AT5TE52110	0	0	0	1	1
AT5TE52115	0	0	0	1	1
AT5TE52120	0	0	0	1	1
AT5TE52130	0	0	0	1	1
AT5TE52135	0	0	0	1	1
AT5TE52140	0	0	0	1	1
AT5TE52145	0	0	0	1	1
AT5TE52155	0	0	0	1	1
AT5TE52160	0	0	0	1	1
AT5TE52165	0	0	0	1	1
AT5TE52170	0	0	0	1	1
AT5TE52180	0	0	0	1	1
AT5TE52185	0	0	0	1	1
AT5TE52190	0	0	0	1	1
AT5TE52195	0	0	0	1	1
AT5TE52200	0	0	0	1	1
AT5TE52205	0	0	0	1	1
AT5TE52210	0	0	0	1	1
AT5TE52215	259.111739078471	196.260197596167	0.364433199297181	0.770880990277786	1
AT5TE52220	0	0	0	1	1
AT5TE52225	0	0	0	1	1
AT5TE52230	0	0	0	1	1
AT5TE52235	0	0	0	1	1
AT5TE52240	0	0	0	1	1
AT5TE52245	0	0	0	1	1
AT5TE52270	97.7455721444012	156.668523988335	-0.59465231933848	1	1
AT5TE52275	19.7481187644764	65.7528520332398	-1.44129056073666	0.628918442478516	1
AT5TE52290	0	0	0	1	1
AT5TE52295	0	0	0	1	1
AT5TE52305	55.7061000665691	0	3.13933726999027	0.502159102260797	1
AT5TE52315	0	30.0388773425664	-2.35098259802827	1	1
AT5TE52320	0	0	0	1	1
AT5TE52325	0	0	0	1	1
AT5TE52330	0	0	0	1	1
AT5TE52335	0	0	0	1	1
AT5TE52340	0	0	0	1	1
AT5TE52345	0	0	0	1	1
AT5TE52350	0	0	0	1	1
AT5TE52355	0	0	0	1	1
AT5TE52390	0	0	0	1	1
AT5TE52395	0	0	0	1	1
AT5TE52400	0	0	0	1	1
AT5TE52405	0	0	0	1	1
AT5TE52410	0	0	0	1	1
AT5TE52415	0	0	0	1	1
AT5TE52420	0	0	0	1	1
AT5TE52425	0	0	0	1	1
AT5TE52430	0	0	0	1	1
AT5TE52435	0	0	0	1	1
AT5TE52440	0	0	0	1	1
AT5TE52445	0	0	0	1	1
AT5TE52450	0	0	0	1	1
AT5TE52460	0	0	0	1	1
AT5TE52465	0	0	0	1	1
AT5TE52480	0	0	0	1	1
AT5TE52485	0	0	0	1	1
AT5TE52490	0	0	0	1	1
AT5TE52495	0	0	0	1	1
AT5TE52500	0	0	0	1	1
AT5TE52505	0	0	0	1	1
AT5TE52510	0	0	0	1	1
AT5TE52515	0	0	0	1	1
AT5TE52520	0	0	0	1	1
AT5TE52525	0	0	0	1	1
AT5TE52530	0	0	0	1	1
AT5TE52535	0	0	0	1	1
AT5TE52540	0	0	0	1	1
AT5TE52545	0	0	0	1	1
AT5TE52550	0	0	0	1	1
AT5TE52555	0	0	0	1	1
AT5TE52560	0	0	0	1	1
AT5TE52565	9.79430122890833	0	2.29417294235786	0.999999999999998	1
AT5TE52570	0	0	0	1	1
AT5TE52575	0	0	0	1	1
AT5TE52580	0	0	0	1	1
AT5TE52585	0	0	0	1	1
AT5TE52590	0	0	0	1	1
AT5TE52595	0	0	0	1	1
AT5TE52600	0	0	0	1	1
AT5TE52620	0	0	0	1	1
AT5TE52625	0	0	0	1	1
AT5TE52630	0	0	0	1	1
AT5TE52635	0	0	0	1	1
AT5TE52640	0	0	0	1	1
AT5TE52645	0	0	0	1	1
AT5TE52650	0	0	0	1	1
AT5TE52655	0	0	0	1	1
AT5TE52660	0	0	0	1	1
AT5TE52690	0	0	0	1	1
AT5TE52695	0	0	0	1	1
AT5TE52700	0	0	0	1	1
AT5TE52705	0	0	0	1	1
AT5TE52730	0	0	0	1	1
AT5TE52735	0	0	0	1	1
AT5TE52740	0	0	0	1	1
AT5TE52745	0	0	0	1	1
AT5TE52750	0	0	0	1	1
AT5TE52780	0	0	0	1	1
AT5TE52785	0	0	0	1	1
AT5TE52790	0	0	0	1	1
AT5TE52795	0	0	0	1	1
AT5TE52800	0	0	0	1	1
AT5TE52830	120.788378205127	199.465139654724	-0.728047405054798	0.21645171333658	1
AT5TE52835	0	0	0	1	1
AT5TE52840	0	0	0	1	1
AT5TE52845	0	0	0	1	1
AT5TE52850	0	0	0	1	1
AT5TE52855	0	0	0	1	1
AT5TE52860	0	0	0	1	1
AT5TE52865	0	0	0	1	1
AT5TE52875	0	0	0	1	1
AT5TE52880	0	0	0	1	1
AT5TE52885	0	0	0	1	1
AT5TE52890	0	0	0	1	1
AT5TE52895	0	0	0	1	1
AT5TE52900	0	0	0	1	1
AT5TE52905	0	0	0	1	1
AT5TE52915	0	0	0	1	1
AT5TE52920	0	0	0	1	1
AT5TE52925	0	0	0	1	1
AT5TE52930	0	0	0	1	1
AT5TE52935	0	0	0	1	1
AT5TE52940	0	0	0	1	1
AT5TE52945	0	0	0	1	1
AT5TE52950	0	0	0	1	1
AT5TE52955	0	0	0	1	1
AT5TE52960	0	0	0	1	1
AT5TE52965	0	0	0	1	1
AT5TE52970	0	0	0	1	1
AT5TE52975	0	0	0	1	1
AT5TE52980	0	0	0	1	1
AT5TE52985	0	0	0	1	1
AT5TE53020	0	0	0	1	1
AT5TE53030	0	0	0	1	1
AT5TE53035	0	0	0	1	1
AT5TE53040	20.7625769201858	0	2.29417294234604	0.999999999999996	1
AT5TE53045	0	0	0	1	1
AT5TE53050	0	0	0	1	1
AT5TE53055	105.329280328018	52.8116245609662	0.789215354016448	0.999999999999996	1
AT5TE53080	66.6227742933434	208.582477174495	-1.43865786991138	0.627776348649418	1
AT5TE53085	0	0	0	1	1
AT5TE53090	0	0	0	1	1
AT5TE53095	0	0	0	1	1
AT5TE53140	0	0	0	1	1
AT5TE53145	0	0	0	1	1
AT5TE53150	0	0	0	1	1
AT5TE53155	0	0	0	1	1
AT5TE53160	0	0	0	1	1
AT5TE53165	0	0	0	1	1
AT5TE53170	0	0	0	1	1
AT5TE53180	0	0	0	1	1
AT5TE53185	0	0	0	1	1
AT5TE53190	0	0	0	1	1
AT5TE53195	0	0	0	1	1
AT5TE53205	0	0	0	1	1
AT5TE53210	0	0	0	1	1
AT5TE53215	0	0	0	1	1
AT5TE53250	0	0	0	1	1
AT5TE53290	0	0	0	1	1
AT5TE53295	0	0	0	1	1
AT5TE53300	0	0	0	1	1
AT5TE53305	0	0	0	1	1
AT5TE53310	0	0	0	1	1
AT5TE53315	0	0	0	1	1
AT5TE53340	1924.57239303379	2697.35552839935	-0.483978915585035	0.0567804064983946	1
AT5TE53360	0	0	0	1	1
AT5TE53365	0	0	0	1	1
AT5TE53380	0	0	0	1	1
AT5TE53385	0	0	0	1	1
AT5TE53390	0	0	0	1	1
AT5TE53395	0	0	0	1	1
AT5TE53400	0	0	0	1	1
AT5TE53430	0	0	0	1	1
AT5TE53435	0	0	0	1	1
AT5TE53440	0	0	0	1	1
AT5TE53445	0	0	0	1	1
AT5TE53450	0	0	0	1	1
AT5TE53455	0	0	0	1	1
AT5TE53460	0	0	0	1	1
AT5TE53465	1.52405039233139	0	3.13896430340562	0.502157639609785	1
AT5TE53490	0	0	0	1	1
AT5TE53495	0	0	0	1	1
AT5TE53500	0	0	0	1	1
AT5TE53505	0	0	0	1	1
AT5TE53510	0	0	0	1	1
AT5TE53515	0	0	0	1	1
AT5TE53520	0	0	0	1	1
AT5TE53525	0	0	0	1	1
AT5TE53580	0	0	0	1	1
AT5TE53585	356.057915879846	417.841578879332	-0.235668588099323	0.870890793784331	1
AT5TE53590	0	0	0	1	1
AT5TE53595	0	0	0	1	1
AT5TE53600	0	0	0	1	1
AT5TE53605	0	0	0	1	1
AT5TE53610	0	0	0	1	1
AT5TE53615	0	0	0	1	1
AT5TE53620	0	0	0	1	1
AT5TE53625	0	0	0	1	1
AT5TE53630	0	0	0	1	1
AT5TE53635	0	0	0	1	1
AT5TE53640	0	0	0	1	1
AT5TE53645	0	0	0	1	1
AT5TE53650	0	0	0	1	1
AT5TE53655	0	0	0	1	1
AT5TE53660	0	0	0	1	1
AT5TE53665	0	0	0	1	1
AT5TE53670	0	0	0	1	1
AT5TE53675	0	0	0	1	1
AT5TE53740	0	0	0	1	1
AT5TE53745	0	0	0	1	1
AT5TE53750	0	0	0	1	1
AT5TE53755	0	0	0	1	1
AT5TE53760	0	0	0	1	1
AT5TE53790	1090.70224054697	525.376368045573	1.03799713948664	0.109108922540574	1
AT5TE53800	0	0	0	1	1
AT5TE53830	0	0	0	1	1
AT5TE53860	0	0	0	1	1
AT5TE53870	0	0	0	1	1
AT5TE53875	0	0	0	1	1
AT5TE53885	0	0	0	1	1
AT5TE53890	0	0	0	1	1
AT5TE53895	0	0	0	1	1
AT5TE53900	0	0	0	1	1
AT5TE53905	0	0	0	1	1
AT5TE53910	0	0	0	1	1
AT5TE53915	0	0	0	1	1
AT5TE53940	0	0	0	1	1
AT5TE53945	0	0	0	1	1
AT5TE53950	0	0	0	1	1
AT5TE53955	0	0	0	1	1
AT5TE53965	0	0	0	1	1
AT5TE53970	0	0	0	1	1
AT5TE53975	0	0	0	1	1
AT5TE53980	0	0	0	1	1
AT5TE53985	0	0	0	1	1
AT5TE53995	0	0	0	1	1
AT5TE54000	0	0	0	1	1
AT5TE54005	0	0	0	1	1
AT5TE54010	0	0	0	1	1
AT5TE54020	0	0	0	1	1
AT5TE54025	378.028867388006	167.973499317514	1.09156405234758	0.351576657089441	1
AT5TE54035	0	0	0	1	1
AT5TE54040	0	0	0	1	1
AT5TE54045	0	0	0	1	1
AT5TE54050	0	0	0	1	1
AT5TE54080	0	0	0	1	1
AT5TE54085	0	0	0	1	1
AT5TE54090	0	0	0	1	1
AT5TE54095	0	0	0	1	1
AT5TE54100	0	0	0	1	1
AT5TE54105	0	0	0	1	1
AT5TE54110	0	0	0	1	1
AT5TE54115	0	0	0	1	1
AT5TE54120	0	0	0	1	1
AT5TE54125	0	0	0	1	1
AT5TE54130	0	0	0	1	1
AT5TE54140	0	0	0	1	1
AT5TE54145	0	0	0	1	1
AT5TE54160	0	0	0	1	1
AT5TE54165	0	0	0	1	1
AT5TE54170	0	0	0	1	1
AT5TE54175	0	0	0	1	1
AT5TE54180	0	0	0	1	1
AT5TE54185	0	0	0	1	1
AT5TE54190	0	0	0	1	1
AT5TE54200	0	0	0	1	1
AT5TE54205	0	0	0	1	1
AT5TE54210	0	0	0	1	1
AT5TE54215	0	0	0	1	1
AT5TE54220	0	0	0	1	1
AT5TE54225	21.7405631993775	45.7468219708432	-0.981853288920749	0.690631810492211	1
AT5TE54235	24.170517345302	33.2774902311319	-0.379002990844612	1	1
AT5TE54240	0	0	0	1	1
AT5TE54245	9.13282501091378	0	2.29434778166134	1	1
AT5TE54250	0	0	0	1	1
AT5TE54255	0	0	0	1	1
AT5TE54260	0	0	0	1	1
AT5TE54265	0	0	0	1	1
AT5TE54270	0	0	0	1	1
AT5TE54280	0	0	0	1	1
AT5TE54285	0	0	0	1	1
AT5TE54290	0	0	0	1	1
AT5TE54295	0	0	0	1	1
AT5TE54300	0	0	0	1	1
AT5TE54305	0	0	0	1	1
AT5TE54310	0	0	0	1	1
AT5TE54315	0	0	0	1	1
AT5TE54320	0	2.58398944882292	-2.35098259783692	0.999999999999992	1
AT5TE54325	0	0	0	1	1
AT5TE54330	0	0	0	1	1
AT5TE54335	0	0	0	1	1
AT5TE54340	0	0	0	1	1
AT5TE54345	0	0	0	1	1
AT5TE54350	0	0	0	1	1
AT5TE54355	0	0	0	1	1
AT5TE54360	0	0	0	1	1
AT5TE54365	0	0	0	1	1
AT5TE54370	0	0	0	1	1
AT5TE54390	0	0	0	1	1
AT5TE54395	0	0	0	1	1
AT5TE54405	0	0	0	1	1
AT5TE54410	0	0	0	1	1
AT5TE54415	0	0	0	1	1
AT5TE54440	0	0	0	1	1
AT5TE54445	0	0	0	1	1
AT5TE54450	0	0	0	1	1
AT5TE54455	0	0	0	1	1
AT5TE54460	0	0	0	1	1
AT5TE54465	0	0	0	1	1
AT5TE54470	0	0	0	1	1
AT5TE54475	0	0	0	1	1
AT5TE54480	0	0	0	1	1
AT5TE54485	0	0	0	1	1
AT5TE54490	0	0	0	1	1
AT5TE54495	0	0	0	1	1
AT5TE54500	0	0	0	1	1
AT5TE54505	0	0	0	1	1
AT5TE54510	0	0	0	1	1
AT5TE54515	0	0	0	1	1
AT5TE54520	0	0	0	1	1
AT5TE54525	0	0	0	1	1
AT5TE54530	0	0	0	1	1
AT5TE54535	0	0	0	1	1
AT5TE54540	0	0	0	1	1
AT5TE54545	0	0	0	1	1
AT5TE54550	0	0	0	1	1
AT5TE54555	0	0	0	1	1
AT5TE54560	0	0	0	1	1
AT5TE54565	0	0	0	1	1
AT5TE54570	0	0	0	1	1
AT5TE54575	0	0	0	1	1
AT5TE54580	0	0	0	1	1
AT5TE54585	0	0	0	1	1
AT5TE54595	0	0	0	1	1
AT5TE54605	0	0	0	1	1
AT5TE54610	0	0	0	1	1
AT5TE54615	0	0	0	1	1
AT5TE54620	0	0	0	1	1
AT5TE54625	0	0	0	1	1
AT5TE54630	0	0	0	1	1
AT5TE54635	0	0	0	1	1
AT5TE54640	0	0	0	1	1
AT5TE54645	0	0	0	1	1
AT5TE54650	0	0	0	1	1
AT5TE54655	0	0	0	1	1
AT5TE54660	0	0	0	1	1
AT5TE54665	0	0	0	1	1
AT5TE54670	0	0	0	1	1
AT5TE54675	0	0	0	1	1
AT5TE54680	0	0	0	1	1
AT5TE54685	0	0	0	1	1
AT5TE54690	0	0	0	1	1
AT5TE54695	0	0	0	1	1
AT5TE54700	0	0	0	1	1
AT5TE54705	0	0	0	1	1
AT5TE54710	0	0	0	1	1
AT5TE54715	0	0	0	1	1
AT5TE54720	13.4726054682095	13.6136632201602	-0.0557300310115674	1	1
AT5TE54730	0	0	0	1	1
AT5TE54735	4.49636527199115	0	2.29434778166782	1	1
AT5TE54740	0	0	0	1	1
AT5TE54745	0	0	0	1	1
AT5TE54750	0	0	0	1	1
AT5TE54755	0	0	0	1	1
AT5TE54760	0	0	0	1	1
AT5TE54765	0	0	0	1	1
AT5TE54770	0	0	0	1	1
AT5TE54775	0	0	0	1	1
AT5TE54780	0	0	0	1	1
AT5TE54785	0	0	0	1	1
AT5TE54790	0	0	0	1	1
AT5TE54795	0	0	0	1	1
AT5TE54800	0	0	0	1	1
AT5TE54805	0	0	0	1	1
AT5TE54810	0	0	0	1	1
AT5TE54815	0	0	0	1	1
AT5TE54820	0	0	0	1	1
AT5TE54825	0	0	0	1	1
AT5TE54830	0	0	0	1	1
AT5TE54835	0	0	0	1	1
AT5TE54840	0	0	0	1	1
AT5TE54845	0	0	0	1	1
AT5TE54850	0	0	0	1	1
AT5TE54855	0	0	0	1	1
AT5TE54865	0	0	0	1	1
AT5TE54870	0	0	0	1	1
AT5TE54875	0	0	0	1	1
AT5TE54880	0	0	0	1	1
AT5TE54885	1248.64967728393	1549.4698304391	-0.32417363174343	0.837783191662861	1
AT5TE54890	7.29405342413896	5.34236484695107	0.465875909811546	1	1
AT5TE54895	3905.0432836597	2974.97640014673	0.390228223068861	0.274655182160786	1
AT5TE54905	0	1.16844334332864	-2.34990267722402	0.999999999999995	1
AT5TE54910	0	0	0	1	1
AT5TE54915	0	0	0	1	1
AT5TE54920	0	0	0	1	1
AT5TE54925	0	0	0	1	1
AT5TE54930	0	0	0	1	1
AT5TE54960	0	0	0	1	1
AT5TE54965	0	0	0	1	1
AT5TE54970	0	0	0	1	1
AT5TE54975	0	0	0	1	1
AT5TE54980	0	0	0	1	1
AT5TE54985	0	0	0	1	1
AT5TE54990	0	0	0	1	1
AT5TE54995	0	0	0	1	1
AT5TE55005	0	0	0	1	1
AT5TE55010	0	0	0	1	1
AT5TE55015	0	0	0	1	1
AT5TE55020	0	0	0	1	1
AT5TE55025	0	0	0	1	1
AT5TE55030	0	0	0	1	1
AT5TE55035	0	0	0	1	1
AT5TE55060	0	0	0	1	1
AT5TE55065	0	0	0	1	1
AT5TE55090	0	0	0	1	1
AT5TE55095	0	0	0	1	1
AT5TE55100	0	0	0	1	1
AT5TE55105	0	0	0	1	1
AT5TE55110	0	0	0	1	1
AT5TE55115	0	0	0	1	1
AT5TE55120	0	0	0	1	1
AT5TE55125	0	0	0	1	1
AT5TE55130	0	0	0	1	1
AT5TE55140	0	0	0	1	1
AT5TE55145	0	0	0	1	1
AT5TE55150	0	0	0	1	1
AT5TE55155	0	0	0	1	1
AT5TE55160	0	0	0	1	1
AT5TE55165	0	0	0	1	1
AT5TE55175	0	0	0	1	1
AT5TE55185	0	0	0	1	1
AT5TE55195	0	0	0	1	1
AT5TE55200	9.38417551309535	4.70518314060835	0.789215358540904	1	1
AT5TE55210	192.806065120707	500.952132454866	-1.36203531969168	0.0457697044776634	1
AT5TE55215	0	0	0	1	1
AT5TE55220	0	0	0	1	1
AT5TE55225	0	0	0	1	1
AT5TE55230	0	0	0	1	1
AT5TE55235	0	0	0	1	1
AT5TE55240	0	0	0	1	1
AT5TE55245	1141.93391017281	614.797507442941	0.889056951142894	0.0331381979618811	1
AT5TE55250	0	0	0	1	1
AT5TE55255	0	0	0	1	1
AT5TE55260	0	0	0	1	1
AT5TE55265	0	0	0	1	1
AT5TE55270	0	0	0	1	1
AT5TE55300	0	0	0	1	1
AT5TE55305	0	0	0	1	1
AT5TE55310	0	0	0	1	1
AT5TE55315	0	0	0	1	1
AT5TE55320	0	0	0	1	1
AT5TE55325	0	0	0	1	1
AT5TE55330	0	0	0	1	1
AT5TE55335	24.5452326343897	0	2.29417294233422	1	1
AT5TE55345	118.623267165535	124.804436638902	-0.0624377718206803	1	1
AT5TE55350	0	0	0	1	1
AT5TE55355	0	0	0	1	1
AT5TE55360	0	0	0	1	1
AT5TE55365	0	0	0	1	1
AT5TE55370	0	0	0	1	1
AT5TE55375	0	0	0	1	1
AT5TE55380	0	0	0	1	1
AT5TE55385	0	0	0	1	1
AT5TE55390	0	0	0	1	1
AT5TE55400	0	0	0	1	1
AT5TE55405	0	0	0	1	1
AT5TE55470	0	0	0	1	1
AT5TE55480	0	0	0	1	1
AT5TE55485	0	0	0	1	1
AT5TE55490	0	0	0	1	1
AT5TE55495	0	0	0	1	1
AT5TE55500	0	0	0	1	1
AT5TE55505	0	0	0	1	1
AT5TE55510	0	0	0	1	1
AT5TE55540	0	0	0	1	1
AT5TE55545	0	0	0	1	1
AT5TE55550	0	0	0	1	1
AT5TE55555	2.60009083519135	0	4.35924558805674	0.0647336941950792	1
AT5TE55560	0	0	0	1	1
AT5TE55600	0	0	0	1	1
AT5TE55640	0	0	0	1	1
AT5TE55645	0	0	0	1	1
AT5TE55650	0	0	0	1	1
AT5TE55655	0	0	0	1	1
AT5TE55660	0	0	0	1	1
AT5TE55665	0	0	0	1	1
AT5TE55670	0	0	0	1	1
AT5TE55710	0	0	0	1	1
AT5TE55715	0	0	0	1	1
AT5TE55720	0	0	0	1	1
AT5TE55725	0	0	0	1	1
AT5TE55735	0	0	0	1	1
AT5TE55740	0	0	0	1	1
AT5TE55810	244.21617205213	156.374240278768	0.65304687079505	0.260948444005188	1
AT5TE55815	65.3657408161105	0	4.0542791122424	0.130251958933822	1
AT5TE55820	0	0	0	1	1
AT5TE55825	0	0	0	1	1
AT5TE55830	0	0	0	1	1
AT5TE55835	0	0	0	1	1
AT5TE55845	0	0	0	1	1
AT5TE55850	0	0	0	1	1
AT5TE55855	0	0	0	1	1
AT5TE55860	0	0	0	1	1
AT5TE55865	3214.94498464185	3243.23141274795	-0.0154976424639196	0.971407805067321	1
AT5TE55880	0	0	0	1	1
AT5TE55885	0	0	0	1	1
AT5TE55890	0	0	0	1	1
AT5TE55895	0	0	0	1	1
AT5TE55900	0	0	0	1	1
AT5TE55920	0	0	0	1	1
AT5TE55925	0	0	0	1	1
AT5TE55940	6.28256213543446	0	2.29417294232241	0.999999999999995	1
AT5TE55945	0	0	0	1	1
AT5TE55950	0	0	0	1	1
AT5TE56010	353.765750422752	443.270930131274	-0.318173788956747	1	1
AT5TE56015	0	0	0	1	1
AT5TE56025	0	13.484385821112	-2.35098259764557	0.999999999999995	1
AT5TE56030	0	0	0	1	1
AT5TE56035	0	0	0	1	1
AT5TE56045	0	0	0	1	1
AT5TE56050	0	0	0	1	1
AT5TE56055	0	0	0	1	1
AT5TE56070	0	0	0	1	1
AT5TE56100	7.10747064559702	7.18188563783362	-0.0557300308542996	1	1
AT5TE56105	0	0	0	1	1
AT5TE56115	0	0	0	1	1
AT5TE56120	0	0	0	1	1
AT5TE56125	0	0	0	1	1
AT5TE56130	0	0	0	1	1
AT5TE56135	0	0	0	1	1
AT5TE56145	0	0	0	1	1
AT5TE56150	0	0	0	1	1
AT5TE56155	0	0	0	1	1
AT5TE56160	0	0	0	1	1
AT5TE56210	5.29735288929078	0	2.2943477816743	1	1
AT5TE56215	0	0	0	1	1
AT5TE56250	0	0	0	1	1
AT5TE56255	182.139034007351	174.690901533764	0.054443777248314	1	1
AT5TE56300	0	0	0	1	1
AT5TE56305	0	0	0	1	1
AT5TE56310	0	0	0	1	1
AT5TE56315	0	0	0	1	1
AT5TE56320	0	0	0	1	1
AT5TE56330	0	0	0	1	1
AT5TE56335	0	0	0	1	1
AT5TE56340	0	0	0	1	1
AT5TE56345	0	0	0	1	1
AT5TE56350	0	0	0	1	1
AT5TE56355	0	0	0	1	1
AT5TE56360	0	0	0	1	1
AT5TE56365	0	0	0	1	1
AT5TE56370	0	0	0	1	1
AT5TE56375	0	0	0	1	1
AT5TE56380	0	0	0	1	1
AT5TE56385	0	0	0	1	1
AT5TE56410	0	0	0	1	1
AT5TE56415	13.6184160560971	29.7730465696233	-0.908407376754578	0.999999999999998	1
AT5TE56420	37.6563506875419	283.196021639672	-2.73167084711822	0.00575326378386777	1
AT5TE56425	0	0	0	1	1
AT5TE56430	0	0	0	1	1
AT5TE56435	0	0	0	1	1
AT5TE56440	0	0	0	1	1
AT5TE56445	0	0	0	1	1
AT5TE56450	201.820460896914	110.306697126801	0.788314117969428	1	1
AT5TE56455	0	0	0	1	1
AT5TE56460	0	0	0	1	1
AT5TE56490	0	0	0	1	1
AT5TE56495	0	0	0	1	1
AT5TE56520	0	0	0	1	1
AT5TE56525	0	0	0	1	1
AT5TE56530	473.876332548554	406.704379008449	0.240232137736441	0.803684440919385	1
AT5TE56540	0	0	0	1	1
AT5TE56560	0	0	0	1	1
AT5TE56565	0	0	0	1	1
AT5TE56570	0	0	0	1	1
AT5TE56575	0	0	0	1	1
AT5TE56580	0	0	0	1	1
AT5TE56585	0	0	0	1	1
AT5TE56590	0	0	0	1	1
AT5TE56600	0	0	0	1	1
AT5TE56605	0	0	0	1	1
AT5TE56610	0	0	0	1	1
AT5TE56615	0	0	0	1	1
AT5TE56620	0	0	0	1	1
AT5TE56625	92.7962892322051	96.3502813344113	-0.0644659580433078	1	1
AT5TE56630	0	0	0	1	1
AT5TE56635	0	0	0	1	1
AT5TE56645	0	0	0	1	1
AT5TE56655	0	0	0	1	1
AT5TE56665	0	0	0	1	1
AT5TE56675	0	0	0	1	1
AT5TE56680	0	0	0	1	1
AT5TE56685	0	0	0	1	1
AT5TE56690	0	0	0	1	1
AT5TE56695	0	0	0	1	1
AT5TE56700	0	0	0	1	1
AT5TE56705	0	0	0	1	1
AT5TE56710	0	0	0	1	1
AT5TE56715	0	0	0	1	1
AT5TE56720	0	0	0	1	1
AT5TE56725	0	0	0	1	1
AT5TE56730	0	0	0	1	1
AT5TE56760	0	0	0	1	1
AT5TE56765	0	0	0	1	1
AT5TE56770	0	0	0	1	1
AT5TE56775	0	0	0	1	1
AT5TE56780	23.7456385602729	9.18732111465587	1.31546272508229	0.0973619145797689	1
AT5TE56790	0	0	0	1	1
AT5TE56795	0	31.7391911544098	-2.35098259745422	0.999999999999998	1
AT5TE56805	0	0	0	1	1
AT5TE56810	0	0	0	1	1
AT5TE56815	0	0	0	1	1
AT5TE56820	0	0	0	1	1
AT5TE56840	0	0	0	1	1
AT5TE56845	16926.2510337851	15421.9777125212	0.132222014680521	0.639025199212795	1
AT5TE56855	0	0	0	1	1
AT5TE56880	0	0	0	1	1
AT5TE56885	0	0	0	1	1
AT5TE56895	998.481310906964	1173.16100585099	-0.223747239030578	0.563017806857816	1
AT5TE56900	0	0	0	1	1
AT5TE56940	163.461855613059	161.513942256015	0.0417685103519774	1	1
AT5TE56960	0	0	0	1	1
AT5TE56965	0	0	0	1	1
AT5TE56970	0	0	0	1	1
AT5TE56975	0	0	0	1	1
AT5TE56985	0	0	0	1	1
AT5TE57000	0	0	0	1	1
AT5TE57005	0	0	0	1	1
AT5TE57010	0	0	0	1	1
AT5TE57020	0	0	0	1	1
AT5TE57030	0	0	0	1	1
AT5TE57060	0	0	0	1	1
AT5TE57065	0	0	0	1	1
AT5TE57070	0	0	0	1	1
AT5TE57075	0	0	0	1	1
AT5TE57080	0	0	0	1	1
AT5TE57085	0	0	0	1	1
AT5TE57090	0	0	0	1	1
AT5TE57110	174.899482307645	226.091329024416	-0.369673771330368	0.6423297269499	1
AT5TE57115	0	0	0	1	1
AT5TE57140	0	0	0	1	1
AT5TE57145	0	0	0	1	1
AT5TE57150	0	4.1458462875754	-2.35098259726287	0.999999999999998	1
AT5TE57180	0	0	0	1	1
AT5TE57185	0	0	0	1	1
AT5TE57220	0	0	0	1	1
AT5TE57225	0	0	0	1	1
AT5TE57230	0	0	0	1	1
AT5TE57235	0	0	0	1	1
AT5TE57240	0	0	0	1	1
AT5TE57245	0	0	0	1	1
AT5TE57250	0	0	0	1	1
AT5TE57280	0	0	0	1	1
AT5TE57285	0	0	0	1	1
AT5TE57310	0	0	0	1	1
AT5TE57315	0	0	0	1	1
AT5TE57320	0	0	0	1	1
AT5TE57325	0	0	0	1	1
AT5TE57330	0	0	0	1	1
AT5TE57335	14.9769441784815	0	2.29434778168078	0.999999999999992	1
AT5TE57340	0	0	0	1	1
AT5TE57345	0	0	0	1	1
AT5TE57350	0	0	0	1	1
AT5TE57355	0	0	0	1	1
AT5TE57365	0	0	0	1	1
AT5TE57370	0	0	0	1	1
AT5TE57375	0	0	0	1	1
AT5TE57385	0	0	0	1	1
AT5TE57390	0	0	0	1	1
AT5TE57395	0	0	0	1	1
AT5TE57400	302.3533523602	534.699271522232	-0.791328222686477	0.325292039763702	1
AT5TE57450	0	0	0	1	1
AT5TE57455	0	0	0	1	1
AT5TE57460	0	0	0	1	1
AT5TE57465	0	0	0	1	1
AT5TE57470	0	0	0	1	1
AT5TE57475	0	0	0	1	1
AT5TE57480	0	0	0	1	1
AT5TE57485	0	0	0	1	1
AT5TE57495	0	0	0	1	1
AT5TE57500	8.00881434702015	8.09266637922335	-0.0557300306970293	1	1
AT5TE57560	0	0	0	1	1
AT5TE57570	256.480169056495	510.512370756006	-0.906101979687625	0.999999999999999	1
AT5TE57575	0	0	0	1	1
AT5TE57585	0	0	0	1	1
AT5TE57590	275.598417700379	46.0612665343765	2.26061244209686	0.129455893794551	1
AT5TE57595	0	0	0	1	1
AT5TE57600	0	0	0	1	1
AT5TE57605	0	0	0	1	1
AT5TE57610	0	0	0	1	1
AT5TE57615	0	0	0	1	1
AT5TE57620	0	0	0	1	1
AT5TE57625	0	0	0	1	1
AT5TE57630	0	0	0	1	1
AT5TE57635	5.33592206034571	3.57626879688971	0.467852847740789	0.999999999999997	1
AT5TE57645	0	0	0	1	1
AT5TE57650	0	0	0	1	1
AT5TE57655	0	0	0	1	1
AT5TE57660	0	0	0	1	1
AT5TE57665	0	0	0	1	1
AT5TE57700	0	0	0	1	1
AT5TE57705	0	0	0	1	1
AT5TE57730	0	0	0	1	1
AT5TE57735	0	0	0	1	1
AT5TE57770	0	0	0	1	1
AT5TE57775	0	0	0	1	1
AT5TE57785	0	0	0	1	1
AT5TE57790	0	0	0	1	1
AT5TE57800	0	0	0	1	1
AT5TE57805	0	0	0	1	1
AT5TE57810	0	0	0	1	1
AT5TE57815	0	0	0	1	1
AT5TE57820	0	0	0	1	1
AT5TE57825	0	0	0	1	1
AT5TE57830	0	0	0	1	1
AT5TE57835	0	0	0	1	1
AT5TE57840	0	0	0	1	1
AT5TE57845	30.7755201418349	6.20055511039684	2.00919911138758	0.225073778359711	1
AT5TE57880	0	0	0	1	1
AT5TE57885	0	0	0	1	1
AT5TE57890	0	0	0	1	1
AT5TE57895	0	0	0	1	1
AT5TE57950	0	0	0	1	1
AT5TE57955	0	0	0	1	1
AT5TE57960	0	0	0	1	1
AT5TE57970	0	0	0	1	1
AT5TE57975	0	0	0	1	1
AT5TE57980	0	0	0	1	1
AT5TE57985	136.770856545337	75.3213640828531	0.875611855141083	0.515816516817423	1
AT5TE57995	0	0	0	1	1
AT5TE58000	0	0	0	1	1
AT5TE58005	0	0	0	1	1
AT5TE58010	452.52579696482	0	3.13915052788608	0.501872938249563	1
AT5TE58015	0	0	0	1	1
AT5TE58020	0	0	0	1	1
AT5TE58025	330.58002788808	274.142831636176	0.271831723429722	0.699685209353933	1
AT5TE58060	0	0	0	1	1
AT5TE58130	21.5753468352109	10.9006200161425	0.789098773604069	0.999999999999997	1
AT5TE58190	0	0	0	1	1
AT5TE58195	0	0	0	1	1
AT5TE58200	0	0	0	1	1
AT5TE58230	0	0	0	1	1
AT5TE58235	0	0	0	1	1
AT5TE58240	0	0	0	1	1
AT5TE58245	0	0	0	1	1
AT5TE58250	0	0	0	1	1
AT5TE58260	0	0	0	1	1
AT5TE58265	0	0	0	1	1
AT5TE58270	0	0	0	1	1
AT5TE58275	0	0	0	1	1
AT5TE58280	0	0	0	1	1
AT5TE58285	17.487284253852	34.807661642455	-0.906101991397914	0.999999999999998	1
AT5TE58290	0	0	0	1	1
AT5TE58295	0	0	0	1	1
AT5TE58300	3297.19626992373	3922.14418535939	-0.263389531710405	0.68581820185801	1
AT5TE58305	1830.91924479801	2238.95490854601	-0.286487960653617	0.122212706103382	1
AT5TE58310	786.264742733133	752.372727302467	0.0606435896931455	1	1
AT5TE58315	1903.28998115398	2410.2856825888	-0.326283691966505	0.837699219154448	1
AT5TE58340	0	0	0	1	1
AT5TE58345	0	0	0	1	1
AT5TE58350	0	0	0	1	1
AT5TE58360	0	0	0	1	1
AT5TE58390	0	13.4305559375946	-2.35098259707153	1	1
AT5TE58395	0	0	0	1	1
AT5TE58400	0	0	0	1	1
AT5TE58405	0	0	0	1	1
AT5TE58410	0	0	0	1	1
AT5TE58415	0	0	0	1	1
AT5TE58420	0	0	0	1	1
AT5TE58470	0	0	0	1	1
AT5TE58475	0	0	0	1	1
AT5TE58530	0	0	0	1	1
AT5TE58535	0	0	0	1	1
AT5TE58540	0	0	0	1	1
AT5TE58580	0	0	0	1	1
AT5TE58585	0	0	0	1	1
AT5TE58590	0	0	0	1	1
AT5TE58595	0	0	0	1	1
AT5TE58640	3159.84011383688	3165.15562372891	-0.00513709579483027	1	1
AT5TE58645	390.616858520179	190.985980215782	1.00431162317149	0.150410729283663	1
AT5TE58655	1976.01781126957	1068.28435528949	0.877359659249118	0.054481813337861	1
AT5TE58740	0	0	0	1	1
AT5TE58745	0	0	0	1	1
AT5TE58750	0	0	0	1	1
AT5TE58755	0	0	0	1	1
AT5TE58770	9.77455721444012	0	3.13915052789727	0.501872955488594	1
AT5TE58780	0	0	0	1	1
AT5TE58890	40.5246982356555	0	4.05485849867368	0.127670207342424	1
AT5TE58950	418.635348206419	404.227926788104	0.0489318001110126	0.832246548478648	1
AT5TE58955	0	0	0	1	1
AT5TE59000	0	0	0	1	1
AT5TE59005	0	0	0	1	1
AT5TE59070	179.679360559561	1143.11326350742	-2.51142143136613	0.0149756991421512	1
AT5TE59075	0	5.99337083134797	-3.73283738453939	0.252789196816393	1
AT5TE59080	600.894910723778	531.777417579488	0.183914607635686	1	1
AT5TE59090	0	0	0	1	1
AT5TE59120	869.885926901695	375.070313208494	1.09288020591162	0.356131897217831	1
AT5TE59125	75.4745988700367	80.9608431485437	-0.067064629476137	1	1
AT5TE59130	0	0	0	1	1
AT5TE59135	0	0	0	1	1
AT5TE59140	0	0	0	1	1
AT5TE59145	2166.06147901791	1787.89260971667	0.286850392172774	0.69411265639793	1
AT5TE59170	1148.47627566306	1106.58582239943	0.0471767055382384	0.888737657608313	1
AT5TE59180	0	0	0	1	1
AT5TE59185	0	0	0	1	1
AT5TE59190	20.6797160393036	15.2233224541513	0.46570472270795	0.999999999999999	1
AT5TE59195	0	0	0	1	1
AT5TE59260	0	0	0	1	1
AT5TE59280	0	0	0	1	1
AT5TE59285	0	0	0	1	1
AT5TE59290	0	0	0	1	1
AT5TE59295	0	0	0	1	1
AT5TE59300	0	0	0	1	1
AT5TE59380	0	0	0	1	1
AT5TE59390	0	0	0	1	1
AT5TE59460	0	0	0	1	1
AT5TE59520	0	0	0	1	1
AT5TE59525	0	0	0	1	1
AT5TE59530	773.630340017096	1230.5140306904	-0.646369749208718	0.314184861604143	1
AT5TE59570	1880.59268134458	1873.52147857139	0.00569602369045413	1	1
AT5TE59580	2015.73152298877	1931.51142564081	0.0580816021605252	0.830394090547346	1
AT5TE59590	0	0	0	1	1
AT5TE59595	423.365938077194	340.583747800727	0.331026229685631	0.797262455649493	1
AT5TE59610	74.2184334731673	40.2120233293695	0.900440699286238	0.256894918079327	1
AT5TE59615	0	0	0	1	1
AT5TE59620	0	0	0	1	1
AT5TE59660	0	0	0	1	1
AT5TE59665	0	0	0	1	1
AT5TE59670	0	0	0	1	1
AT5TE59675	0	0	0	1	1
AT5TE59680	0	0	0	1	1
AT5TE59730	0	0	0	1	1
AT5TE59735	0	8.91724665075994	-2.34990267710431	0.999999999999999	1
AT5TE59740	34.0599576443497	0	2.29417294231059	0.999999999999998	1
AT5TE59800	0	0	0	1	1
AT5TE59805	0	0	0	1	1
AT5TE59810	0	0	0	1	1
AT5TE59815	38.9268521672364	9.30897764731684	1.96092990224145	0.0242407584852718	1
AT5TE59840	0	0	0	1	1
AT5TE59845	0	0	0	1	1
AT5TE59850	0	0	0	1	1
AT5TE59870	0	0	0	1	1
AT5TE59875	0	0	0	1	1
AT5TE59900	0	0	0	1	1
AT5TE59905	0	0	0	1	1
AT5TE59940	0	0	0	1	1
AT5TE59950	0	0	0	1	1
AT5TE59955	0	0	0	1	1
AT5TE60010	0	0	0	1	1
AT5TE60050	69.526745053483	50.2142591915069	0.496481707320037	0.476758501209386	1
AT5TE60080	0	0	0	1	1
AT5TE60085	0	0	0	1	1
AT5TE60090	0	0	0	1	1
AT5TE60110	0	0	0	1	1
AT5TE60120	0	0	0	1	1
AT5TE60210	12.2857682433888	6.46297484857061	0.853272197717174	0.690634740420709	1
AT5TE60215	0	0	0	1	1
AT5TE60220	0	0	0	1	1
AT5TE60225	0	0	0	1	1
AT5TE60230	0	0	0	1	1
AT5TE60280	0	0	0	1	1
AT5TE60285	0	0	0	1	1
AT5TE60290	0	0	0	1	1
AT5TE60320	0	0	0	1	1
AT5TE60325	0	0	0	1	1
AT5TE60330	0	0	0	1	1
AT5TE60335	0	347.428566859647	-3.20159067606229	0.501870099140316	1
AT5TE60340	24.3970722764356	13.5386489431285	0.787943038683509	1	1
AT5TE60360	465.157482921672	511.041153777332	-0.0969473804629497	1	1
AT5TE60365	0	0	0	1	1
AT5TE60370	0	0	0	1	1
AT5TE60410	6551.42673490377	6203.44289272275	0.0759915849607694	0.696900839051125	1
AT5TE60460	0	0	0	1	1
AT5TE60465	0	0	0	1	1
AT5TE60470	0	0	0	1	1
AT5TE60475	0	0	0	1	1
AT5TE60480	0	0	0	1	1
AT5TE60530	0	0	0	1	1
AT5TE60535	0	0	0	1	1
AT5TE60640	19120.0773933722	18432.7130314615	0.0548620572263289	0.752956281014873	1
AT5TE60645	853.818328822112	717.768731285866	0.26420244435221	0.600235264830084	1
AT5TE60650	0	0	0	1	1
AT5TE60680	0	0	0	1	1
AT5TE60690	0	0	0	1	1
AT5TE60750	0	0	0	1	1
AT5TE60820	1475.63065698208	1333.36835167801	0.15606799980269	0.903030447867773	1
AT5TE60825	23.1410678847966	0	2.29434778168726	1	1
AT5TE60830	42.4242934654519	22.3174600239704	0.85327219675571	0.690634815587109	1
AT5TE60840	0	0	0	1	1
AT5TE60860	0	0	0	1	1
AT5TE60865	0	0	0	1	1
AT5TE60870	0	0	0	1	1
AT5TE60875	0	0	0	1	1
AT5TE60880	0	0	0	1	1
AT5TE60890	0	0	0	1	1
AT5TE60895	0	0	0	1	1
AT5TE60905	378.917028793391	382.884278067005	-0.0614240468018618	1	1
AT5TE60910	0	0	0	1	1
AT5TE60915	0	0	0	1	1
AT5TE60920	0	0	0	1	1
AT5TE60925	0	0	0	1	1
AT5TE60940	36.6400241509279	0	3.13933726797366	0.502159078747859	1
AT5TE60945	4.7060581478256	14.5114720358402	-1.43849522638686	0.627778076363045	1
AT5TE60950	0	0	0	1	1
AT5TE60955	0	0	0	1	1
AT5TE60965	0	0	0	1	1
AT5TE60970	0	0	0	1	1
AT5TE60975	0	0	0	1	1
AT5TE60985	0	0	0	1	1
AT5TE61010	0	0	0	1	1
AT5TE61030	154.772688459582	206.315276335642	-0.41850618219174	0.808521358569724	1
AT5TE61035	0	0	0	1	1
AT5TE61040	0	0	0	1	1
AT5TE61050	0	0	0	1	1
AT5TE61055	0	0	0	1	1
AT5TE61060	0	0	0	1	1
AT5TE61065	0	0	0	1	1
AT5TE61080	0	11.195854450474	-2.35098259688018	1	1
AT5TE61085	0	0	0	1	1
AT5TE61090	0	0	0	1	1
AT5TE61110	0	0	0	1	1
AT5TE61120	0	0	0	1	1
AT5TE61125	0	25.4197031081829	-2.34990267698461	0.999999999999995	1
AT5TE61150	0	0	0	1	1
AT5TE61210	219.840144905568	120.155509370266	0.78831412267125	1	1
AT5TE61215	0	0	0	1	1
AT5TE61220	0	0	0	1	1
AT5TE61230	0	0	0	1	1
AT5TE61235	0	0	0	1	1
AT5TE61240	0	0	0	1	1
AT5TE61245	0	0	0	1	1
AT5TE61250	165.529014192847	413.476031728095	-1.22553249888393	0.353964365388789	1
AT5TE61255	0	0	0	1	1
AT5TE61280	0	0	0	1	1
AT5TE61285	0	0	0	1	1
AT5TE61290	0	0	0	1	1
AT5TE61340	0	0	0	1	1
AT5TE61345	0	0	0	1	1
AT5TE61350	0	0	0	1	1
AT5TE61355	0	0	0	1	1
AT5TE61365	0	27.6901585380036	-2.35098259668884	0.999999999999993	1
AT5TE61370	0	0	0	1	1
AT5TE61375	0	0	0	1	1
AT5TE61380	0	0	0	1	1
AT5TE61420	0	0	0	1	1
AT5TE61425	0	0	0	1	1
AT5TE61430	0	0	0	1	1
AT5TE61435	0	4.2159827849216	-2.35098259649749	1	1
AT5TE61440	0	0	0	1	1
AT5TE61450	0	0	0	1	1
AT5TE61455	0	0	0	1	1
AT5TE61460	0	0	0	1	1
AT5TE61465	0	0	0	1	1
AT5TE61470	0	0	0	1	1
AT5TE61475	0	0	0	1	1
AT5TE61480	0	0	0	1	1
AT5TE61485	0	0	0	1	1
AT5TE61490	0	0	0	1	1
AT5TE61500	0	0	0	1	1
AT5TE61505	0	17.0779404181088	-2.35098259630614	0.999999999999997	1
AT5TE61510	0	0	0	1	1
AT5TE61515	0	0	0	1	1
AT5TE61520	0	0	0	1	1
AT5TE61525	0	0	0	1	1
AT5TE61530	0	0	0	1	1
AT5TE61535	0	0	0	1	1
AT5TE61540	0	0	0	1	1
AT5TE61545	10.1744199295139	0	2.29434778169374	0.999999999999997	1
AT5TE61550	0	0	0	1	1
AT5TE61555	0	0	0	1	1
AT5TE61565	0	0	0	1	1
AT5TE61570	0	0	0	1	1
AT5TE61575	0	0	0	1	1
AT5TE61580	0	0	0	1	1
AT5TE61585	0	0	0	1	1
AT5TE61590	296.148024436091	70.9225714913119	2.0337471374293	0.00565134888359336	1
AT5TE61595	0	0	0	1	1
AT5TE61600	0	0	0	1	1
AT5TE61605	0	0	0	1	1
AT5TE61615	0	0	0	1	1
AT5TE61620	0	0	0	1	1
AT5TE61625	0	0	0	1	1
AT5TE61630	0	0	0	1	1
AT5TE61635	0	36.3713974309993	-2.3509825961148	0.999999999999995	1
AT5TE61650	0	0	0	1	1
AT5TE61655	0	0	0	1	1
AT5TE61660	0	0	0	1	1
AT5TE61690	0	0	0	1	1
AT5TE61700	0	0	0	1	1
AT5TE61705	0	0	0	1	1
AT5TE61710	0	0	0	1	1
AT5TE61715	0	0	0	1	1
AT5TE61720	0	0	0	1	1
AT5TE61725	0	0	0	1	1
AT5TE61730	0	0	0	1	1
AT5TE61735	0	0	0	1	1
AT5TE61740	0	0	0	1	1
AT5TE61780	392.905790895057	130.34358402281	1.31901793692833	0.628740302771638	1
AT5TE61785	0	0	0	1	1
AT5TE61790	0	0	0	1	1
AT5TE61795	0	0	0	1	1
AT5TE61840	0	0	0	1	1
AT5TE61890	0	0	0	1	1
AT5TE61895	24.7962063832076	12.5279109387977	0.789098769905331	0.999999999999998	1
AT5TE61910	47.1687667230336	0	3.13933726595711	0.502159055235563	1
AT5TE61920	0	0	0	1	1
AT5TE61925	0	0	0	1	1
AT5TE61930	19.1808422575355	9.61718751816653	0.789215363065462	1	1
AT5TE61935	0	0	0	1	1
AT5TE61945	0	0	0	1	1
AT5TE61970	0	0	0	1	1
AT5TE61975	0	0	0	1	1
AT5TE61980	0	0	0	1	1
AT5TE61985	0	0	0	1	1
AT5TE61990	0	0	0	1	1
AT5TE61995	0	0	0	1	1
AT5TE62000	0	0	0	1	1
AT5TE62005	0	0	0	1	1
AT5TE62010	0	0	0	1	1
AT5TE62020	0	0	0	1	1
AT5TE62025	0	51.4802390678326	-2.3499026768649	1	1
AT5TE62030	488.727860722006	783.342619941673	-0.594652328076164	0.999999999999999	1
AT5TE62035	0	0	0	1	1
AT5TE62040	0	0	0	1	1
AT5TE62045	0	0	0	1	1
AT5TE62050	0	0	0	1	1
AT5TE62130	0	0	0	1	1
AT5TE62135	0	0	0	1	1
AT5TE62140	0	0	0	1	1
AT5TE62145	0	0	0	1	1
AT5TE62150	0	0	0	1	1
AT5TE62170	0	0	0	1	1
AT5TE62175	0	0	0	1	1
AT5TE62180	12.2975100622601	0	2.29417294229877	1	1
AT5TE62210	0	0	0	1	1
AT5TE62215	0	0	0	1	1
AT5TE62220	0	0	0	1	1
AT5TE62260	0	0	0	1	1
AT5TE62265	0	0	0	1	1
AT5TE62270	0	0	0	1	1
AT5TE62275	0	0	0	1	1
AT5TE62280	2404.97708015244	2507.12785569831	-0.0672007850540602	0.914904793620794	1
AT5TE62300	0	0	0	1	1
AT5TE62320	0	0	0	1	1
AT5TE62325	0	0	0	1	1
AT5TE62330	0	0	0	1	1
AT5TE62335	80.993737596788	88.5356384833536	-0.0566342431989114	1	1
AT5TE62345	0	0	0	1	1
AT5TE62350	0	0	0	1	1
AT5TE62355	0	0	0	1	1
AT5TE62360	0	0	0	1	1
AT5TE62370	0	0	0	1	1
AT5TE62375	0	0	0	1	1
AT5TE62380	0	0	0	1	1
AT5TE62385	0	0	0	1	1
AT5TE62390	0	0	0	1	1
AT5TE62395	0	0	0	1	1
AT5TE62400	0	0	0	1	1
AT5TE62405	0	0	0	1	1
AT5TE62410	0	0	0	1	1
AT5TE62420	0	0	0	1	1
AT5TE62425	0	0	0	1	1
AT5TE62430	0	0	0	1	1
AT5TE62435	0	0	0	1	1
AT5TE62440	0	0	0	1	1
AT5TE62445	0	0	0	1	1
AT5TE62450	0	0	0	1	1
AT5TE62455	0	0	0	1	1
AT5TE62460	0	0	0	1	1
AT5TE62465	0	0	0	1	1
AT5TE62470	0	0	0	1	1
AT5TE62480	0	0	0	1	1
AT5TE62485	0	0	0	1	1
AT5TE62490	0	0	0	1	1
AT5TE62495	0	0	0	1	1
AT5TE62500	0	0	0	1	1
AT5TE62520	0	0	0	1	1
AT5TE62530	3117.49274637496	3363.27700803471	-0.103111110076028	0.725398284157043	1
AT5TE62535	0	39.3491726592683	-2.35098259592345	1	1
AT5TE62540	0	0	0	1	1
AT5TE62545	0	0	0	1	1
AT5TE62600	0	0	0	1	1
AT5TE62605	0	0	0	1	1
AT5TE62660	1329.6452765821	1552.59334330059	-0.221942889032681	0.302428012573146	1
AT5TE62730	0	0	0	1	1
AT5TE62740	377.963938493409	466.513316566656	-0.302951222221125	0.135742737430066	1
AT5TE62745	0	0	0	1	1
AT5TE62750	0	0	0	1	1
AT5TE62755	0	0	0	1	1
AT5TE62765	0	0	0	1	1
AT5TE62780	0	0	0	1	1
AT5TE62820	0	0	0	1	1
AT5TE62830	0	0	0	1	1
AT5TE62835	0	0	0	1	1
AT5TE62840	0	0	0	1	1
AT5TE62845	0	0	0	1	1
AT5TE62860	0	0	0	1	1
AT5TE62865	0	0	0	1	1
AT5TE62870	0	0	0	1	1
AT5TE62875	0	0	0	1	1
AT5TE62885	0	0	0	1	1
AT5TE62890	0	0	0	1	1
AT5TE62895	0	0	0	1	1
AT5TE62910	0	0	0	1	1
AT5TE62915	0	0	0	1	1
AT5TE62920	0	0	0	1	1
AT5TE62940	0	0	0	1	1
AT5TE62945	0	0	0	1	1
AT5TE62955	0	0	0	1	1
AT5TE62960	0	0	0	1	1
AT5TE62965	0	0	0	1	1
AT5TE62975	0	0	0	1	1
AT5TE62980	0	0	0	1	1
AT5TE62985	0	0	0	1	1
AT5TE62990	0	0	0	1	1
AT5TE62995	0	0	0	1	1
AT5TE63000	0	0	0	1	1
AT5TE63005	0	0	0	1	1
AT5TE63010	0	0	0	1	1
AT5TE63015	0	0	0	1	1
AT5TE63020	0	0	0	1	1
AT5TE63025	0	0	0	1	1
AT5TE63030	0	0	0	1	1
AT5TE63090	19.5886024578167	10.8702884082954	0.787943047167351	0.999999999999999	1
AT5TE63120	21.5488474745152	21.6089892383495	-0.0613787573189708	1	1
AT5TE63125	0	0	0	1	1
AT5TE63130	0	0	0	1	1
AT5TE63135	0	0	0	1	1
AT5TE63140	0	0	0	1	1
AT5TE63145	0	0	0	1	1
AT5TE63150	0	0	0	1	1
AT5TE63155	0	0	0	1	1
AT5TE63160	0	0	0	1	1
AT5TE63165	0	0	0	1	1
AT5TE63170	0	0	0	1	1
AT5TE63175	0	0	0	1	1
AT5TE63180	0	0	0	1	1
AT5TE63185	0	0	0	1	1
AT5TE63190	6.44079942965216	0	3.13915052790847	0.501872972728003	1
AT5TE63195	0	0	0	1	1
AT5TE63200	0	0	0	1	1
AT5TE63205	0	0	0	1	1
AT5TE63210	0	0	0	1	1
AT5TE63215	0	0	0	1	1
AT5TE63220	0	0	0	1	1
AT5TE63225	0	0	0	1	1
AT5TE63230	1408.70652154694	395.437612976646	1.73601208411013	0.181724073794606	1
AT5TE63260	0	0	0	1	1
AT5TE63265	0	0	0	1	1
AT5TE63270	0	0	0	1	1
AT5TE63290	0	0	0	1	1
AT5TE63340	0	0	0	1	1
AT5TE63400	0	0	0	1	1
AT5TE63410	0	244.794568731773	-3.73383315023597	0.252838892130154	1
AT5TE63415	0	0	0	1	1
AT5TE63420	0	0	0	1	1
AT5TE63425	0	0	0	1	1
AT5TE63435	39.1701883398927	39.9914242266622	-0.065372329066858	1	1
AT5TE63440	0	0	0	1	1
AT5TE63500	0	0	0	1	1
AT5TE63505	0	0	0	1	1
AT5TE63540	0	0	0	1	1
AT5TE63545	0	0	0	1	1
AT5TE63550	0	0	0	1	1
AT5TE63555	0	0	0	1	1
AT5TE63560	0	0	0	1	1
AT5TE63565	0	0	0	1	1
AT5TE63575	0	0	0	1	1
AT5TE63610	2.67894150318462	6.94059257375472	-1.3356833607722	0.192246777530905	1
AT5TE63650	3.44654202539524	3.76747397801505	-0.0566342430729296	1	1
AT5TE63655	0	0	0	1	1
AT5TE63660	0	0	0	1	1
AT5TE63680	0	0	0	1	1
AT5TE63690	0	0	0	1	1
AT5TE63740	0	0	0	1	1
AT5TE63770	0	0	0	1	1
AT5TE63775	0	0	0	1	1
AT5TE63830	0	0	0	1	1
AT5TE63835	0	0	0	1	1
AT5TE63840	0	0	0	1	1
AT5TE63845	0	0	0	1	1
AT5TE63850	0	0	0	1	1
AT5TE63855	293.120193207423	466.275369012901	-0.5945446089414	1	1
AT5TE63865	0	18.5360013587657	-3.20045148681776	0.502150955042811	1
AT5TE63990	0	0	0	1	1
AT5TE63995	0	0	0	1	1
AT5TE64010	0	0	0	1	1
AT5TE64040	93.8710073637765	91.3809438787254	0.0488895330793541	1	1
AT5TE64050	0	0	0	1	1
AT5TE64080	0	0	0	1	1
AT5TE64100	0	0	0	1	1
AT5TE64170	0	0	0	1	1
AT5TE64175	0	0	0	1	1
AT5TE64180	0	0	0	1	1
AT5TE64185	0	0	0	1	1
AT5TE64195	21.3453491580902	7.12895475066572	1.4439877672439	0.155091158708529	1
AT5TE64200	0	0	0	1	1
AT5TE64205	0	0	0	1	1
AT5TE64215	0	0	0	1	1
AT5TE64220	2297.55867584569	1478.03581696615	0.626926351508133	0.339743972254032	1
AT5TE64260	0	0	0	1	1
AT5TE64265	0	0	0	1	1
AT5TE64270	0	0	0	1	1
AT5TE64275	0	0	0	1	1
AT5TE64290	0	0	0	1	1
AT5TE64295	0	0	0	1	1
AT5TE64300	0	0	0	1	1
AT5TE64320	0	0	0	1	1
AT5TE64325	0	0	0	1	1
AT5TE64330	0	0	0	1	1
AT5TE64335	0	0	0	1	1
AT5TE64380	0	0	0	1	1
AT5TE64385	0	0	0	1	1
AT5TE64390	0	0	0	1	1
AT5TE64400	0	0	0	1	1
AT5TE64405	0	0	0	1	1
AT5TE64430	4161.97813906489	4024.31672789859	0.0467736748420988	0.822496980323237	1
AT5TE64435	0	0	0	1	1
AT5TE64440	0	0	0	1	1
AT5TE64450	0	0	0	1	1
AT5TE64455	0	0	0	1	1
AT5TE64460	0	0	0	1	1
AT5TE64500	0	0	0	1	1
AT5TE64505	0	0	0	1	1
AT5TE64510	0	0	0	1	1
AT5TE64515	0	0	0	1	1
AT5TE64520	0	0	0	1	1
AT5TE64540	1109.73221149552	739.154441011855	0.571929517575109	0.135307158512802	1
AT5TE64545	0	240.311018740531	-2.3509825957321	0.999999999999994	1
AT5TE64555	0	0	0	1	1
AT5TE64560	43.6364161358934	45.910203477882	-0.0624377725670838	1	1
AT5TE64565	0	0	0	1	1
AT5TE64570	0	0	0	1	1
AT5TE64575	0	0	0	1	1
AT5TE64585	0	0	0	1	1
AT5TE64590	58.4273285379206	123.130813925354	-1.03313383992787	0.312185454537415	1
AT5TE64595	0	0	0	1	1
AT5TE64600	0	0	0	1	1
AT5TE64605	5438.04719663298	2771.54948794221	0.969696819491328	0.00884109176077473	1
AT5TE64610	0	0	0	1	1
AT5TE64615	0	0	0	1	1
AT5TE64620	0	0	0	1	1
AT5TE64650	0	0	0	1	1
AT5TE64660	0	0	0	1	1
AT5TE64670	0	0	0	1	1
AT5TE64675	0	0	0	1	1
AT5TE64730	0	0	0	1	1
AT5TE64770	0	0	0	1	1
AT5TE64780	0	0	0	1	1
AT5TE64785	22.9223554043678	12.1043850977467	0.853108400846084	0.690967696426614	1
AT5TE64790	0	0	0	1	1
AT5TE64795	0	0	0	1	1
AT5TE64800	0	0	0	1	1
AT5TE64805	11.3109560833848	45.7175257393439	-1.8235002310527	0.383341053883325	1
AT5TE64810	0	0	0	1	1
AT5TE64830	0	0	0	1	1
AT5TE64835	0	0	0	1	1
AT5TE64840	0	0	0	1	1
AT5TE64845	0	0	0	1	1
AT5TE64855	24.9860869489778	0	3.13915052791966	0.501872989967782	1
AT5TE64860	0	0	0	1	1
AT5TE64920	29.2882727569771	75.4427592295246	-1.28553920398079	0.460723275967923	1
AT5TE64925	13080.9758491121	11833.4835111352	0.145363598285763	0.254247631802405	1
AT5TE64930	0	0	0	1	1
AT5TE64935	0	0	0	1	1
AT5TE64990	14.4006471750457	0	2.29417294228695	1	1
AT5TE65000	34.0876837445436	34.3393971360542	-0.0496319861140125	1	1
AT5TE65005	122.097554638082	47.8404982241395	1.3360597877609	0.127220904574992	1
AT5TE65015	0	0	0	1	1
AT5TE65020	0	0	0	1	1
AT5TE65070	0	0	0	1	1
AT5TE65150	0	0	0	1	1
AT5TE65155	0	0	0	1	1
AT5TE65160	0	0	0	1	1
AT5TE65165	71.5758611320452	284.937137166143	-1.82321025672231	0.383334456587861	1
AT5TE65190	0	0	0	1	1
AT5TE65195	0	0	0	1	1
AT5TE65210	0	0	0	1	1
AT5TE65260	0	0	0	1	1
AT5TE65270	0	0	0	1	1
AT5TE65275	0	0	0	1	1
AT5TE65280	0	0	0	1	1
AT5TE65285	0	0	0	1	1
AT5TE65290	0	0	0	1	1
AT5TE65300	0	0	0	1	1
AT5TE65310	0	0	0	1	1
AT5TE65315	0	0	0	1	1
AT5TE65325	0	0	0	1	1
AT5TE65330	0	0	0	1	1
AT5TE65335	0	0	0	1	1
AT5TE65340	81.9867352064369	0	4.35924558684592	0.0647337329440402	1
AT5TE65370	7.74935494534206	2.83792008634959	1.40808308226315	0.296997942798896	1
AT5TE65375	0	0	0	1	1
AT5TE65380	0	0	0	1	1
AT5TE65390	0	0	0	1	1
AT5TE65420	0	0	0	1	1
AT5TE65460	0	0	0	1	1
AT5TE65520	0	0	0	1	1
AT5TE65530	0	0	0	1	1
AT5TE65535	0	0	0	1	1
AT5TE65540	0	0	0	1	1
AT5TE65550	0	0	0	1	1
AT5TE65555	0	0	0	1	1
AT5TE65560	0	0	0	1	1
AT5TE65565	0	0	0	1	1
AT5TE65575	0	0	0	1	1
AT5TE65580	0	0	0	1	1
AT5TE65585	0	6.98534600806394	-3.20045149778204	0.502150933122734	1
AT5TE65640	0	0	0	1	1
AT5TE65645	0	0	0	1	1
AT5TE65710	0	0	0	1	1
AT5TE65790	0	0	0	1	1
AT5TE65795	0	0	0	1	1
AT5TE65800	0	0	0	1	1
AT5TE65805	0	0	0	1	1
AT5TE65815	25.7015618261206	12.7894539646599	0.789470753512944	1	1
AT5TE65820	0	0	0	1	1
AT5TE65870	0	0	0	1	1
AT5TE65880	0	0	0	1	1
AT5TE65885	0	0	0	1	1
AT5TE65890	0	0	0	1	1
AT5TE65895	0	0	0	1	1
AT5TE65900	0	0	0	1	1
AT5TE65905	0	0	0	1	1
AT5TE65910	0	0	0	1	1
AT5TE65915	0	0	0	1	1
AT5TE65920	0	0	0	1	1
AT5TE65925	0	0	0	1	1
AT5TE65980	22.3837238449305	48.9360619980718	-0.908407361842176	1	1
AT5TE66000	0	0	0	1	1
AT5TE66005	0	0	0	1	1
AT5TE66015	0	0	0	1	1
AT5TE66020	0	0	0	1	1
AT5TE66070	0	0	0	1	1
AT5TE66075	0	0	0	1	1
AT5TE66080	11.1311465774971	0	2.29434778170022	1	1
AT5TE66085	0	0	0	1	1
AT5TE66095	0	0	0	1	1
AT5TE66100	125.639005926014	0	4.82445391112318	0.0167562958516089	1
AT5TE66130	0	0	0	1	1
AT5TE66150	0	0	0	1	1
AT5TE66155	0	0	0	1	1
AT5TE66160	0	0	0	1	1
AT5TE66180	13.6060094855792	6.8219915913943	0.789215367590117	1	1
AT5TE66185	0	0	0	1	1
AT5TE66250	7513.60900865943	7845.92772838813	-0.0635116399496175	0.642560722334464	1
AT5TE66280	16.9711096551297	12.8316544589987	0.397981362970378	0.77942730875807	1
AT5TE66285	0	0	0	1	1
AT5TE66300	0	0	0	1	1
AT5TE66305	0	0	0	1	1
AT5TE66330	5.38070284733907	0	2.2943477817067	1	1
AT5TE66335	1322.76733303999	1085.41994473747	0.296525853737213	0.484136850909687	1
AT5TE66345	0	0	0	1	1
AT5TE66355	0	0	0	1	1
AT5TE66360	0	0	0	1	1
AT5TE66365	0	0	0	1	1
AT5TE66370	0	0	0	1	1
AT5TE66375	0	0	0	1	1
AT5TE66380	0	0	0	1	1
AT5TE66385	0	0	0	1	1
AT5TE66390	0	0	0	1	1
AT5TE66395	0	0	0	1	1
AT5TE66400	0	0	0	1	1
AT5TE66420	0	18.8496875356064	-2.3499026767452	1	1
AT5TE66425	0	62.0294294865328	-3.73283738007069	0.252789226845485	1
AT5TE66430	0	0	0	1	1
AT5TE66440	0	0	0	1	1
AT5TE66490	0	0	0	1	1
AT5TE66495	0	0	0	1	1
AT5TE66500	0	0	0	1	1
AT5TE66505	0	0	0	1	1
AT5TE66510	0	0	0	1	1
AT5TE66515	0	0	0	1	1
AT5TE66525	0	0	0	1	1
AT5TE66530	0	0	0	1	1
AT5TE66535	175.777586334081	64.699120430143	1.40775528855529	0.296916120114007	1
AT5TE66550	0	0	0	1	1
AT5TE66555	0	0	0	1	1
AT5TE66565	0	0	0	1	1
AT5TE66575	0	0	0	1	1
AT5TE66580	32.698666971346	17.0715232055869	0.853741179634929	0.692972046835536	1
AT5TE66620	0	0	0	1	1
AT5TE66640	0	0	0	1	1
AT5TE66645	0	0	0	1	1
AT5TE66650	0	0	0	1	1
AT5TE66655	0	0	0	1	1
AT5TE66710	0	0	0	1	1
AT5TE66715	0	0	0	1	1
AT5TE66720	0	0	0	1	1
AT5TE66725	0	0	0	1	1
AT5TE66750	0	0	0	1	1
AT5TE66755	0	0	0	1	1
AT5TE66760	0	0	0	1	1
AT5TE66770	0	0	0	1	1
AT5TE66775	0	23.4150400251493	-3.20159067650782	0.501870117168497	1
AT5TE66780	0	0	0	1	1
AT5TE66785	0	6.47613909984107	-2.35098259554076	1	1
AT5TE66790	0	12.8410468029291	-2.35098259534941	1	1
AT5TE66850	0	0	0	1	1
AT5TE66880	14.4349344302244	0	2.29417294227513	1	1
AT5TE66920	0	14.0186463365494	-2.34990267662549	1	1
AT5TE66950	0	0	0	1	1
AT5TE66955	0	218.791016038288	-2.34990267650579	0.999999999999996	1
AT5TE66960	0	0	0	1	1
AT5TE66965	0	0	0	1	1
AT5TE67000	0	0	0	1	1
AT5TE67040	866.275351360545	786.761812472527	0.132181377217022	0.609430537333315	1
AT5TE67045	129.055172250286	94.3604299728797	0.399599853515335	0.779224022670522	1
AT5TE67050	0	0	0	1	1
AT5TE67055	0	0	0	1	1
AT5TE67060	0	0	0	1	1
AT5TE67090	0	26.4909784438381	-3.2027674283376	0.502192462531045	1
AT5TE67120	0	0	0	1	1
AT5TE67125	58.6710238131702	104.640072491448	-0.758661749425932	0.731158412563203	1
AT5TE67135	0	0	0	1	1
AT5TE67140	0	0	0	1	1
AT5TE67200	0	0	0	1	1
AT5TE67205	0	0	0	1	1
AT5TE67210	0	3.86751796027278	-2.34990267638608	0.999999999999997	1
AT5TE67215	0	0	0	1	1
AT5TE67290	0	0	0	1	1
AT5TE67320	0	0	0	1	1
AT5TE67325	0	0	0	1	1
AT5TE67330	0	0	0	1	1
AT5TE67370	0	0	0	1	1
AT5TE67420	0	0	0	1	1
AT5TE67425	0	0	0	1	1
AT5TE67430	0	0	0	1	1
AT5TE67460	11.4414945304013	22.77378605603	-0.906102003107914	1	1
AT5TE67510	0	0	0	1	1
AT5TE67620	0	0	0	1	1
AT5TE67650	0	0	0	1	1
AT5TE67690	0	0	0	1	1
AT5TE67695	0	0	0	1	1
AT5TE67700	11.3960008659666	0	2.29417294226331	1	1
AT5TE67705	0	0	0	1	1
AT5TE67715	86.69752193459	0	2.29434778171318	1	1
AT5TE67880	128.147334020145	131.232362693375	-0.0655409388766378	1	1
AT5TE67885	0	0	0	1	1
AT5TE67890	0	0	0	1	1
AT5TE67895	0	0	0	1	1
AT5TE67900	0	0	0	1	1
AT5TE67960	0	0	0	1	1
AT5TE67990	0	0	0	1	1
AT5TE67995	29.6720825348751	31.1708462022477	-0.0685283599029041	1	1
AT5TE68020	0	0	0	1	1
AT5TE68040	0	0	0	1	1
AT5TE68100	0	0	0	1	1
AT5TE68105	0	0	0	1	1
AT5TE68130	0	0	0	1	1
AT5TE68140	2.08965221789809	0	3.13915052793085	0.501873007207936	1
AT5TE68170	0	19.6982265243475	-2.34990267626638	0.999999999999996	1
AT5TE68200	0	0	0	1	1
AT5TE68205	0	0	0	1	1
AT5TE68210	0	0	0	1	1
AT5TE68220	0	0	0	1	1
AT5TE68230	434.463065308368	511.506495512685	-0.23817436633113	0.643841178299489	1
AT5TE68240	0	0	0	1	1
AT5TE68245	1534.92932090269	1090.74768448238	0.476954923037795	0.281822542254468	1
AT5TE68255	0	0	0	1	1
AT5TE68270	0	0	0	1	1
AT5TE68275	0	0	0	1	1
AT5TE68280	0	0	0	1	1
AT5TE68285	29.0080022042787	0	2.29417294225149	0.999999999999997	1
AT5TE68295	0	0	0	1	1
AT5TE68300	0	0	0	1	1
AT5TE68330	0	0	0	1	1
AT5TE68370	0	0	0	1	1
AT5TE68375	8967.21655096001	9049.65621516194	-0.0154866751806686	0.933581032914462	1
AT5TE68420	0	0	0	1	1
AT5TE68425	0	0	0	1	1
AT5TE68430	0	0	0	1	1
AT5TE68435	0	0	0	1	1
AT5TE68440	0	0	0	1	1
AT5TE68445	0	0	0	1	1
AT5TE68450	0	0	0	1	1
AT5TE68455	0	0	0	1	1
AT5TE68460	0	0	0	1	1
AT5TE68480	0	0	0	1	1
AT5TE68490	0	0	0	1	1
AT5TE68495	0	0	0	1	1
AT5TE68530	67.3630273410473	503.258660512841	-2.59870006429013	0.0741005835148899	1
AT5TE68535	0	0	0	1	1
AT5TE68540	0	0	0	1	1
AT5TE68545	0	0	0	1	1
AT5TE68555	0	0	0	1	1
AT5TE68580	0	0	0	1	1
AT5TE68610	0	0	0	1	1
AT5TE68615	0	0	0	1	1
AT5TE68620	6.89308405079047	0	2.29434778171966	0.999999999999996	1
AT5TE68680	192.360126792372	191.442139033502	-0.0555552185784674	1	1
AT5TE68685	0	0	0	1	1
AT5TE68690	0	0	0	1	1
AT5TE68695	0	0	0	1	1
AT5TE68705	0	0	0	1	1
AT5TE68720	0	0	0	1	1
AT5TE68725	0	0	0	1	1
AT5TE68730	0	0	0	1	1
AT5TE68735	0	0	0	1	1
AT5TE68740	0	0	0	1	1
AT5TE68745	0	0	0	1	1
AT5TE68755	94.7003701131675	197.767030366261	-0.907248756053041	1	1
AT5TE68760	0	0	0	1	1
AT5TE68765	0	0	0	1	1
AT5TE68770	0	0	0	1	1
AT5TE68775	0	0	0	1	1
AT5TE68780	0	0	0	1	1
AT5TE68840	0	0	0	1	1
AT5TE68845	0	0	0	1	1
AT5TE68850	0	0	0	1	1
AT5TE68855	0	0	0	1	1
AT5TE68880	139.898274030816	0	3.13933726394061	0.502159031723909	1
AT5TE68885	11.5922168102943	12.7679478647721	-0.063528603197703	1	1
AT5TE68890	0	0	0	1	1
AT5TE68900	0	0	0	1	1
AT5TE68905	0	0	0	1	1
AT5TE68910	0	0	0	1	1
AT5TE68915	0	0	0	1	1
AT5TE68920	0	0	0	1	1
AT5TE68925	0	0	0	1	1
AT5TE68930	0	0	0	1	1
AT5TE68940	0	11.781054709754	-2.34990267614668	0.999999999999995	1
AT5TE68990	0	0	0	1	1
AT5TE69000	0	0	0	1	1
AT5TE69050	0	0	0	1	1
AT5TE69060	0	0	0	1	1
AT5TE69070	0	0	0	1	1
AT5TE69080	0	0	0	1	1
AT5TE69085	0	0	0	1	1
AT5TE69090	0	0	0	1	1
AT5TE69240	182.837348238294	130.258782293449	0.480868462165713	0.818035690839812	1
AT5TE69245	964.05499607872	1079.10947879399	-0.161209128459583	0.30163400308086	1
AT5TE69250	0	0	0	1	1
AT5TE69255	0	0	0	1	1
AT5TE69340	0	0	0	1	1
AT5TE69345	0	0	0	1	1
AT5TE69350	0	0	0	1	1
AT5TE69550	0	0	0	1	1
AT5TE69580	0	0	0	1	1
AT5TE69585	12.286475164383	0	2.29434778172614	1	1
AT5TE69640	277.984044585107	164.099044914713	0.704684952426872	0.566330149091164	1
AT5TE69650	0	0	0	1	1
AT5TE69655	0	0	0	1	1
AT5TE69660	0	0	0	1	1
AT5TE69665	0	0	0	1	1
AT5TE69690	0	0	0	1	1
AT5TE69750	0	0	0	1	1
AT5TE69755	0	0	0	1	1
AT5TE69760	0	0	0	1	1
AT5TE69770	0	0	0	1	1
AT5TE69810	0	0	0	1	1
AT5TE69815	0	0	0	1	1
AT5TE69820	0	0	0	1	1
AT5TE69825	408.30490167569	421.800120508423	-0.0643131167217352	1	1
AT5TE69835	0	0	0	1	1
AT5TE69840	0	0	0	1	1
AT5TE69845	0	0	0	1	1
AT5TE69850	0	0	0	1	1
AT5TE69855	0	0	0	1	1
AT5TE69860	0	0	0	1	1
AT5TE69865	0	0	0	1	1
AT5TE69870	2.58756827174317	2.61466002948019	-0.0557300305397616	1	1
AT5TE69875	0	0	0	1	1
AT5TE69880	0	0	0	1	1
AT5TE69890	1222.16354660746	1188.03283062782	0.0404551578019554	1	1
AT5TE69895	0	0	0	1	1
AT5TE69900	0	0	0	1	1
AT5TE69910	0	0	0	1	1
AT5TE69915	0	0	0	1	1
AT5TE69920	0	6.21313230129014	-2.34990267602697	1	1
AT5TE69925	0	0	0	1	1
AT5TE69930	0	0	0	1	1
AT5TE69935	0	0	0	1	1
AT5TE69940	0	0	0	1	1
AT5TE69945	0	0	0	1	1
AT5TE69950	0	0	0	1	1
AT5TE69955	0	0	0	1	1
AT5TE69960	739.840232228664	629.960904621237	0.237368790773901	0.53905364497178	1
AT5TE69965	5283.67360708172	3891.22998110825	0.442761797695667	0.0924176262726946	1
AT5TE69970	0	0	0	1	1
AT5TE69975	0	0	0	1	1
AT5TE69980	0	0	0	1	1
AT5TE69985	0	0	0	1	1
AT5TE69990	0	0	0	1	1
AT5TE69995	0	0	0	1	1
AT5TE70000	0	0	0	1	1
AT5TE70005	0	0	0	1	1
AT5TE70010	0	13.3758699761399	-2.34990267590726	1	1
AT5TE70015	0	0	0	1	1
AT5TE70020	0	0	0	1	1
AT5TE70025	0	0	0	1	1
AT5TE70060	0	0	0	1	1
AT5TE70090	5.27188909625587	0	2.29417294223967	0.999999999999999	1
AT5TE70100	0	5.45031000807124	-2.34990267578756	1	1
AT5TE70105	0	0	0	1	1
AT5TE70115	272.158699959529	201.931323460983	0.402760672385673	0.480589076286967	1
AT5TE70150	0	0	0	1	1
AT5TE70155	0	0	0	1	1
AT5TE70160	0	0	0	1	1
AT5TE70165	0	0	0	1	1
AT5TE70170	0	0	0	1	1
AT5TE70175	0	0	0	1	1
AT5TE70180	114.089509919823	59.7900324363114	0.890128422995268	0.400263217717337	1
AT5TE70185	45.2438243335392	50.214242721902	-0.0568092718989353	1	1
AT5TE70190	130.879255050745	32.9362819842585	1.70478330150934	0.379947033482158	1
AT5TE70195	0	0	0	1	1
AT5TE70200	442.41122794478	330.35728778883	0.380834299493526	0.658386649233296	1
AT5TE70250	0	0	0	1	1
AT5TE70255	0	0	0	1	1
AT5TE70265	0	0	0	1	1
AT5TE70270	0	0	0	1	1
AT5TE70280	60.6343250433291	0	4.35924558563506	0.0647337716945683	1
AT5TE70285	0	0	0	1	1
AT5TE70295	0	0	0	1	1
AT5TE70300	0	0	0	1	1
AT5TE70330	0	0	0	1	1
AT5TE70340	0	0	0	1	1
AT5TE70360	0	0	0	1	1
AT5TE70365	0	0	0	1	1
AT5TE70370	0	0	0	1	1
AT5TE70375	0	0	0	1	1
AT5TE70420	482.355782334427	673.719571881869	-0.464969791659718	0.324827620187138	1
AT5TE70450	0	0	0	1	1
AT5TE70460	0	0	0	1	1
AT5TE70540	9117.38919652822	9112.57170680449	-0.000144613140512426	1	1
AT5TE70660	0	0	0	1	1
AT5TE70665	0	0	0	1	1
AT5TE70670	0	0	0	1	1
AT5TE70675	0	0	0	1	1
AT5TE70700	0	0	0	1	1
AT5TE70705	0	0	0	1	1
AT5TE70780	0	0	0	1	1
AT5TE70785	0	0	0	1	1
AT5TE70790	0	0	0	1	1
AT5TE70795	0	0	0	1	1
AT5TE70800	0	0	0	1	1
AT5TE70805	0	0	0	1	1
AT5TE70840	5050.9590632511	5720.84209915004	-0.17965201753964	0.379114910194292	1
AT5TE70845	12415.9822890805	11576.6772351585	0.0922931584545389	0.82489596241331	1
AT5TE70850	760.947932588612	468.287423321535	0.684853417891188	0.0947476752880264	1
AT5TE70855	0	0	0	1	1
AT5TE70870	29.5938656603649	0	2.29434778173262	1	1
AT5TE70890	41.9862928821166	74.3363237330599	-0.816060502359717	0.201570098437816	1
AT5TE70950	0	0	0	1	1
AT5TE70955	0	0	0	1	1
AT5TE71000	19.5570079377234	0	2.29417294222785	1	1
AT5TE71005	0	0	0	1	1
AT5TE71020	0	283.314043146732	-4.12533452542964	0.131223421162607	1
AT5TE71025	0	0	0	1	1
AT5TE71030	0	0	0	1	1
AT5TE71035	0	0	0	1	1
AT5TE71040	0	0	0	1	1
AT5TE71060	0	0	0	1	1
AT5TE71065	0	0	0	1	1
AT5TE71070	0	0	0	1	1
AT5TE71075	0	0	0	1	1
AT5TE71080	0	0	0	1	1
AT5TE71090	0	0	0	1	1
AT5TE71095	0	0	0	1	1
AT5TE71100	0	0	0	1	1
AT5TE71230	0	0	0	1	1
AT5TE71235	0	0	0	1	1
AT5TE71240	0	0	0	1	1
AT5TE71245	0	0	0	1	1
AT5TE71250	0	0	0	1	1
AT5TE71255	0	0	0	1	1
AT5TE71260	0	0	0	1	1
AT5TE71265	0	0	0	1	1
AT5TE71350	0	0	0	1	1
AT5TE71355	0	0	0	1	1
AT5TE71380	0	0	0	1	1
AT5TE71385	0	0	0	1	1
AT5TE71390	1181.49970974867	1551.41804863912	-0.384711878166931	0.260953701289756	1
AT5TE71420	54.2172415132264	100.875900770948	-0.838173413175084	0.556438669287378	1
AT5TE71425	0	0	0	1	1
AT5TE71430	0	45.8631510504492	-3.73383315496576	0.252838916078531	1
AT5TE71435	0	0	0	1	1
AT5TE71440	0	0	0	1	1
AT5TE71450	511.027361431676	467.406027102475	0.13292331754299	0.501156046677631	1
AT5TE71460	0	0	0	1	1
AT5TE71465	0	0	0	1	1
AT5TE71500	380.20663430258	186.908570131524	1.03494212786917	0.372369928124392	1
AT5TE71505	0	0	0	1	1
AT5TE71510	0	0	0	1	1
AT5TE71590	3749.26080241441	3429.55807608788	0.131053343749323	0.582179599815711	1
AT5TE71595	865.722574844021	906.000337154625	-0.0580615349074899	0.857232196232927	1
AT5TE71600	0	0	0	1	1
AT5TE71605	0	0	0	1	1
AT5TE71610	0	0	0	1	1
AT5TE71670	0	0	0	1	1
AT5TE71675	0	0	0	1	1
AT5TE71680	0	0	0	1	1
AT5TE71685	0	0	0	1	1
AT5TE71700	0	0	0	1	1
AT5TE71730	0	0	0	1	1
AT5TE71735	0	0	0	1	1
AT5TE71740	0	0	0	1	1
AT5TE71745	0	0	0	1	1
AT5TE71750	0	0	0	1	1
AT5TE71870	0	0	0	1	1
AT5TE71875	10.0580458453528	0	2.2943477817391	1	1
AT5TE71880	0	0	0	1	1
AT5TE71885	0	0	0	1	1
AT5TE71890	0	0	0	1	1
AT5TE71895	0	0	0	1	1
AT5TE71900	0	0	0	1	1
AT5TE71905	0	0	0	1	1
AT5TE71910	0	0	0	1	1
AT5TE72010	0	0	0	1	1
AT5TE72015	0	0	0	1	1
AT5TE72030	0	0	0	1	1
AT5TE72140	0	7.61166122707565	-2.35098259515807	0.999999999999992	1
AT5TE72190	0	0	0	1	1
AT5TE72195	0	6.01314434739488	-2.35098259496672	1	1
AT5TE72200	13921.0818078671	20013.5687863457	-0.523353449401214	0.000105483831815146	0.360057925885188
AT5TE72205	0	0	0	1	1
AT5TE72230	2889.62556966025	1619.63924914826	0.818839023970373	0.0291067835867721	1
AT5TE72235	0	0	0	1	1
AT5TE72270	0	0	0	1	1
AT5TE72360	283.06443534231	448.425243272336	-0.623385098839009	0.757987206525364	1
AT5TE72365	0	0	0	1	1
AT5TE72420	708.835349939666	322.428865740636	1.03745447753778	0.240732228771125	1
AT5TE72425	0	45.0452091843535	-2.34990267566786	1	1
AT5TE72430	0	0	0	1	1
AT5TE72435	0	0	0	1	1
AT5TE72440	21.2259450253651	0	2.29434778174559	0.999999999999992	1
AT5TE72445	0	0	0	1	1
AT5TE72450	0	0	0	1	1
AT5TE72455	0	0	0	1	1
AT5TE72460	0	0	0	1	1
AT5TE72465	0	0	0	1	1
AT5TE72490	0	5.43821433561658	-3.20045150874605	0.50215091120322	1
AT5TE72560	0	0	0	1	1
AT5TE72565	0	0	0	1	1
AT5TE72570	0	0	0	1	1
AT5TE72575	0	0	0	1	1
AT5TE72580	3778.32926686743	4609.6968791081	-0.285916290788722	0.00407514118049911	1
AT5TE72590	0	0	0	1	1
AT5TE72620	0	0	0	1	1
AT5TE72625	0	0	0	1	1
AT5TE72635	0	0	0	1	1
AT5TE72770	0	0	0	1	1
AT5TE72775	0	0	0	1	1
AT5TE72780	0	0	0	1	1
AT5TE72860	139.898274030816	305.850387487949	-0.908407346930275	1	1
AT5TE72865	0	0	0	1	1
AT5TE72870	0	0	0	1	1
AT5TE72880	0	0	0	1	1
AT5TE72990	0	0	0	1	1
AT5TE72995	0	0	0	1	1
AT5TE73010	0	0	0	1	1
AT5TE73015	0	0	0	1	1
AT5TE73020	0	0	0	1	1
AT5TE73025	0	0	0	1	1
AT5TE73030	0	37.3545637138541	-2.34990267554815	0.999999999999998	1
AT5TE73035	0	0	0	1	1
AT5TE73040	0	0	0	1	1
AT5TE73080	0	15.4311044057231	-2.34990267542844	1	1
AT5TE73085	0	0	0	1	1
AT5TE73090	0	0	0	1	1
AT5TE73095	0	0	0	1	1
AT5TE73100	0	0	0	1	1
AT5TE73270	0	0	0	1	1
AT5TE73320	0	0	0	1	1
AT5TE73325	0	0	0	1	1
AT5TE73335	0	0	0	1	1
AT5TE73400	0	0	0	1	1
AT5TE73430	0	0	0	1	1
AT5TE73435	0	0	0	1	1
AT5TE73470	0	0	0	1	1
AT5TE73475	0	0	0	1	1
AT5TE73480	0	0	0	1	1
AT5TE73485	0	0	0	1	1
AT5TE73490	0	0	0	1	1
AT5TE73495	0	0	0	1	1
AT5TE73500	0	0	0	1	1
AT5TE73505	0	0	0	1	1
AT5TE73520	0	0	0	1	1
AT5TE73530	0	0	0	1	1
AT5TE73535	0	0	0	1	1
AT5TE73540	0	0	0	1	1
AT5TE73550	45.247342113293	75.6203390172098	-0.718987051801032	0.590302548417077	1
AT5TE73555	0	0	0	1	1
AT5TE73560	0	0	0	1	1
AT5TE73580	0	0	0	1	1
AT5TE73585	0	0	0	1	1
AT5TE73590	0	0	0	1	1
AT5TE73595	15.4273785898644	32.2176866511452	-0.907248755706709	0.999999999999998	1
AT5TE73600	0	0	0	1	1
AT5TE73605	0	0	0	1	1
AT5TE73630	0	0	0	1	1
AT5TE73640	0	0	0	1	1
AT5TE73645	0	0	0	1	1
AT5TE73650	0	0	0	1	1
AT5TE73670	0	0	0	1	1
AT5TE73730	0	0	0	1	1
AT5TE73735	0	0	0	1	1
AT5TE73745	0	0	0	1	1
AT5TE73750	0	0	0	1	1
AT5TE73780	1527.48559111232	1491.59275780059	0.0274537567442097	0.954292984826682	1
AT5TE73840	0	0	0	1	1
AT5TE73845	17.4716785610785	95.2189698789959	-2.1340386931676	0.225521851972062	1
AT5TE73855	999.969360550641	933.492069977657	0.0806446647203473	1	1
AT5TE73860	0	0	0	1	1
AT5TE73865	0	0	0	1	1
AT5TE73870	0	0	0	1	1
AT5TE73880	0	0	0	1	1
AT5TE73885	0	0	0	1	1
AT5TE73890	0	0	0	1	1
AT5TE73900	0	0	0	1	1
AT5TE73930	0	0	0	1	1
AT5TE73935	0	0	0	1	1
AT5TE73960	0	0	0	1	1
AT5TE73965	9.82604936903445	0	2.29417294221603	1	1
AT5TE73980	0	0	0	1	1
AT5TE73985	0	0	0	1	1
AT5TE74020	557.7887087126	540.213922982032	0.0367858634014035	0.999999999999999	1
AT5TE74025	0	0	0	1	1
AT5TE74030	0	0	0	1	1
AT5TE74035	0	0	0	1	1
AT5TE74040	0	0	0	1	1
AT5TE74050	0	0	0	1	1
AT5TE74060	0	0	0	1	1
AT5TE74065	0	0	0	1	1
AT5TE74070	0	0	0	1	1
AT5TE74100	0	0	0	1	1
AT5TE74130	0	0	0	1	1
AT5TE74135	0	0	0	1	1
AT5TE74170	0	0	0	1	1
AT5TE74175	0	0	0	1	1
AT5TE74180	0	0	0	1	1
AT5TE74185	0	0	0	1	1
AT5TE74190	0	0	0	1	1
AT5TE74220	0	0	0	1	1
AT5TE74250	0	0	0	1	1
AT5TE74255	0	0	0	1	1
AT5TE74290	0	0	0	1	1
AT5TE74295	0	0	0	1	1
AT5TE74300	0	0	0	1	1
AT5TE74305	0	0	0	1	1
AT5TE74310	0	0	0	1	1
AT5TE74320	0	86.442397234996	-4.89200348770756	0.0167372621911635	1
AT5TE74325	0	0	0	1	1
AT5TE74330	0	0	0	1	1
AT5TE74335	275.08785207226	283.795436976032	-0.0656663533225166	1	1
AT5TE74345	0	0	0	1	1
AT5TE74350	0	0	0	1	1
AT5TE74355	0	0	0	1	1
AT5TE74380	0	0	0	1	1
AT5TE74385	0	0	0	1	1
AT5TE74390	0	0	0	1	1
AT5TE74395	0	0	0	1	1
AT5TE74460	0	0	0	1	1
AT5TE74465	0	0	0	1	1
AT5TE74470	0	0	0	1	1
AT5TE74480	0	0	0	1	1
AT5TE74485	0	0	0	1	1
AT5TE74490	0	0	0	1	1
AT5TE74495	0	0	0	1	1
AT5TE74505	0	0	0	1	1
AT5TE74510	0	0	0	1	1
AT5TE74515	0	0	0	1	1
AT5TE74520	0	0	0	1	1
AT5TE74560	841.03287008838	848.063550299159	-0.0149759492717468	0.999999999999998	1
AT5TE74565	0	0	0	1	1
AT5TE74610	0	0	0	1	1
AT5TE74740	18.9458514396695	0	2.29417294220421	0.999999999999996	1
AT5TE74745	0	0	0	1	1
AT5TE74750	0	0	0	1	1
AT5TE74755	0	51.0512370756006	-2.34990267530874	0.999999999999999	1
AT5TE74760	863.34673924265	968.005371366721	-0.170881689365969	0.70463052086404	1
AT5TE74770	0	11.8494167293464	-2.34990267518903	1	1
AT5TE74775	0	0	0	1	1
AT5TE74840	0	0	0	1	1
AT5TE74845	0	0	0	1	1
AT5TE74850	0	0	0	1	1
AT5TE74855	0	0	0	1	1
AT5TE74920	1892.44882599913	1036.68201401669	0.867497190975754	0.00118393059712925	1
AT5TE74930	0	0	0	1	1
AT5TE74935	0	0	0	1	1
AT5TE75030	0	0	0	1	1
AT5TE75040	0	0	0	1	1
AT5TE75120	0	0	0	1	1
AT5TE75125	0	0	0	1	1
AT5TE75390	0	0	0	1	1
AT5TE75530	0	0	0	1	1
AT5TE75535	0	0	0	1	1
AT5TE75660	0	0	0	1	1
AT5TE75700	0	0	0	1	1
AT5TE75705	0	0	0	1	1
AT5TE75710	0	0	0	1	1
AT5TE75715	0	0	0	1	1
AT5TE75770	1190.6145052526	836.978850915511	0.505358050893999	0.087495216331349	1
AT5TE75780	371.360540164928	497.590734875959	-0.411760707426726	0.422975098153836	1
AT5TE75800	623.166225292311	935.06087477704	-0.587415789438016	0.10371053354779	1
AT5TE75805	0	0	0	1	1
AT5TE75900	0	0	0	1	1
AT5TE75905	0	0	0	1	1
AT5TE75910	0	0	0	1	1
AT5TE75940	0	0	0	1	1
AT5TE75980	0	0	0	1	1
AT5TE75985	0	0	0	1	1
AT5TE75995	0	0	0	1	1
AT5TE76000	0	0	0	1	1
AT5TE76005	0	62.8851263993913	-4.12533363108145	0.131222078648184	1
AT5TE76030	0	0	0	1	1
AT5TE76080	0	0	0	1	1
AT5TE76170	0	30.8133204916867	-3.73283737560188	0.252789256875337	1
AT5TE76175	0	0	0	1	1
AT5TE76185	0	0	0	1	1
AT5TE76190	0	0	0	1	1
AT5TE76195	0	0	0	1	1
AT5TE76200	0	0	0	1	1
AT5TE76205	0	0	0	1	1
AT5TE76210	137.669819921692	167.192272031798	-0.237139719534569	1	1
AT5TE76215	0	0	0	1	1
AT5TE76220	40.0176400045825	0	3.13896430531735	0.502157616973256	1
AT5TE76250	0	0	0	1	1
AT5TE76310	0	0	0	1	1
AT5TE76315	0	0	0	1	1
AT5TE76320	0	0	0	1	1
AT5TE76325	0	0	0	1	1
AT5TE76380	0	0	0	1	1
AT5TE76385	0	0	0	1	1
AT5TE76390	0	0	0	1	1
AT5TE76395	0	0	0	1	1
AT5TE76490	1876.69750668863	2382.30838250624	-0.333700773184952	0.554552454840531	1
AT5TE76500	0	0	0	1	1
AT5TE76560	0	0	0	1	1
AT5TE76580	0	0	0	1	1
AT5TE76585	0	0	0	1	1
AT5TE76700	0	0	0	1	1
AT5TE76705	0	0	0	1	1
AT5TE76710	0	0	0	1	1
AT5TE76715	0	0	0	1	1
AT5TE76740	0	0	0	1	1
AT5TE76745	0	0	0	1	1
AT5TE76750	0	0	0	1	1
AT5TE76755	0	0	0	1	1
AT5TE76900	0	64.4857731481271	-2.34990267506933	0.999999999999996	1
AT5TE76905	0	0	0	1	1
AT5TE76910	0	0	0	1	1
AT5TE76950	0	0	0	1	1
AT5TE76955	0	0	0	1	1
AT5TE77010	0	0	0	1	1
AT5TE77090	0	0	0	1	1
AT5TE77140	0	0	0	1	1
AT5TE77145	0	0	0	1	1
AT5TE77150	0	0	0	1	1
AT5TE77155	0	0	0	1	1
AT5TE77160	0	0	0	1	1
AT5TE77165	0	0	0	1	1
AT5TE77170	0	0	0	1	1
AT5TE77210	0	0	0	1	1
AT5TE77215	0	0	0	1	1
AT5TE77220	0	0	0	1	1
AT5TE77225	0	0	0	1	1
AT5TE77250	0	0	0	1	1
AT5TE77280	0	0	0	1	1
AT5TE77550	914.04344893722	1285.4856973807	-0.452607600745375	0.999999999999999	1
AT5TE77555	64.343457045532	68.2354198555464	-0.0651901402454877	1	1
AT5TE77560	0	0	0	1	1
AT5TE77565	5.97174805378795	6.28292129707085	-0.062437773313518	1	1
AT5TE77570	0	0	0	1	1
AT5TE77575	0	0	0	1	1
AT5TE77610	0	0	0	1	1
AT5TE77615	0	0	0	1	1
AT5TE77640	2150.30926984771	1756.22360691771	0.283926586046338	0.323655333714115	1
AT5TE77650	0	0	0	1	1
AT5TE77700	0	0	0	1	1
AT5TE77730	0	0	0	1	1
AT5TE77735	150.841932321607	166.140951228022	-0.0635286010535907	1	1
AT5TE77740	0	0	0	1	1
AT5TE77745	0	0	0	1	1
AT5TE77750	0	0	0	1	1
AT5TE77755	0	0	0	1	1
AT5TE77920	0	0	0	1	1
AT5TE77925	0	0	0	1	1
AT5TE78040	0	0	0	1	1
AT5TE78045	0	0	0	1	1
AT5TE78050	0	0	0	1	1
AT5TE78055	0	0	0	1	1
AT5TE78060	0	0	0	1	1
AT5TE78080	180.998702759846	266.483505930094	-0.456168159606124	1	1
AT5TE78150	0	0	0	1	1
AT5TE78155	0	0	0	1	1
AT5TE78160	33.8696785513645	0	2.29417294219239	0.999999999999996	1
AT5TE78165	0	0	0	1	1
AT5TE78210	0	0	0	1	1
AT5TE78215	2093.15717241497	2161.01506332664	-0.0517701326216496	0.890793560238328	1
AT5TE78250	20.248434399197	0	2.29434778175207	1	1
AT5TE78300	0	0	0	1	1
AT5TE78310	0	0	0	1	1
AT5TE78420	12.6918021801152	0	2.29434778175855	1	1
AT5TE78430	0	0	0	1	1
AT5TE78435	0	0	0	1	1
AT5TE78440	0	0	0	1	1
AT5TE78445	0	0	0	1	1
AT5TE78450	0	0	0	1	1
AT5TE78455	0	0	0	1	1
AT5TE78460	0	0	0	1	1
AT5TE78465	0	0	0	1	1
AT5TE78480	0	0	0	1	1
AT5TE78540	0	0	0	1	1
AT5TE78545	0	0	0	1	1
AT5TE78550	0	0	0	1	1
AT5TE78560	304.990654967945	1028.38855790456	-1.69833552163499	0.0308304388201664	1
AT5TE78565	0	40.5515992864573	-3.20159067695335	0.501870135197086	1
AT5TE78575	0	0	0	1	1
AT5TE78580	0	0	0	1	1
AT5TE78640	0	0	0	1	1
AT5TE78645	0	0	0	1	1
AT5TE78655	0	0	0	1	1
AT5TE78660	0	0	0	1	1
AT5TE78665	0	0	0	1	1
AT5TE78670	0	0	0	1	1
AT5TE78675	0	0	0	1	1
AT5TE78680	0	0	0	1	1
AT5TE78685	0	0	0	1	1
AT5TE78690	0	0	0	1	1
AT5TE78710	0	0	0	1	1
AT5TE78740	0	0	0	1	1
AT5TE78770	0	0	0	1	1
AT5TE78775	0	0	0	1	1
AT5TE78780	5183.44836050515	7142.14580596188	-0.461796257461772	0.133981832978203	1
AT5TE78820	0	0	0	1	1
AT5TE78825	0	0	0	1	1
AT5TE78840	0	0	0	1	1
AT5TE78845	794.065681688246	758.717016893946	0.0859388905545204	1	1
AT5TE78855	0	0	0	1	1
AT5TE78860	0	0	0	1	1
AT5TE78950	0	0	0	1	1
AT5TE78955	26.0515917229214	13.0621502112411	0.789215372114875	1	1
AT5TE78960	0	0	0	1	1
AT5TE78965	0	0	0	1	1
AT5TE78970	0	0	0	1	1
AT5TE78980	0	0	0	1	1
AT5TE78985	0	0	0	1	1
AT5TE78990	0	0	0	1	1
AT5TE79110	0	0	0	1	1
AT5TE79210	0	0	0	1	1
AT5TE79215	0	0	0	1	1
AT5TE79225	0	0	0	1	1
AT5TE79235	0	0	0	1	1
AT5TE79260	0	0	0	1	1
AT5TE79265	0	0	0	1	1
AT5TE79270	0	0	0	1	1
AT5TE79440	0	0	0	1	1
AT5TE79445	0	0	0	1	1
AT5TE79530	0	0	0	1	1
AT5TE79535	0	0	0	1	1
AT5TE79540	0	0	0	1	1
AT5TE79640	0	0	0	1	1
AT5TE79650	6769.02146393182	9276.27842382737	-0.457534841227606	0.124781635670773	1
AT5TE79680	0	6.40829383308083	-2.35098259477538	1	1
AT5TE79720	0	0	0	1	1
AT5TE79725	0	0	0	1	1
AT5TE79730	0	0	0	1	1
AT5TE79735	0	0	0	1	1
AT5TE79740	0	0	0	1	1
AT5TE79770	0	0	0	1	1
AT5TE79780	0	0	0	1	1
AT5TE79785	0	15.6678988467317	-2.34990267494962	1	1
AT5TE79820	0	0	0	1	1
AT5TE79930	0	0	0	1	1
AT5TE79935	0	0	0	1	1
AT5TE80010	0	0	0	1	1
AT5TE80015	0	0	0	1	1
AT5TE80020	0	0	0	1	1
AT5TE80100	76.3103629438615	113.496835638809	-0.56706126906802	0.637458382941283	1
AT5TE80110	0	0	0	1	1
AT5TE80115	0	0	0	1	1
AT5TE80120	6302.82560707026	6674.35949274726	-0.0860538780014076	0.731810298124815	1
AT5TE80140	0	0	0	1	1
AT5TE80145	0	0	0	1	1
AT5TE80155	0	0	0	1	1
AT5TE80340	59.5684872984268	88.4634364182729	-0.533583307679038	0.778583469598271	1
AT5TE80350	0	35.2077497073108	-2.34990267482992	1	1
AT5TE80370	3065.92801745135	3180.57661693409	-0.0579246761036883	0.811736456170469	1
AT5TE80380	0	0	0	1	1
AT5TE80385	0	0	0	1	1
AT5TE80390	0	0	0	1	1
AT5TE80440	20364.4346267224	17477.082622083	0.220377440135515	0.0634086938071385	1
AT5TE80445	0	0	0	1	1
AT5TE80450	0	0	0	1	1
AT5TE80455	0	0	0	1	1
AT5TE80460	0	0	0	1	1
AT5TE80510	0	0	0	1	1
AT5TE80550	0	0	0	1	1
AT5TE80740	110.059749014086	135.274517538872	-0.303921668061143	0.843929928947933	1
AT5TE80860	0	0	0	1	1
AT5TE80865	0	0	0	1	1
AT5TE80870	0	0	0	1	1
AT5TE80970	0	0	0	1	1
AT5TE80975	0	0	0	1	1
AT5TE81000	159.544012123533	0	2.29417294218058	1	1
AT5TE81005	0	6.40810507225113	-2.34990267471021	1	1
AT5TE81015	0	0	0	1	1
AT5TE81025	0	0	0	1	1
AT5TE81030	0	0	0	1	1
AT5TE81035	0	0	0	1	1
AT5TE81040	0	0	0	1	1
AT5TE81045	0	0	0	1	1
AT5TE81055	0	0	0	1	1
AT5TE81090	0	0	0	1	1
AT5TE81100	7.9043969500577	0	2.29417294216876	0.999999999999996	1
AT5TE81105	0	0	0	1	1
AT5TE81110	4510.57682599227	4417.95468284724	0.0285785255806462	0.940463882141809	1
AT5TE81210	0	0	0	1	1
AT5TE81380	0	0	0	1	1
AT5TE81385	0	0	0	1	1
AT5TE81390	0	0	0	1	1
AT5TE81395	0	0	0	1	1
AT5TE81400	0	0	0	1	1
AT5TE81420	386.815170008548	206.142794721493	0.876938601949198	0.514797947032356	1
AT5TE81425	174.312024222566	229.825868206422	-0.402194830093145	0.0732930232963965	1
AT5TE81510	5834.31432901471	5872.6800242778	-0.00666410755044123	0.978570502582128	1
AT5TE81560	0	0	0	1	1
AT5TE81570	0	0	0	1	1
AT5TE81575	0	0	0	1	1
AT5TE81580	0	0	0	1	1
AT5TE81585	0	0	0	1	1
AT5TE81595	364.189489207812	233.13768450645	0.625614361258429	0.730248279695811	1
AT5TE81600	0	0	0	1	1
AT5TE81680	0	0	0	1	1
AT5TE81770	0	0	0	1	1
AT5TE81775	5053.53993720653	5650.55563937424	-0.15971529150727	0.394026020501832	1
AT5TE81830	0	0	0	1	1
AT5TE81840	0	0	0	1	1
AT5TE81845	0	0	0	1	1
AT5TE81850	319.392200772644	181.588966982693	0.75075761819564	0.435171063939358	1
AT5TE81910	0	0	0	1	1
AT5TE81915	0	0	0	1	1
AT5TE81950	0	0	0	1	1
AT5TE82010	0	0	0	1	1
AT5TE82015	0	0	0	1	1
AT5TE82020	0	0	0	1	1
AT5TE82025	0	0	0	1	1
AT5TE82040	0	0	0	1	1
AT5TE82045	0	0	0	1	1
AT5TE82050	0	0	0	1	1
AT5TE82140	0	0	0	1	1
AT5TE82145	0	0	0	1	1
AT5TE82150	0	0	0	1	1
AT5TE82155	0	0	0	1	1
AT5TE82170	0	0	0	1	1
AT5TE82190	0	0	0	1	1
AT5TE82300	0	0	0	1	1
AT5TE82305	0	0	0	1	1
AT5TE82310	0	0	0	1	1
AT5TE82430	0	0	0	1	1
AT5TE82580	0	0	0	1	1
AT5TE82585	12.3604900750118	0	3.13933726192416	0.502159008212895	1
AT5TE82660	0	27.7281944700613	-3.73545568659014	0.253985027388584	1
AT5TE82670	29.1371936042531	45.2647188144969	-0.632368734681829	0.615870173589885	1
AT5TE82740	0	26.8611118751891	-3.2027674118876	0.502192432617119	1
AT5TE82820	0	0	0	1	1
AT5TE82825	0	0	0	1	1
AT5TE82850	14258.7667306495	11205.835748161	0.347417396609281	0.0463129944064834	1
AT5TE82855	9802.41269343861	8752.34846677754	0.168101401120954	0.855147960528971	1
AT5TE82870	0	0	0	1	1
AT5TE82900	0	0	0	1	1
AT5TE82905	0	0	0	1	1
AT5TE82910	0	0	0	1	1
AT5TE83040	0	0	0	1	1
AT5TE83100	1916.57984596865	1032.34676411107	0.883894124018994	0.000225093502405668	0.585036770544198
AT5TE83180	9922.44376242471	9781.26474032681	0.0212789728200296	0.851674552643223	1
AT5TE83185	4683.64199858589	6019.01859029867	-0.353547247301326	0.315771580319428	1
AT5TE83195	0	0	0	1	1
AT5TE83200	0	0	0	1	1
AT5TE83205	0	0	0	1	1
AT5TE83215	0	0	0	1	1
AT5TE83225	128.240084528248	306.167772880765	-1.22185253665704	0.35555964930963	1
AT5TE83290	0	0	0	1	1
AT5TE83380	0	0	0	1	1
AT5TE83560	0	0	0	1	1
AT5TE83570	0	0	0	1	1
AT5TE83600	0	0	0	1	1
AT5TE83620	254.442457709123	383.664932220801	-0.586406581631898	0.542105429073982	1
AT5TE83625	0	0	0	1	1
AT5TE83710	0	0	0	1	1
AT5TE83715	0	0	0	1	1
AT5TE83720	0	0	0	1	1
AT5TE83725	0	0	0	1	1
AT5TE83750	0	0	0	1	1
AT5TE83755	0	0	0	1	1
AT5TE83780	6485.56742833533	6336.79658089321	0.0400513402976707	0.962322143205993	1
AT5TE83810	0	0	0	1	1
AT5TE83815	0	0	0	1	1
AT5TE83860	0	0	0	1	1
AT5TE83865	0	0	0	1	1
AT5TE83890	0	0	0	1	1
AT5TE84110	0	0	0	1	1
AT5TE84160	0	8.84004105205206	-2.34990267459051	0.999999999999999	1
AT5TE84250	0	0	0	1	1
AT5TE84440	918.130374188739	739.572310187322	0.305242904914176	0.568404093370146	1
AT5TE84560	0	0	0	1	1
AT5TE84580	1201.48172504436	1262.86954436815	-0.0696542458962976	0.893050489469404	1
AT5TE84790	4021.62376690618	4038.45692425643	-0.00574420399753552	1	1
AT5TE84820	0	0	0	1	1
AT5TE84825	0	0	0	1	1
AT5TE84830	0	0	0	1	1
AT5TE84835	0	0	0	1	1
AT5TE84860	10454.6332380138	12733.7734454137	-0.284870925351572	0.228712504339408	1
AT5TE84940	0	0	0	1	1
AT5TE84945	0	0	0	1	1
AT5TE85020	8270.13558404099	9175.51987553621	-0.150718959235602	0.500104822170887	1
AT5TE85070	0	0	0	1	1
AT5TE85090	113.475344043656	57.8394487426355	0.899859191621521	0.320365299395008	1
AT5TE85095	0	0	0	1	1
AT5TE85110	331.511581486897	276.178629454158	0.245399670230067	0.819404325678242	1
AT5TE85420	0	0	0	1	1
AT5TE85460	0	0	0	1	1
AT5TE85465	0	0	0	1	1
AT5TE85500	0	0	0	1	1
AT5TE85550	0	0	0	1	1
AT5TE85690	0	0	0	1	1
AT5TE85750	13.5883533274964	14.8536612025052	-0.0566342429469478	1	1
AT5TE85850	0	0	0	1	1
AT5TE85855	0	0	0	1	1
AT5TE86100	0	0	0	1	1
AT5TE86105	0	0	0	1	1
AT5TE86110	0	0	0	1	1
AT5TE86330	0	0	0	1	1
AT5TE86350	0	0	0	1	1
AT5TE86355	0	0	0	1	1
AT5TE86410	130.541816486592	64.4073733879368	1.02787454854133	0.237871276409842	1
AT5TE86415	0	0	0	1	1
AT5TE86425	0	0	0	1	1
AT5TE86430	0	0	0	1	1
AT5TE86435	0	0	0	1	1
AT5TE86440	0	0	0	1	1
AT5TE86630	0	18.7918664081966	-2.3499026744708	1	1
AT5TE86635	0	0	0	1	1
AT5TE86640	6894.87299146213	9998.58247673316	-0.534808937408623	0.00879626371974171	1
AT5TE86700	0	0	0	1	1
AT5TE86730	0	0	0	1	1
AT5TE86735	0	0	0	1	1
AT5TE86740	0	0	0	1	1
AT5TE86760	0	0	0	1	1
AT5TE86765	0	0	0	1	1
AT5TE86830	0	0	0	1	1
AT5TE86890	0	0	0	1	1
AT5TE86895	0	0	0	1	1
AT5TE87010	0	0	0	1	1
AT5TE87015	0	0	0	1	1
AT5TE87100	0	20.8372396226941	-2.3499026743511	1	1
AT5TE87150	0	0	0	1	1
AT5TE87200	0	0	0	1	1
AT5TE87330	0	0	0	1	1
AT5TE87335	0	0	0	1	1
AT5TE87350	0	0	0	1	1
AT5TE87355	0	0	0	1	1
AT5TE87410	376.531672799933	186.392096486238	1.0036559854314	0.146513439634321	1
AT5TE87415	300.537548635045	476.105813844702	-0.62338510533381	0.75798730712689	1
AT5TE87420	38.4587469394888	21.7120150128926	0.813172419137951	0.423836022783996	1
AT5TE87425	14.7870060016933	40.2938811561117	-1.28943151462732	0.461600201694598	1
AT5TE87430	0	0	0	1	1
AT5TE87435	0	0	0	1	1
AT5TE87440	13.8326383311368	13.7666257282519	-0.0555552183942499	1	1
AT5TE87450	1007.29679085897	821.151449911106	0.273279329427616	0.700314346050058	1
AT5TE87455	0	0	0	1	1
AT5TE87460	0	0	0	1	1
AT5TE87465	0	0	0	1	1
AT5TE87470	0	0	0	1	1
AT5TE87510	22.2892369878465	11.2613022960884	0.789098766206686	0.999999999999999	1
AT5TE87550	2030.03542025153	2298.40689909827	-0.174435014004644	0.735850451553045	1
AT5TE87560	16.6816370118046	0	2.29434778176503	1	1
AT5TE87570	325.081464236237	250.625960589164	0.366107864949165	0.378786573019299	1
AT5TE87575	0	0	0	1	1
AT5TE87580	0	0	0	1	1
AT5TE87650	0	0	0	1	1
AT5TE87680	0	114.900759926972	-4.12209882974465	0.128084426691791	1
AT5TE87710	0	0	0	1	1
AT5TE87720	0	0	0	1	1
AT5TE87870	0	0	0	1	1
AT5TE87920	0	0	0	1	1
AT5TE87925	6.77393571027291	0	2.29417294215694	0.999999999999996	1
AT5TE87930	0	0	0	1	1
AT5TE87970	0	0	0	1	1
AT5TE87975	0	0	0	1	1
AT5TE87980	0	0	0	1	1
AT5TE87985	0	0	0	1	1
AT5TE88040	0	0	0	1	1
AT5TE88045	0	0	0	1	1
AT5TE88070	0	0	0	1	1
AT5TE88075	0	0	0	1	1
AT5TE88080	0	0	0	1	1
AT5TE88180	8.9210493584868	17.7569520262959	-0.906102014817622	1	1
AT5TE88220	0	0	0	1	1
AT5TE88260	0	23.2827284592902	-2.35098259458403	1	1
AT5TE88270	0	0	0	1	1
AT5TE88290	0	0	0	1	1
AT5TE88470	0	0	0	1	1
AT5TE88475	0	0	0	1	1
AT5TE88480	0	0	0	1	1
AT5TE88485	4637.23271660015	4864.60243533462	-0.0737948961378866	0.786154552066334	1
AT5TE88530	84.9560540566696	118.329045966195	-0.476082412395153	0.584936403184531	1
AT5TE88740	4264.51967135795	4544.93486179677	-0.0921283652777504	0.584605418038286	1
AT5TE88745	421.317121312074	475.015690897994	-0.181210649643363	0.999999999999999	1
AT5TE88840	26.9388361372249	28.1287898770393	-0.0622704856444872	1	1
AT5TE88890	6.78151281956852	6.85251504370478	-0.0557300303824938	1	1
AT5TE88895	0	0	0	1	1
AT5TE88960	0	0	0	1	1
AT5TE88965	0	0	0	1	1
AT5TE89130	0	0	0	1	1
AT5TE89320	0	0	0	1	1
AT5TE89325	0	0	0	1	1
AT5TE89330	0	0	0	1	1
AT5TE89335	0	0	0	1	1
AT5TE89340	817.641487758731	408.409896604805	0.854581003924302	0.691452860593598	1
AT5TE89520	0	73.9418519201634	-2.35098259439269	0.999999999999995	1
AT5TE89530	0	269.281250508663	-4.11755515070027	0.130168366618119	1
AT5TE89630	0	0	0	1	1
AT5TE89690	0	0	0	1	1
AT5TE89760	0	0	0	1	1
AT5TE89770	0	0	0	1	1
AT5TE89775	0	0	0	1	1
AT5TE89930	20.6917148829155	64.7815884739899	-1.43865786625478	0.627776378754976	1
AT5TE90130	0	0	0	1	1
AT5TE90135	0	0	0	1	1
AT5TE90145	20692.48913231	20428.8193525787	0.0167687676777054	0.867456099107503	1
AT5TE90220	0	0	0	1	1
AT5TE90240	0	0	0	1	1
AT5TE90280	785.859916524704	1084.82736945733	-0.450217789097211	0.597895243448074	1
AT5TE90460	0	0	0	1	1
AT5TE90465	0	0	0	1	1
AT5TE90570	0	0	0	1	1
AT5TE90580	0	0	0	1	1
AT5TE90585	0	0	0	1	1
AT5TE90620	847.406361869183	1087.63289311638	-0.35483522522805	0.0904258516692852	1
AT5TE90660	35.8304883227277	57.4298108461637	-0.594652336814186	1	1
AT5TE90710	16.7269675471627	0	3.13933725990777	0.502158984702523	1
AT5TE90740	0	0	0	1	1
AT5TE90745	18.8268475579242	20.1684505649246	-0.0654110442229133	1	1
AT5TE90870	0	0	0	1	1
AT5TE90875	5.41382942599463	0	2.29434778177151	0.999999999999994	1
AT5TE90880	0	0	0	1	1
AT5TE91020	0	0	0	1	1
AT5TE91030	0	0	0	1	1
AT5TE91035	0	107.476288580212	-2.34990267423139	0.999999999999996	1
AT5TE91210	0	0	0	1	1
AT5TE91215	0	0	0	1	1
AT5TE91220	0	0	0	1	1
AT5TE91225	0	0	0	1	1
AT5TE91270	5938.37513277476	4761.09507693298	0.311702331066376	0.313502671590136	1
AT5TE91490	3393.64004064575	3644.96652399638	-0.103349895437903	0.723631078767823	1
AT5TE91520	0	0	0	1	1
AT5TE91530	2246.81153248036	2061.53220193044	0.118513469229322	0.756045118963958	1
AT5TE91535	3338.91813737104	4083.92370857305	-0.29510553678987	0.399041123168727	1
AT5TE91610	0	0	0	1	1
AT5TE91615	0	0	0	1	1
AT5TE91620	0	0	0	1	1
AT5TE91625	0	0	0	1	1
AT5TE91660	871.070258491767	1410.48385564379	-0.700063463153728	0.271866437798576	1
AT5TE91680	0	0	0	1	1
AT5TE91760	0	0	0	1	1
AT5TE91765	0	0	0	1	1
AT5TE91830	0	0	0	1	1
AT5TE91835	84.2634242624148	21.1246498243865	1.70489866648218	0.379424411930692	1
AT5TE91840	8.17071760201382	9.06834032983137	-0.0568092717680689	1	1
AT5TE91845	0	0	0	1	1
AT5TE91850	0	0	0	1	1
AT5TE92190	0	0	0	1	1
AT5TE92195	0	0	0	1	1
AT5TE92290	0	0	0	1	1
AT5TE92320	0	0	0	1	1
AT5TE92325	0	0	0	1	1
AT5TE92330	0	0	0	1	1
AT5TE92340	18.6679855126817	19.1804078471743	-0.0652242500034998	1	1
AT5TE92530	7051.9813271688	7471.23269415521	-0.0856811142423309	0.593541301634594	1
AT5TE92730	2003.53728043901	2433.16828520812	-0.275670463838395	0.618627810806384	1
AT5TE92735	22.2937426570054	63.4414487449885	-1.41153309999328	0.235543684293348	1
AT5TE92740	0	0	0	1	1
AT5TE92940	0	0	0	1	1
AT5TE93010	0	0	0	1	1
AT5TE93015	0	0	0	1	1
AT5TE93020	0	0	0	1	1
AT5TE93025	0	0	0	1	1
AT5TE93030	0	0	0	1	1
AT5TE93040	0	0	0	1	1
AT5TE93050	0	0	0	1	1
AT5TE93055	0	0	0	1	1
AT5TE93060	0	17.4534143848207	-2.34990267411168	1	1
AT5TE93065	0	7.89754521682497	-2.35098259420134	1	1
AT5TE93070	0	0	0	1	1
AT5TE93075	230.144060890546	175.492927970061	0.379356871951663	0.661318885156145	1
AT5TE93170	60.6267246069425	0	2.29417294214512	1	1
AT5TE93175	0	48.4175403909866	-4.12100778046805	0.127662545527374	1
AT5TE93210	0	0	0	1	1
AT5TE93215	0	0	0	1	1
AT5TE93220	0	0	0	1	1
AT5TE93290	146.560096603712	320.414691654042	-0.908407332018875	1	1
AT5TE93295	121.872459858296	22.4290284157829	2.25949049007584	0.129929583681121	1
AT5TE93305	2659.15744729335	2448.49214216797	0.121203829251548	0.831274416809596	1
AT5TE93315	0	0	0	1	1
AT5TE93325	0	0	0	1	1
AT5TE93330	0	0	0	1	1
AT5TE93335	0	0	0	1	1
AT5TE93340	0	0	0	1	1
AT5TE93370	8246.25571497639	11467.8733885594	-0.475325616004659	0.00157740666432095	1
AT5TE93410	0	0	0	1	1
AT5TE93510	2414.00752579135	2695.53667453371	-0.158606268939558	0.703968409657683	1
AT5TE93580	0	74.7091274277083	-2.34990267399198	0.999999999999999	1
AT5TE93630	0	0	0	1	1
AT5TE93635	0	0	0	1	1
AT5TE93640	0	0	0	1	1
AT5TE93840	70.5609896795323	172.038424844314	-1.19556730302434	0.295611536368802	1
AT5TE93845	0	0	0	1	1
AT5TE93850	0	0	0	1	1
AT5TE93855	0	0	0	1	1
AT5TE93860	0	0	0	1	1
AT5TE93865	0	0	0	1	1
AT5TE93870	0	0	0	1	1
AT5TE93875	0	0	0	1	1
AT5TE93960	0	0	0	1	1
AT5TE94030	0	0	0	1	1
AT5TE94035	0	0	0	1	1
AT5TE94040	0	21.8595841180092	-4.11755556721615	0.130167691233786	1
AT5TE94050	0	0	0	1	1
AT5TE94130	0	0	0	1	1
AT5TE94135	15.5852762485713	0	2.2941729421333	1	1
AT5TE94190	0	0	0	1	1
AT5TE94250	8537.26845221048	8097.26556433351	0.0813992536500572	0.751429617322281	1
AT5TE94370	0	0	0	1	1
AT5TE94375	0	0	0	1	1
AT5TE94380	0	0	0	1	1
AT5TE94410	44.578473975693	0	2.29417294212148	1	1
AT5TE94550	0	0	0	1	1
AT5TE94555	0	0	0	1	1
AT5TE94610	0	575.987220545348	-3.73383315969565	0.252838940027386	1
AT5TE94615	142.359891458706	75.1746021860056	0.853108398745961	0.6909677326133	1
AT5TE94620	120.03377683808	153.824690425579	-0.35647899893414	0.392050808191009	1
AT5TE94625	0	0	0	1	1
AT5TE94660	143.56142649341	64.7862402902188	1.1528768331983	0.155951421490858	1
AT5TE95120	0	0	0	1	1
AT5TE95125	14.0216948914713	29.2821343366901	-0.907248755360368	1	1
AT5TE95130	61.5552405735589	61.2614844907208	-0.0610240426989135	1	1
AT5TE95135	0	0	0	1	1
AT5TE95310	0	0	0	1	1
AT5TE95380	0	0	0	1	1
AT5TE95430	1271.58753301504	1909.13717432777	-0.579183524461038	0.182677096598544	1
AT5TE95740	0	0	0	1	1
AT5TE95745	80.5908964429657	93.2234960582828	-0.200120208129515	0.669954422541038	1
AT5TE95830	0	97.8151450679431	-4.12209882580936	0.128084416059727	1
AT5TE95835	121.122965970919	131.187642564418	-0.0934675389059801	1	1
AT5TE95845	203.944547455421	213.831193160253	-0.0676851516732971	1	1
AT5TE95880	8.00458264935746	0	2.29434778177799	1	1
AT5TE95920	0	0	0	1	1
AT5TE96080	0	0	0	1	1
AT5TE96085	0	0	0	1	1
AT5TE96170	0	0	0	1	1
AT5TE96330	0	0	0	1	1
AT5TE96335	0	0	0	1	1
AT5TE96480	0	0	0	1	1
AT5TE96485	0	0	0	1	1
AT5TE96490	0	0	0	1	1
AT5TE96580	0	0	0	1	1
AT5TE96650	0	0	0	1	1
AT5TE96655	41.8811456270305	20.663528798006	1.02787515014368	0.23786679689759	1
AT5TE96660	1932.27534181309	1663.19507240837	0.21864216925741	0.638047166043851	1
AT5TE96670	13.5157041128873	0	3.13915052794205	0.501873024448463	1
AT5TE96750	3270.43745511537	2706.25488656804	0.268390767197001	0.142510998338526	1
AT5TE96755	4947.67124770272	5480.53108040951	-0.150125145922496	1	1
AT5TE96830	73.2928451667625	51.6259316217147	0.497067791963414	0.62064882186411	1
AT5TE96835	3686.48013280969	5242.88695973296	-0.511388510456795	0.135564030166541	1
AT5TE96870	0	0	0	1	1
AT5TE96875	0	0	0	1	1
AT5TE96880	0	0	0	1	1
AT5TE96885	0	0	0	1	1
AT5TE97000	0	0	0	1	1
AT5TE97150	98.2769496800527	51.7645247267394	0.902562496449531	0.249924898359117	1
